prompt_clean,prompt_corrupted,io_name,s_name,distractor_name,template_type,template_idx,place,object_noun,io_token_id,s_token_id,prompt_type,logit_io,logit_s,logit_diff,prob_io,prob_s,is_correct,rank_io,top_1_prediction,top_k_predictions,top_k_logits
"When David and Henry visited the restaurant, Henry handed the letter to","When David and Harry visited the restaurant, Harry handed the letter to",David,Henry,Harry,ABB,1,the restaurant,letter,3271,8616,clean,15.092305,13.17704,1.915265,0.2053335,0.03024619,True,1,David,David | the | his | a | them,15.0923 | 14.9083 | 14.0141 | 13.7023 | 13.6447
"While Bob and Kate were at the gym, Bob delivered the map to","While Carol and Kate were at the gym, Carol delivered the map to",Kate,Bob,Carol,BAB,5,the gym,map,16693,5811,clean,15.87927,12.782574,3.096696,0.33317986,0.01505916,True,1,Kate,Kate | the | his | them | her,15.8793 | 14.7417 | 14.2704 | 13.7345 | 13.5850
"When Isla and Ella arrived at the hospital, Ella passed the wallet to","When Isla and Wendy arrived at the hospital, Wendy passed the wallet to",Isla,Ella,Wendy,ABB,2,the hospital,wallet,1148,7122,clean,11.35209,12.453295,-1.101205,0.00832796,0.02504873,False,9,her,her | the | a | Ell | their,14.1081 | 14.0776 | 12.8946 | 12.4533 | 12.0566
"When Clara and Kate went to the museum, Clara gave the package to","When Derek and Kate went to the museum, Derek gave the package to",Kate,Clara,Derek,BAB,0,the museum,package,16693,27443,clean,17.429018,13.007337,4.421681,0.6151036,0.00738986,True,1,Kate,Kate | her | the | them | a,17.4290 | 15.5009 | 15.0823 | 13.9221 | 13.7387
"After Grace and Victor left the school, Victor sent the card to","After Grace and Sam left the school, Sam sent the card to",Grace,Victor,Sam,ABB,3,the school,card,16156,12622,clean,15.110701,12.345379,2.765322,0.24496345,0.01542188,True,1,Grace,Grace | her | his | the | a,15.1107 | 14.0978 | 13.8668 | 13.8281 | 12.4107
"When Kate and Clara went to the hospital, Kate gave the phone to","When Olivia and Clara went to the hospital, Olivia gave the phone to",Clara,Kate,Olivia,BAB,0,the hospital,phone,27443,16693,clean,15.384129,11.106884,4.277245,0.23123835,0.00320979,True,1,Clara,Clara | her | the | a | Claire,15.3841 | 14.9898 | 14.4867 | 13.8669 | 12.3053
"As Xander and Isla walked through the station, Xander offered the ticket to","As Carol and Isla walked through the station, Carol offered the ticket to",Isla,Xander,Carol,BAB,6,the station,ticket,1148,46122,clean,13.975134,14.466599,-0.491466,0.0701907,0.11474145,False,3,the,the | Xander | Is | them | his,14.9603 | 14.4666 | 13.9751 | 13.5023 | 13.3380
"After Emma and Victor left the gym, Emma sent the bag to","After Liam and Victor left the gym, Liam sent the bag to",Victor,Emma,Liam,BAB,3,the gym,bag,12622,18966,clean,15.412078,13.308573,2.103505,0.26817721,0.03272512,True,1,Victor,Victor | her | the | Emma | Victoria,15.4121 | 14.6050 | 14.5757 | 13.3086 | 13.0401
"When Isla and Liam visited the station, Liam handed the ticket to","When Isla and Mia visited the station, Mia handed the ticket to",Isla,Liam,Mia,ABB,1,the station,ticket,1148,31684,clean,13.611208,12.175811,1.435397,0.0795149,0.0189262,True,2,the,the | Is | them | a | his,14.4286 | 13.6112 | 13.3852 | 12.8496 | 12.3480
"When Noah and Emma arrived at the theater, Emma passed the letter to","When Noah and Olivia arrived at the theater, Olivia passed the letter to",Noah,Emma,Olivia,ABB,2,the theater,letter,18394,18966,clean,16.700979,13.347196,3.353784,0.59226698,0.02070083,True,1,Noah,Noah | her | the | them | Emma,16.7010 | 14.5302 | 14.2762 | 13.3538 | 13.3472
"When Victor and Emma visited the restaurant, Emma handed the phone to","When Victor and Gina visited the restaurant, Gina handed the phone to",Victor,Emma,Gina,ABB,1,the restaurant,phone,12622,18966,clean,17.4604,11.343964,6.116436,0.70117587,0.00154701,True,1,Victor,Victor | the | her | him | a,17.4604 | 14.8951 | 14.2755 | 13.8622 | 13.4438
"Once Carol and Ella were at the theater, Carol brought the gift to","Once Isla and Ella were at the theater, Isla brought the gift to",Ella,Carol,Isla,BAB,4,the theater,gift,7122,5074,clean,14.625889,12.339836,2.286053,0.12740038,0.01295241,True,2,her,her | Ell | the | them | a,15.2627 | 14.6259 | 14.4120 | 13.4923 | 13.1669
"When Bob and David visited the library, David handed the wallet to","When Bob and Victor visited the library, Victor handed the wallet to",Bob,David,Victor,ABB,1,the library,wallet,5811,3271,clean,16.158369,12.343064,3.815305,0.30732378,0.00677065,True,1,Bob,Bob | the | his | them | a,16.1584 | 15.0407 | 14.4927 | 14.4342 | 14.2685
"After Mia and Yara left the office, Yara sent the letter to","After Mia and Fred left the office, Fred sent the letter to",Mia,Yara,Fred,ABB,3,the office,letter,32189,575,clean,13.650721,13.465187,0.185534,0.10534143,0.08750302,True,2,the,the | Mia | her | Y | his,13.6783 | 13.6507 | 13.4823 | 13.4652 | 11.8985
"When Clara and Carol went to the office, Carol gave the wallet to","When Clara and Iris went to the office, Iris gave the wallet to",Clara,Carol,Iris,ABB,0,the office,wallet,27443,5074,clean,15.969454,12.774703,3.194751,0.35097638,0.01438187,True,1,Clara,Clara | her | the | a | them,15.9695 | 14.6896 | 14.5986 | 13.4635 | 13.3548
"When Grace and Iris visited the hospital, Grace handed the map to","When Bob and Iris visited the hospital, Bob handed the map to",Iris,Grace,Bob,BAB,1,the hospital,map,34230,16156,clean,15.751785,9.321953,6.429832,0.37772021,0.00060916,True,1,Iris,Iris | her | the | them | a,15.7518 | 15.0239 | 14.5873 | 13.4442 | 12.3841
"While Fred and Mia were at the office, Fred delivered the map to","While Paul and Mia were at the office, Paul delivered the map to",Mia,Fred,Paul,BAB,5,the office,map,32189,8559,clean,14.355755,11.679333,2.676422,0.14295359,0.00983648,True,2,the,the | Mia | his | her | a,14.5017 | 14.3558 | 13.6963 | 12.8965 | 12.8243
"After Sam and Olivia left the park, Olivia sent the wallet to","After Sam and Frank left the park, Frank sent the wallet to",Sam,Olivia,Frank,ABB,3,the park,wallet,3409,33911,clean,15.297401,12.777077,2.520325,0.24874155,0.02000715,True,1,Sam,Sam | the | her | a | Olivia,15.2974 | 14.2629 | 14.2289 | 13.1644 | 12.7771
"When Alice and Fred went to the cafe, Alice gave the ticket to","When Isla and Fred went to the cafe, Isla gave the ticket to",Fred,Alice,Isla,BAB,0,the cafe,ticket,8559,14862,clean,17.129822,13.692677,3.437145,0.63361079,0.02037461,True,1,Fred,Fred | the | her | them | Alice,17.1298 | 15.1456 | 14.0143 | 13.7310 | 13.6927
"After David and Sam left the museum, David sent the wallet to","After Yara and Sam left the museum, Yara sent the wallet to",Sam,David,Yara,BAB,3,the museum,wallet,3409,3271,clean,14.569119,12.100557,2.468562,0.13978945,0.01184108,True,2,his,his | Sam | the | a | him,14.7254 | 14.5691 | 14.3503 | 13.6617 | 12.3381
"As Isla and Rose walked through the office, Isla offered the pen to","As David and Rose walked through the office, David offered the pen to",Rose,Isla,David,BAB,6,the office,pen,8049,1148,clean,15.337082,9.856025,5.481057,0.43321595,0.00180431,True,1,Rose,Rose | her | the | a | his,15.3371 | 14.2489 | 13.7738 | 12.7519 | 12.5967
"After Liam and David left the gym, David sent the package to","After Liam and Quinn left the gym, Quinn sent the package to",Liam,David,Quinn,ABB,3,the gym,package,31684,3271,clean,15.078722,11.138011,3.940711,0.19527803,0.00379511,True,1,Liam,Liam | his | the | him | their,15.0787 | 14.9792 | 14.2051 | 13.4973 | 12.9888
"When Ella and Noah visited the store, Ella handed the book to","When Victor and Noah visited the store, Victor handed the book to",Noah,Ella,Victor,BAB,1,the store,book,18394,7122,clean,17.952374,10.077641,7.874732,0.82819748,0.00031491,True,1,Noah,Noah | the | her | them | a,17.9524 | 14.8784 | 14.6805 | 13.6504 | 13.2795
"While Liam and Isla were at the market, Liam delivered the jacket to","While Bob and Isla were at the market, Bob delivered the jacket to",Isla,Liam,Bob,BAB,5,the market,jacket,1148,31684,clean,16.134556,12.943102,3.191454,0.56243134,0.02312271,True,1,Is,Is | his | the | Liam | a,16.1346 | 13.8885 | 13.8660 | 12.9431 | 12.8162
"When Quinn and Rose visited the library, Quinn handed the card to","When Tara and Rose visited the library, Tara handed the card to",Rose,Quinn,Tara,BAB,1,the library,card,8049,16109,clean,17.190559,13.150185,4.040375,0.65675098,0.01155283,True,1,Rose,Rose | her | the | a | Quinn,17.1906 | 15.4014 | 14.7741 | 13.4128 | 13.1502
"After Amy and Wendy left the school, Amy sent the ticket to","After Quinn and Wendy left the school, Quinn sent the ticket to",Wendy,Amy,Quinn,BAB,3,the school,ticket,28314,14235,clean,16.331614,14.524534,1.807079,0.38861394,0.0637843,True,1,Wendy,Wendy | her | the | Amy | a,16.3316 | 15.2768 | 14.8634 | 14.5245 | 13.4778
"When Jack and Zach visited the station, Zach handed the phone to","When Jack and Emma visited the station, Emma handed the phone to",Jack,Zach,Emma,ABB,1,the station,phone,3619,18825,clean,16.486116,13.424851,3.061265,0.51696086,0.02420846,True,1,Jack,Jack | the | his | Zach | a,16.4861 | 14.3991 | 13.7805 | 13.4249 | 13.1897
"When Xander and Olivia arrived at the mall, Olivia passed the gift to","When Xander and Bob arrived at the mall, Bob passed the gift to",Xander,Olivia,Bob,ABB,2,the mall,gift,46122,33911,clean,16.367336,12.669855,3.697481,0.35014677,0.0086787,True,1,Xander,Xander | her | the | a | his,16.3673 | 15.5407 | 14.8483 | 14.2361 | 14.2056
"While Wendy and Victor were at the school, Wendy delivered the package to","While Iris and Victor were at the school, Iris delivered the package to",Victor,Wendy,Iris,BAB,5,the school,package,12622,28314,clean,15.423316,13.151334,2.271982,0.24988918,0.02576547,True,1,Victor,Victor | her | the | a | their,15.4233 | 15.0781 | 14.9133 | 13.6353 | 13.4531
"Once Tara and Iris were at the station, Tara brought the package to","Once Uma and Iris were at the station, Uma brought the package to",Iris,Tara,Uma,BAB,4,the station,package,34230,37723,clean,14.166384,12.828238,1.338146,0.07070524,0.01854821,True,3,her,her | the | Iris | them | Tara,15.4125 | 15.2486 | 14.1664 | 13.6341 | 12.8282
"Once Emma and Gina were at the hospital, Gina brought the package to","Once Emma and Henry were at the hospital, Henry brought the package to",Emma,Gina,Henry,ABB,4,the hospital,package,18966,43002,clean,15.271546,13.347496,1.92405,0.12976947,0.01894821,True,2,her,her | Emma | the | them | Gina,15.9363 | 15.2715 | 15.2480 | 14.2404 | 13.3475
"After Uma and Derek left the school, Derek sent the package to","After Uma and Clara left the school, Clara sent the package to",Uma,Derek,Clara,ABB,3,the school,package,471,20893,clean,14.516176,13.792777,0.723399,0.13489521,0.06543773,True,2,his,his | U | the | Derek | her,14.7500 | 14.5162 | 14.0184 | 13.7928 | 13.3860
"After Gina and Liam left the store, Gina sent the note to","After Henry and Liam left the store, Henry sent the note to",Liam,Gina,Henry,BAB,3,the store,note,31684,43002,clean,15.78678,11.470469,4.316312,0.37108636,0.00495364,True,1,Liam,Liam | her | the | their | them,15.7868 | 14.7961 | 14.0390 | 13.0913 | 13.0734
"As Mia and David walked through the theater, Mia offered the letter to","As Rose and David walked through the theater, Rose offered the letter to",David,Mia,Rose,BAB,6,the theater,letter,3271,32189,clean,15.394669,13.380828,2.013841,0.26106548,0.03484573,True,1,David,David | the | her | Mia | a,15.3947 | 14.5844 | 14.5126 | 13.3808 | 13.2707
"Once Jack and Derek were at the museum, Derek brought the note to","Once Jack and David were at the museum, David brought the note to",Jack,Derek,David,ABB,4,the museum,note,3619,20893,clean,16.114922,13.017611,3.097311,0.32341406,0.01460878,True,1,Jack,Jack | the | them | his | him,16.1149 | 14.6601 | 14.5893 | 14.4189 | 14.0933
"When Derek and Victor arrived at the restaurant, Victor passed the jacket to","When Derek and Kate arrived at the restaurant, Kate passed the jacket to",Derek,Victor,Kate,ABB,2,the restaurant,jacket,20893,12622,clean,15.850052,13.050021,2.800031,0.3916474,0.02381537,True,1,Derek,Derek | the | his | a | Victor,15.8501 | 14.3858 | 14.0898 | 13.5313 | 13.0500
"When Clara and Wendy went to the station, Clara gave the note to","When Mia and Wendy went to the station, Mia gave the note to",Wendy,Clara,Mia,BAB,0,the station,note,28314,27443,clean,17.363985,12.623549,4.740437,0.69720906,0.00609,True,1,Wendy,Wendy | the | her | a | them,17.3640 | 14.8660 | 14.8436 | 13.1051 | 12.6983
"When Olivia and Grace arrived at the station, Olivia passed the ticket to","When Iris and Grace arrived at the station, Iris passed the ticket to",Grace,Olivia,Iris,BAB,2,the station,ticket,16156,33911,clean,12.392106,11.290241,1.101865,0.02539156,0.00843637,True,4,the,the | her | a | Grace | them,14.4678 | 13.9027 | 13.3799 | 12.3921 | 12.3079
"When Uma and Isla visited the library, Isla handed the package to","When Uma and Frank visited the library, Frank handed the package to",Uma,Isla,Frank,ABB,1,the library,package,471,1148,clean,15.544646,14.42965,1.114996,0.2760841,0.09053256,True,1,U,U | her | Is | the | them,15.5446 | 14.6359 | 14.4297 | 14.3299 | 13.3686
"When Amy and Sam went to the cafe, Amy gave the jacket to","When Frank and Sam went to the cafe, Frank gave the jacket to",Sam,Amy,Frank,BAB,0,the cafe,jacket,3409,14235,clean,17.74291,13.881042,3.861869,0.64428043,0.01354836,True,1,Sam,Sam | her | the | a | them,17.7429 | 15.4912 | 15.2611 | 14.5919 | 14.4962
"When Harry and Carol arrived at the market, Harry passed the phone to","When Henry and Carol arrived at the market, Henry passed the phone to",Carol,Harry,Henry,BAB,2,the market,phone,5074,5850,clean,16.024857,11.181002,4.843855,0.43938369,0.00346086,True,1,Carol,Carol | his | the | a | her,16.0249 | 14.3264 | 14.2712 | 13.6426 | 12.9150
"While Rose and Harry were at the office, Harry delivered the key to","While Rose and Fred were at the office, Fred delivered the key to",Rose,Harry,Fred,ABB,5,the office,key,8049,5850,clean,13.497738,13.753054,-0.255316,0.03634249,0.0469134,False,4,the,the | his | Harry | Rose | Hermione,15.9094 | 14.4500 | 13.7531 | 13.4977 | 13.2028
"After Victor and Isla left the store, Isla sent the package to","After Victor and Derek left the store, Derek sent the package to",Victor,Isla,Derek,ABB,3,the store,package,12622,1148,clean,15.860548,12.17078,3.689768,0.43229684,0.01079782,True,1,Victor,Victor | the | her | his | him,15.8605 | 14.0351 | 13.6697 | 13.3438 | 12.7347
"When Frank and Yara went to the gym, Frank gave the bag to","When Grace and Yara went to the gym, Grace gave the bag to",Yara,Frank,Grace,BAB,0,the gym,bag,575,5278,clean,16.176834,11.778438,4.398396,0.42763901,0.0052587,True,1,Y,Y | the | them | his | a,16.1768 | 14.5369 | 14.2417 | 13.9968 | 13.5777
"When Olivia and Alice visited the store, Olivia handed the ticket to","When Frank and Alice visited the store, Frank handed the ticket to",Alice,Olivia,Frank,BAB,1,the store,ticket,14862,33911,clean,16.700651,11.945312,4.755339,0.46351492,0.00398884,True,1,Alice,Alice | her | the | them | a,16.7007 | 15.2772 | 15.2536 | 14.0158 | 13.7852
"While Isla and Gina were at the park, Isla delivered the wallet to","While Uma and Gina were at the park, Uma delivered the wallet to",Gina,Isla,Uma,BAB,5,the park,wallet,43002,1148,clean,16.536861,12.778624,3.758238,0.61607981,0.01436994,True,1,Gina,Gina | the | her | a | his,16.5369 | 14.5358 | 14.3214 | 13.1833 | 12.7862
"After Yara and Victor left the cafe, Victor sent the bag to","After Yara and Bob left the cafe, Bob sent the bag to",Yara,Victor,Bob,ABB,3,the cafe,bag,575,12622,clean,14.641311,14.016632,0.624679,0.16375117,0.08767786,True,1,Y,Y | the | Victor | his | her,14.6413 | 14.2442 | 14.0166 | 13.6463 | 13.5568
"After Zach and Rose left the hospital, Zach sent the wallet to","After Noah and Rose left the hospital, Noah sent the wallet to",Rose,Zach,Noah,BAB,3,the hospital,wallet,8049,18825,clean,14.828669,11.957053,2.871615,0.20383057,0.01153832,True,1,Rose,Rose | his | the | her | a,14.8287 | 14.7418 | 14.1955 | 13.1420 | 12.8462
"When Noah and Victor visited the office, Victor handed the letter to","When Noah and Fred visited the office, Fred handed the letter to",Noah,Victor,Fred,ABB,1,the office,letter,18394,12622,clean,17.211908,11.732246,5.479662,0.79584527,0.00331926,True,1,Noah,Noah | the | his | him | a,17.2119 | 14.0879 | 12.8921 | 12.5409 | 12.4986
"When Wendy and Frank visited the school, Wendy handed the bag to","When Olivia and Frank visited the school, Olivia handed the bag to",Frank,Wendy,Olivia,BAB,1,the school,bag,5278,28314,clean,16.471096,13.115901,3.355195,0.38255662,0.01335221,True,1,Frank,Frank | her | the | them | their,16.4711 | 15.5184 | 15.4167 | 14.3953 | 14.1712
"While Sam and Xander were at the park, Sam delivered the ticket to","While Tara and Xander were at the park, Tara delivered the ticket to",Xander,Sam,Tara,BAB,5,the park,ticket,46122,3409,clean,14.653195,12.307859,2.345336,0.13579091,0.01301081,True,2,the,the | Xander | his | a | their,15.1256 | 14.6532 | 14.1255 | 13.5185 | 12.6246
"When Gina and Yara visited the park, Gina handed the map to","When Tara and Yara visited the park, Tara handed the map to",Yara,Gina,Tara,BAB,1,the park,map,575,43002,clean,15.648911,11.504793,4.144117,0.2588124,0.0041041,True,1,Y,Y | her | the | them | a,15.6489 | 15.0988 | 14.9023 | 14.6057 | 12.9602
"As Jack and Emma walked through the restaurant, Emma offered the bag to","As Jack and Ella walked through the restaurant, Ella offered the bag to",Jack,Emma,Ella,ABB,6,the restaurant,bag,3619,18966,clean,17.744953,12.84864,4.896313,0.68454355,0.00511634,True,1,Jack,Jack | the | her | them | him,17.7450 | 14.9968 | 14.8938 | 14.8628 | 14.0430
"After Frank and Quinn left the library, Frank sent the bag to","After Isla and Quinn left the library, Isla sent the bag to",Quinn,Frank,Isla,BAB,3,the library,bag,16109,5278,clean,14.485252,12.61706,1.868193,0.1873723,0.02893074,True,1,Quinn,Quinn | the | his | a | Frank,14.4853 | 13.8946 | 13.6299 | 12.9066 | 12.6171
"After Alice and Iris left the gym, Alice sent the card to","After Kate and Iris left the gym, Kate sent the card to",Iris,Alice,Kate,BAB,3,the gym,card,34230,14862,clean,16.23196,12.646705,3.585256,0.51246858,0.01421054,True,1,Iris,Iris | her | the | Alice | a,16.2320 | 14.9873 | 13.8801 | 12.6467 | 11.7684
"After David and Kate left the market, Kate sent the ticket to","After David and Clara left the market, Clara sent the ticket to",David,Kate,Clara,ABB,3,the market,ticket,3271,16693,clean,13.359787,11.514452,1.845335,0.05762945,0.00910386,True,3,the,the | her | David | a | their,14.1721 | 14.0777 | 13.3598 | 13.0710 | 12.2078
"When Rose and Ella went to the gym, Rose gave the map to","When Xander and Ella went to the gym, Xander gave the map to",Ella,Rose,Xander,BAB,0,the gym,map,7122,8049,clean,16.216394,12.601233,3.615162,0.4891291,0.01316372,True,1,Ell,Ell | her | the | them | Rose,16.2164 | 14.7187 | 14.4605 | 13.8644 | 12.6012
"Once Frank and Rose were at the beach, Frank brought the pen to","Once Paul and Rose were at the beach, Paul brought the pen to",Rose,Frank,Paul,BAB,4,the beach,pen,8049,5278,clean,15.506324,12.709217,2.797107,0.23796856,0.01451281,True,1,Rose,Rose | the | his | her | him,15.5063 | 15.0171 | 14.8792 | 13.7810 | 13.6268
"Once Tara and Quinn were at the mall, Quinn brought the ticket to","Once Tara and Xander were at the mall, Xander brought the ticket to",Tara,Quinn,Xander,ABB,4,the mall,ticket,37723,16109,clean,13.872751,12.117437,1.755314,0.06119633,0.01057797,True,3,the,the | her | Tara | them | their,15.3028 | 14.6230 | 13.8728 | 13.2930 | 12.7837
"As Victor and Uma walked through the library, Uma offered the bag to","As Victor and Grace walked through the library, Grace offered the bag to",Victor,Uma,Grace,ABB,6,the library,bag,12622,471,clean,16.916485,14.758713,2.157772,0.60458189,0.069879,True,1,Victor,Victor | U | the | her | them,16.9165 | 14.7587 | 14.2339 | 14.0530 | 13.7521
"As Grace and Jack walked through the hospital, Grace offered the trophy to","As Sam and Jack walked through the hospital, Sam offered the trophy to",Jack,Grace,Sam,BAB,6,the hospital,trophy,3619,16156,clean,15.828924,11.875761,3.953163,0.34467676,0.00661569,True,1,Jack,Jack | the | her | them | a,15.8289 | 14.7155 | 14.5860 | 13.4334 | 13.3315
"While Rose and Noah were at the school, Rose delivered the trophy to","While Liam and Noah were at the school, Liam delivered the trophy to",Noah,Rose,Liam,BAB,5,the school,trophy,18394,8049,clean,15.842297,12.004772,3.837524,0.50520617,0.01088561,True,1,Noah,Noah | the | his | her | a,15.8423 | 14.1689 | 13.3918 | 13.1692 | 13.0773
"Once Brian and Frank were at the restaurant, Frank brought the bag to","Once Brian and Liam were at the restaurant, Liam brought the bag to",Brian,Frank,Liam,ABB,4,the restaurant,bag,8403,5278,clean,14.228815,13.231245,0.99757,0.06634197,0.02446523,True,3,the,the | them | Brian | his | me,15.0916 | 14.3189 | 14.2288 | 14.0259 | 13.9623
"As Sam and Frank walked through the park, Frank offered the note to","As Sam and Olivia walked through the park, Olivia offered the note to",Sam,Frank,Olivia,ABB,6,the park,note,3409,5278,clean,16.465103,13.456888,3.008215,0.46158838,0.02279312,True,1,Sam,Sam | the | his | them | Frank,16.4651 | 14.7533 | 14.1744 | 13.6794 | 13.4569
"As Yara and Zach walked through the theater, Zach offered the letter to","As Yara and Wendy walked through the theater, Wendy offered the letter to",Yara,Zach,Wendy,ABB,6,the theater,letter,575,18825,clean,15.428705,13.51495,1.913755,0.31196102,0.04602215,True,1,Y,Y | the | his | Zach | her,15.4287 | 14.2798 | 13.6956 | 13.5149 | 12.7778
"As Jack and Yara walked through the store, Jack offered the card to","As Liam and Yara walked through the store, Liam offered the card to",Yara,Jack,Liam,BAB,6,the store,card,575,3619,clean,15.901931,12.60468,3.297251,0.35153249,0.01300133,True,1,Y,Y | the | them | his | a,15.9019 | 14.7600 | 14.0631 | 13.8961 | 13.6684
"After Iris and Mia left the park, Iris sent the phone to","After Carol and Mia left the park, Carol sent the phone to",Mia,Iris,Carol,BAB,3,the park,phone,32189,34230,clean,13.374373,13.389574,-0.015201,0.08215117,0.08340946,False,4,her,her | the | Iris | Mia | a,13.9402 | 13.7814 | 13.3896 | 13.3744 | 11.8496
"When Liam and Jack arrived at the library, Liam passed the jacket to","When Gina and Jack arrived at the library, Gina passed the jacket to",Jack,Liam,Gina,BAB,2,the library,jacket,3619,31684,clean,16.110149,12.053015,4.057135,0.30662754,0.0053042,True,1,Jack,Jack | the | his | them | a,16.1101 | 15.1111 | 14.9474 | 14.6238 | 14.3102
"Once Rose and Uma were at the school, Rose brought the gift to","Once Amy and Uma were at the school, Amy brought the gift to",Uma,Rose,Amy,BAB,4,the school,gift,471,8049,clean,15.138535,12.800276,2.338259,0.19680753,0.01899104,True,2,her,her | U | the | them | Rose,15.3964 | 15.1385 | 14.6287 | 13.2406 | 12.8003
"When Sam and Iris went to the cafe, Iris gave the book to","When Sam and Fred went to the cafe, Fred gave the book to",Sam,Iris,Fred,ABB,0,the cafe,book,3409,34230,clean,15.647264,12.438949,3.208315,0.31666157,0.01280094,True,1,Sam,Sam | them | her | the | a,15.6473 | 14.3407 | 14.3148 | 14.3029 | 13.3063
"While Fred and Frank were at the library, Fred delivered the bag to","While Victor and Frank were at the library, Victor delivered the bag to",Frank,Fred,Victor,BAB,5,the library,bag,5278,8559,clean,15.288069,13.333947,1.954122,0.21503709,0.03046837,True,1,Frank,Frank | the | his | a | Fred,15.2881 | 14.7929 | 14.6523 | 14.0315 | 13.3339
"As Gina and Carol walked through the beach, Gina offered the phone to","As Harry and Carol walked through the beach, Harry offered the phone to",Carol,Gina,Harry,BAB,6,the beach,phone,5074,43002,clean,16.121731,13.480091,2.64164,0.33959448,0.02419419,True,1,Carol,Carol | her | the | Gina | me,16.1217 | 15.2341 | 14.5547 | 13.4801 | 13.3765
"When Mia and Gina arrived at the school, Mia passed the book to","When Zach and Gina arrived at the school, Zach passed the book to",Gina,Mia,Zach,BAB,2,the school,book,43002,32189,clean,15.791868,12.96947,2.822398,0.27104577,0.01611724,True,1,Gina,Gina | her | the | a | Mia,15.7919 | 15.6354 | 14.8038 | 14.4706 | 12.9695
"When Ella and David arrived at the theater, Ella passed the pen to","When Harry and David arrived at the theater, Harry passed the pen to",David,Ella,Harry,BAB,2,the theater,pen,3271,7122,clean,15.964149,10.791367,5.172783,0.36711094,0.00208107,True,1,David,David | her | the | a | his,15.9641 | 15.0918 | 14.4704 | 13.8894 | 13.2009
"Once Ella and Clara were at the beach, Clara brought the gift to","Once Ella and Xander were at the beach, Xander brought the gift to",Ella,Clara,Xander,ABB,4,the beach,gift,7122,27443,clean,14.760429,13.750097,1.010332,0.11965793,0.04356722,True,2,her,her | Ell | the | Clara | them,15.1341 | 14.7604 | 14.5936 | 13.7501 | 12.9085
"While David and Kate were at the restaurant, David delivered the jacket to","While Zach and Kate were at the restaurant, Zach delivered the jacket to",Kate,David,Zach,BAB,5,the restaurant,jacket,16693,3271,clean,16.203775,12.632076,3.571699,0.35999241,0.01011869,True,1,Kate,Kate | his | the | a | her,16.2038 | 14.8957 | 14.8914 | 14.4269 | 14.0958
"While Kate and Wendy were at the cafe, Kate delivered the jacket to","While Quinn and Wendy were at the cafe, Quinn delivered the jacket to",Wendy,Kate,Quinn,BAB,5,the cafe,jacket,28314,16693,clean,16.105291,12.72818,3.377111,0.39994818,0.01365661,True,1,Wendy,Wendy | her | the | a | Kate,16.1053 | 15.1458 | 14.6301 | 13.8890 | 12.7282
"When Iris and Quinn arrived at the park, Quinn passed the book to","When Iris and Sam arrived at the park, Sam passed the book to",Iris,Quinn,Sam,ABB,2,the park,book,34230,16109,clean,16.842138,13.145824,3.696314,0.66134065,0.01641105,True,1,Iris,Iris | her | the | Quinn | a,16.8421 | 14.6305 | 14.0750 | 13.1458 | 13.1059
"As Olivia and Henry walked through the library, Henry offered the package to","As Olivia and Mia walked through the library, Mia offered the package to",Olivia,Henry,Mia,ABB,6,the library,package,33911,8616,clean,16.754387,13.408197,3.346189,0.45457634,0.01600941,True,1,Olivia,Olivia | her | the | them | his,16.7544 | 15.2192 | 14.6999 | 14.5991 | 14.1134
"As Zach and Harry walked through the cafe, Zach offered the bag to","As Wendy and Harry walked through the cafe, Wendy offered the bag to",Harry,Zach,Wendy,BAB,6,the cafe,bag,5850,18825,clean,17.388556,9.786572,7.601983,0.69675589,0.000348,True,1,Harry,Harry | the | his | a | them,17.3886 | 15.0276 | 14.3213 | 13.7679 | 13.4032
"When Ella and Fred went to the theater, Ella gave the note to","When Tara and Fred went to the theater, Tara gave the note to",Fred,Ella,Tara,BAB,0,the theater,note,8559,7122,clean,16.812548,11.427208,5.38534,0.57668203,0.0026431,True,1,Fred,Fred | the | her | a | their,16.8125 | 14.9100 | 14.5906 | 13.2275 | 12.9205
"Once Xander and Zach were at the office, Xander brought the pen to","Once Henry and Zach were at the office, Henry brought the pen to",Zach,Xander,Henry,BAB,4,the office,pen,18825,46122,clean,13.974847,14.194797,-0.21995,0.02449637,0.03052283,False,6,his,his | the | him | her | Xander,16.7873 | 15.7576 | 15.1738 | 14.2760 | 14.1948
"While Xander and Emma were at the gym, Emma delivered the book to","While Xander and Gina were at the gym, Gina delivered the book to",Xander,Emma,Gina,ABB,5,the gym,book,46122,18966,clean,16.26705,14.112015,2.155035,0.3229571,0.03743045,True,1,Xander,Xander | her | the | Emma | him,16.2670 | 15.3698 | 14.8849 | 14.1120 | 13.9164
"Once Wendy and Henry were at the museum, Henry brought the card to","Once Wendy and Liam were at the museum, Liam brought the card to",Wendy,Henry,Liam,ABB,4,the museum,card,28314,8616,clean,16.251051,12.912561,3.33849,0.29107189,0.01033029,True,1,Wendy,Wendy | her | the | them | his,16.2511 | 15.3337 | 15.3143 | 14.5319 | 14.1889
"Once Fred and Iris were at the station, Fred brought the book to","Once Alice and Iris were at the station, Alice brought the book to",Iris,Fred,Alice,BAB,4,the station,book,34230,8559,clean,14.584942,11.849974,2.734968,0.10175356,0.00660341,True,2,the,the | Iris | him | them | his,15.0930 | 14.5849 | 14.4883 | 14.2091 | 14.1903
"While Ella and Xander were at the cafe, Xander delivered the card to","While Ella and Grace were at the cafe, Grace delivered the card to",Ella,Xander,Grace,ABB,5,the cafe,card,7122,46122,clean,14.596743,13.59763,0.999113,0.10592118,0.0390008,True,2,the,the | Ell | her | his | Xander,14.6701 | 14.5967 | 14.1388 | 13.9342 | 13.5976
"When Isla and Liam arrived at the station, Isla passed the ticket to","When Wendy and Liam arrived at the station, Wendy passed the ticket to",Liam,Isla,Wendy,BAB,2,the station,ticket,31684,1148,clean,15.078823,8.733913,6.34491,0.34950149,0.00061361,True,1,Liam,Liam | the | a | his | her,15.0788 | 14.1138 | 13.1292 | 12.6700 | 12.4411
"When Paul and Mia arrived at the cafe, Mia passed the bag to","When Paul and Harry arrived at the cafe, Harry passed the bag to",Paul,Mia,Harry,ABB,2,the cafe,bag,3362,32189,clean,16.824413,12.610574,4.21384,0.61925191,0.00915841,True,1,Paul,Paul | the | her | a | them,16.8244 | 14.4651 | 14.4399 | 13.7349 | 13.2792
"When Iris and Ella arrived at the hospital, Ella passed the map to","When Iris and Kate arrived at the hospital, Kate passed the map to",Iris,Ella,Kate,ABB,2,the hospital,map,34230,7122,clean,16.197803,11.382469,4.815334,0.54492992,0.00441639,True,1,Iris,Iris | her | the | them | a,16.1978 | 14.5805 | 13.8986 | 12.7704 | 11.9548
"When David and Rose visited the hospital, David handed the phone to","When Gina and Rose visited the hospital, Gina handed the phone to",Rose,David,Gina,BAB,1,the hospital,phone,8049,3271,clean,16.170706,12.831543,3.339163,0.30219012,0.01071767,True,1,Rose,Rose | his | the | her | a,16.1707 | 15.5848 | 14.9082 | 14.7630 | 14.1942
"When Emma and Carol visited the office, Carol handed the map to","When Emma and Bob visited the office, Bob handed the map to",Emma,Carol,Bob,ABB,1,the office,map,18966,5074,clean,16.61767,12.0956,4.52207,0.39750886,0.00431953,True,1,Emma,Emma | her | the | them | a,16.6177 | 15.4237 | 15.0319 | 14.7276 | 13.3979
"After Bob and Fred left the museum, Bob sent the book to","After Grace and Fred left the museum, Grace sent the book to",Fred,Bob,Grace,BAB,3,the museum,book,8559,5811,clean,15.640835,14.092618,1.548217,0.30515718,0.06488459,True,1,Fred,Fred | his | the | Bob | him,15.6408 | 14.4250 | 14.3079 | 14.0926 | 13.2341
"When Zach and Paul visited the beach, Zach handed the phone to","When Fred and Paul visited the beach, Fred handed the phone to",Paul,Zach,Fred,BAB,1,the beach,phone,3362,18825,clean,15.872417,11.274492,4.597925,0.33525923,0.00337697,True,1,Paul,Paul | the | his | a | him,15.8724 | 14.8165 | 14.7425 | 13.8931 | 13.4000
"When Olivia and Paul arrived at the library, Paul passed the key to","When Olivia and Derek arrived at the library, Derek passed the key to",Olivia,Paul,Derek,ABB,2,the library,key,33911,3362,clean,13.33432,11.478734,1.855586,0.03217424,0.0050308,True,6,the,the | his | a | her | their,16.0823 | 14.1819 | 13.9789 | 13.9560 | 13.9439
"After Iris and Amy left the market, Amy sent the map to","After Iris and Xander left the market, Xander sent the map to",Iris,Amy,Xander,ABB,3,the market,map,34230,14235,clean,15.528837,13.832498,1.69634,0.35798693,0.06563814,True,1,Iris,Iris | her | the | Amy | a,15.5288 | 14.0553 | 13.9368 | 13.8325 | 12.1117
"Once Grace and Wendy were at the station, Wendy brought the letter to","Once Grace and Amy were at the station, Amy brought the letter to",Grace,Wendy,Amy,ABB,4,the station,letter,16156,28314,clean,13.633417,12.209145,1.424273,0.05055225,0.01216709,True,3,the,the | her | Grace | them | me,14.8649 | 14.6730 | 13.6334 | 13.5973 | 13.0161
"When Ella and Bob arrived at the park, Ella passed the note to","When Henry and Bob arrived at the park, Henry passed the note to",Bob,Ella,Henry,BAB,2,the park,note,5811,7122,clean,16.235342,9.941155,6.294187,0.49638531,0.00091683,True,1,Bob,Bob | her | the | them | their,16.2353 | 14.6949 | 14.4135 | 13.1831 | 12.8784
"When Wendy and Yara visited the office, Wendy handed the pen to","When Liam and Yara visited the office, Liam handed the pen to",Yara,Wendy,Liam,BAB,1,the office,pen,575,28314,clean,15.576344,13.377258,2.199085,0.26500341,0.02939009,True,1,Y,Y | her | the | a | Wendy,15.5763 | 15.2072 | 14.5847 | 13.8722 | 13.3773
"When Tara and Grace arrived at the beach, Grace passed the phone to","When Tara and Bob arrived at the beach, Bob passed the phone to",Tara,Grace,Bob,ABB,2,the beach,phone,37723,16156,clean,15.652502,11.371383,4.281119,0.31118056,0.00430275,True,1,Tara,Tara | her | the | a | them,15.6525 | 14.8795 | 14.2395 | 13.8999 | 12.7839
"While Zach and David were at the library, Zach delivered the book to","While Grace and David were at the library, Grace delivered the book to",David,Zach,Grace,BAB,5,the library,book,3271,18825,clean,14.928753,12.401182,2.527571,0.15630007,0.01248099,True,1,David,David | his | the | a | him,14.9288 | 14.8612 | 14.5618 | 14.2647 | 12.8609
"While Fred and Amy were at the restaurant, Fred delivered the package to","While Iris and Amy were at the restaurant, Iris delivered the package to",Amy,Fred,Iris,BAB,5,the restaurant,package,14235,8559,clean,16.833029,10.588907,6.244122,0.52271718,0.00101503,True,1,Amy,Amy | the | his | her | a,16.8330 | 15.2621 | 14.9241 | 14.2259 | 13.6558
"When Henry and Derek visited the theater, Derek handed the package to","When Henry and Emma visited the theater, Emma handed the package to",Henry,Derek,Emma,ABB,1,the theater,package,8616,20893,clean,16.719715,13.934371,2.785344,0.54420638,0.0335818,True,1,Henry,Henry | the | his | them | Derek,16.7197 | 14.7470 | 14.2746 | 13.9702 | 13.9344
"After Kate and David left the mall, Kate sent the pen to","After Grace and David left the mall, Grace sent the pen to",David,Kate,Grace,BAB,3,the mall,pen,3271,16693,clean,13.733349,13.4533,0.280048,0.06178543,0.04669417,True,3,her,her | the | David | Kate | a,15.0433 | 14.1342 | 13.7333 | 13.4533 | 13.2905
"While Mia and Harry were at the store, Mia delivered the phone to","While Bob and Harry were at the store, Bob delivered the phone to",Harry,Mia,Bob,BAB,5,the store,phone,5850,32189,clean,15.678701,10.645298,5.033403,0.29217589,0.00190399,True,1,Harry,Harry | the | her | a | Hermione,15.6787 | 14.6729 | 14.5001 | 13.5310 | 13.1027
"When Grace and Derek arrived at the store, Grace passed the note to","When Iris and Derek arrived at the store, Iris passed the note to",Derek,Grace,Iris,BAB,2,the store,note,20893,16156,clean,15.571615,8.028846,7.542769,0.2996009,0.00015877,True,1,Derek,Derek | her | the | a | them,15.5716 | 15.2514 | 14.4667 | 13.8367 | 13.5078
"As Gina and Bob walked through the market, Bob offered the book to","As Gina and Yara walked through the market, Yara offered the book to",Gina,Bob,Yara,ABB,6,the market,book,43002,5811,clean,17.772089,14.896936,2.875153,0.69778746,0.03936047,True,1,Gina,Gina | Bob | the | her | his,17.7721 | 14.8969 | 14.5772 | 14.2497 | 14.0012
"After Emma and David left the library, David sent the map to","After Emma and Alice left the library, Alice sent the map to",Emma,David,Alice,ABB,3,the library,map,18966,3271,clean,16.750473,12.12192,4.628553,0.51593167,0.00504008,True,1,Emma,Emma | the | her | his | a,16.7505 | 14.5293 | 14.4456 | 14.2905 | 13.0635
"When Fred and Liam visited the museum, Fred handed the jacket to","When Brian and Liam visited the museum, Brian handed the jacket to",Liam,Fred,Brian,BAB,1,the museum,jacket,31684,8559,clean,16.646341,9.396973,7.249369,0.50990188,0.00036235,True,1,Liam,Liam | the | them | his | a,16.6463 | 15.0630 | 14.3963 | 14.2544 | 13.8056
"When Uma and Mia went to the park, Uma gave the letter to","When Gina and Mia went to the park, Gina gave the letter to",Mia,Uma,Gina,BAB,0,the park,letter,32189,471,clean,14.956553,12.847078,2.109474,0.29088807,0.03528523,True,1,Mia,Mia | her | the | his | U,14.9566 | 14.2757 | 14.0915 | 12.8647 | 12.8471
"When Wendy and Jack arrived at the market, Wendy passed the wallet to","When Tara and Jack arrived at the market, Tara passed the wallet to",Jack,Wendy,Tara,BAB,2,the market,wallet,3619,28314,clean,17.015274,12.288065,4.727209,0.57701254,0.00510722,True,1,Jack,Jack | her | the | them | a,17.0153 | 14.9806 | 14.9580 | 14.2016 | 13.9918
"When Liam and Fred arrived at the theater, Fred passed the key to","When Liam and Noah arrived at the theater, Noah passed the key to",Liam,Fred,Noah,ABB,2,the theater,key,31684,8559,clean,10.94748,11.096702,-0.149221,0.00375302,0.00435699,False,11,the,the | his | a | their | an,15.9579 | 13.8938 | 13.8620 | 13.4155 | 12.1176
"As Tara and Derek walked through the mall, Derek offered the gift to","As Tara and Uma walked through the mall, Uma offered the gift to",Tara,Derek,Uma,ABB,6,the mall,gift,37723,20893,clean,16.842567,12.020751,4.821816,0.50300801,0.00405029,True,1,Tara,Tara | his | the | her | them,16.8426 | 14.7819 | 14.7724 | 14.5939 | 14.2665
"When David and Jack went to the library, David gave the gift to","When Isla and Jack went to the library, Isla gave the gift to",Jack,David,Isla,BAB,0,the library,gift,3619,3271,clean,16.091274,11.824695,4.26658,0.33351743,0.00467915,True,1,Jack,Jack | his | the | a | them,16.0913 | 15.2664 | 14.7843 | 14.1778 | 13.7048
"As Ella and Harry walked through the museum, Harry offered the map to","As Ella and Amy walked through the museum, Amy offered the map to",Ella,Harry,Amy,ABB,6,the museum,map,7122,5850,clean,15.224504,15.164666,0.059838,0.15309134,0.14419931,True,1,Ell,Ell | Harry | the | Hermione | her,15.2245 | 15.1647 | 14.9426 | 14.3083 | 14.0636
"When Victor and Frank went to the restaurant, Victor gave the package to","When Clara and Frank went to the restaurant, Clara gave the package to",Frank,Victor,Clara,BAB,0,the restaurant,package,5278,12622,clean,16.739996,11.780542,4.959454,0.57716078,0.0040498,True,1,Frank,Frank | the | his | their | a,16.7400 | 15.0658 | 14.6227 | 13.4086 | 13.3555
"After Zach and Yara left the library, Zach sent the card to","After Bob and Yara left the library, Bob sent the card to",Yara,Zach,Bob,BAB,3,the library,card,575,18825,clean,15.362993,12.877767,2.485227,0.2989009,0.02490044,True,1,Y,Y | his | the | Zach | a,15.3630 | 13.8202 | 13.7742 | 12.8778 | 12.4985
"When Sam and Paul went to the restaurant, Paul gave the letter to","When Sam and Emma went to the restaurant, Emma gave the letter to",Sam,Paul,Emma,ABB,0,the restaurant,letter,3409,3362,clean,15.501167,11.546235,3.954932,0.34398291,0.0065907,True,1,Sam,Sam | the | his | a | them,15.5012 | 14.5166 | 13.7192 | 13.4965 | 13.4155
"Once Amy and Gina were at the park, Amy brought the letter to","Once Jack and Gina were at the park, Jack brought the letter to",Gina,Amy,Jack,BAB,4,the park,letter,43002,14235,clean,16.556707,14.793928,1.762779,0.34548712,0.05927432,True,1,Gina,Gina | her | the | Amy | them,16.5567 | 15.6859 | 14.9631 | 14.7939 | 13.6145
"When Noah and Uma visited the beach, Noah handed the jacket to","When Mia and Uma visited the beach, Mia handed the jacket to",Uma,Noah,Mia,BAB,1,the beach,jacket,471,18394,clean,16.831816,12.594214,4.237601,0.48444679,0.00699647,True,1,U,U | the | his | her | a,16.8318 | 15.3468 | 15.2120 | 14.0245 | 13.8784
"While Victor and Paul were at the market, Victor delivered the trophy to","While Derek and Paul were at the market, Derek delivered the trophy to",Paul,Victor,Derek,BAB,5,the market,trophy,3362,12622,clean,15.178648,12.524799,2.653849,0.39165795,0.02756482,True,1,Paul,Paul | the | his | Victor | a,15.1786 | 13.9625 | 13.7063 | 12.5248 | 12.4698
"When Frank and Bob visited the cafe, Bob handed the letter to","When Frank and Quinn visited the cafe, Quinn handed the letter to",Frank,Bob,Quinn,ABB,1,the cafe,letter,5278,5811,clean,17.018909,13.225853,3.793056,0.63330376,0.01426621,True,1,Frank,Frank | the | his | them | a,17.0189 | 14.8258 | 13.8878 | 13.6300 | 13.4686
"As Rose and Amy walked through the park, Amy offered the ticket to","As Rose and Quinn walked through the park, Quinn offered the ticket to",Rose,Amy,Quinn,ABB,6,the park,ticket,8049,14235,clean,15.201261,15.129651,0.071609,0.16402414,0.15268916,True,1,Rose,Rose | Amy | the | her | a,15.2013 | 15.1297 | 14.9132 | 14.5625 | 13.4048
"While Victor and Quinn were at the school, Quinn delivered the jacket to","While Victor and Fred were at the school, Fred delivered the jacket to",Victor,Quinn,Fred,ABB,5,the school,jacket,12622,16109,clean,15.461126,13.323296,2.137831,0.33175099,0.03911687,True,1,Victor,Victor | the | her | Quinn | a,15.4611 | 14.1268 | 13.5744 | 13.3233 | 13.3034
"When David and Alice arrived at the office, Alice passed the wallet to","When David and Noah arrived at the office, Noah passed the wallet to",David,Alice,Noah,ABB,2,the office,wallet,3271,14862,clean,16.508751,13.535136,2.973615,0.41609254,0.0212699,True,1,David,David | her | the | a | Alice,16.5088 | 15.1933 | 15.0124 | 13.8158 | 13.5351
"When Isla and Zach arrived at the office, Isla passed the jacket to","When Frank and Zach arrived at the office, Frank passed the jacket to",Zach,Isla,Frank,BAB,2,the office,jacket,18825,1148,clean,17.640514,9.931727,7.708787,0.77137393,0.00034624,True,1,Zach,Zach | the | his | her | a,17.6405 | 14.5956 | 13.9698 | 13.7653 | 13.7376
"After Sam and Frank left the store, Sam sent the letter to","After Bob and Frank left the store, Bob sent the letter to",Frank,Sam,Bob,BAB,3,the store,letter,5278,3409,clean,14.911312,12.747578,2.163734,0.21692143,0.02492324,True,1,Frank,Frank | the | his | Sam | Dean,14.9113 | 14.4791 | 14.4528 | 12.7476 | 12.5448
"While Fred and Isla were at the restaurant, Isla delivered the ticket to","While Fred and Sam were at the restaurant, Sam delivered the ticket to",Fred,Isla,Sam,ABB,5,the restaurant,ticket,8559,1148,clean,14.814924,12.213415,2.601509,0.19098526,0.01416377,True,1,Fred,Fred | the | his | her | a,14.8149 | 14.6977 | 13.2273 | 13.1096 | 12.8964
"As Harry and Fred walked through the store, Harry offered the card to","As Xander and Fred walked through the store, Xander offered the card to",Fred,Harry,Xander,BAB,6,the store,card,8559,5850,clean,16.529951,15.082861,1.44709,0.34476516,0.08110733,True,1,Fred,Fred | the | Harry | his | them,16.5300 | 15.4197 | 15.0829 | 14.7252 | 14.1624
"When Jack and Wendy went to the mall, Jack gave the gift to","When Grace and Wendy went to the mall, Grace gave the gift to",Wendy,Jack,Grace,BAB,0,the mall,gift,28314,3619,clean,18.450441,10.986913,7.463529,0.86262631,0.00049483,True,1,Wendy,Wendy | the | his | a | her,18.4504 | 14.9711 | 14.9531 | 14.1092 | 13.8463
"After Tara and Brian left the cafe, Brian sent the key to","After Tara and Quinn left the cafe, Quinn sent the key to",Tara,Brian,Quinn,ABB,3,the cafe,key,37723,8403,clean,15.452085,13.316722,2.135364,0.28252286,0.03339466,True,1,Tara,Tara | the | her | his | Brian,15.4521 | 14.7654 | 13.9414 | 13.7590 | 13.3167
"When Amy and Henry went to the park, Amy gave the key to","When Clara and Henry went to the park, Clara gave the key to",Henry,Amy,Clara,BAB,0,the park,key,8616,14235,clean,15.547749,13.172345,2.375403,0.26708058,0.02483235,True,2,the,the | Henry | her | a | their,15.6366 | 15.5477 | 14.4277 | 13.2801 | 13.2283
"When Bob and Noah visited the park, Bob handed the bag to","When Gina and Noah visited the park, Gina handed the bag to",Noah,Bob,Gina,BAB,1,the park,bag,18394,5811,clean,17.978048,11.983178,5.99487,0.80023068,0.00199378,True,1,Noah,Noah | the | his | them | a,17.9780 | 15.0315 | 14.4369 | 14.2092 | 13.7217
"When Clara and Amy went to the hospital, Clara gave the key to","When Yara and Amy went to the hospital, Yara gave the key to",Amy,Clara,Yara,BAB,0,the hospital,key,14235,27443,clean,15.257296,11.089198,4.168097,0.22628288,0.00350324,True,2,the,the | Amy | her | a | their,15.5259 | 15.2573 | 14.7815 | 13.3256 | 13.0470
"When Uma and Noah arrived at the park, Uma passed the letter to","When Amy and Noah arrived at the park, Amy passed the letter to",Noah,Uma,Amy,BAB,2,the park,letter,18394,471,clean,16.015507,12.046676,3.968831,0.53419322,0.01009385,True,1,Noah,Noah | the | her | his | a,16.0155 | 14.1176 | 14.0093 | 13.1160 | 13.0499
"After David and Victor left the gym, Victor sent the map to","After David and Henry left the gym, Henry sent the map to",David,Victor,Henry,ABB,3,the gym,map,3271,12622,clean,13.863276,13.819052,0.044224,0.08901379,0.08516303,True,3,his,his | the | David | Victor | him,14.1701 | 13.9328 | 13.8633 | 13.8191 | 12.6402
"As Kate and Mia walked through the restaurant, Mia offered the book to","As Kate and Iris walked through the restaurant, Iris offered the book to",Kate,Mia,Iris,ABB,6,the restaurant,book,16693,32189,clean,15.722404,15.064127,0.658277,0.18873028,0.09771376,True,1,Kate,Kate | her | Mia | the | them,15.7224 | 15.2427 | 15.0641 | 14.8911 | 14.0776
"While Zach and Gina were at the store, Zach delivered the package to","While Henry and Gina were at the store, Henry delivered the package to",Gina,Zach,Henry,BAB,5,the store,package,43002,18825,clean,16.180393,11.206221,4.974173,0.44370601,0.00306789,True,1,Gina,Gina | the | his | their | her,16.1804 | 14.7089 | 14.6070 | 13.8372 | 13.7578
"When Clara and Frank arrived at the museum, Clara passed the key to","When Tara and Frank arrived at the museum, Tara passed the key to",Frank,Clara,Tara,BAB,2,the museum,key,5278,27443,clean,11.93212,10.08481,1.84731,0.0100983,0.00159211,True,8,the,the | her | their | a | its,15.9113 | 13.9622 | 13.8515 | 13.6232 | 12.3729
"When Clara and Rose went to the beach, Clara gave the pen to","When Jack and Rose went to the beach, Jack gave the pen to",Rose,Clara,Jack,BAB,0,the beach,pen,8049,27443,clean,15.654631,12.438341,3.21629,0.32939857,0.01321006,True,1,Rose,Rose | her | the | a | Clara,15.6546 | 15.1121 | 14.4656 | 13.4347 | 12.4383
"While Emma and Derek were at the museum, Derek delivered the gift to","While Emma and Tara were at the museum, Tara delivered the gift to",Emma,Derek,Tara,ABB,5,the museum,gift,18966,20893,clean,16.214556,11.187515,5.02704,0.38273886,0.00251007,True,1,Emma,Emma | the | his | her | a,16.2146 | 14.7353 | 14.7067 | 14.4536 | 13.6202
"After Derek and Alice left the cafe, Alice sent the phone to","After Derek and Jack left the cafe, Jack sent the phone to",Derek,Alice,Jack,ABB,3,the cafe,phone,20893,14862,clean,15.455175,13.078935,2.376241,0.28872716,0.02682251,True,1,Derek,Derek | her | the | Alice | his,15.4552 | 14.3661 | 14.2818 | 13.0789 | 12.7470
"When Emma and Paul went to the mall, Paul gave the pen to","When Emma and Zach went to the mall, Zach gave the pen to",Emma,Paul,Zach,ABB,0,the mall,pen,18966,3362,clean,17.703415,11.625484,6.07793,0.78648853,0.00180335,True,1,Emma,Emma | her | the | a | his,17.7034 | 14.7951 | 14.1553 | 14.0673 | 13.6581
"When Yara and Frank visited the school, Frank handed the map to","When Yara and Isla visited the school, Isla handed the map to",Yara,Frank,Isla,ABB,1,the school,map,575,5278,clean,15.895658,12.980665,2.914993,0.33350423,0.01807739,True,1,Y,Y | the | them | her | his,15.8957 | 14.7570 | 14.3201 | 13.9612 | 13.4492
"When Emma and Ella arrived at the museum, Ella passed the letter to","When Emma and Carol arrived at the museum, Carol passed the letter to",Emma,Ella,Carol,ABB,2,the museum,letter,18966,7122,clean,15.893766,11.510004,4.383762,0.3845081,0.00479802,True,1,Emma,Emma | her | the | a | them,15.8938 | 15.0597 | 14.3958 | 13.0201 | 12.8304
"When Kate and Olivia went to the theater, Kate gave the map to","When Clara and Olivia went to the theater, Clara gave the map to",Olivia,Kate,Clara,BAB,0,the theater,map,33911,16693,clean,15.957279,11.17977,4.77751,0.37929678,0.00319252,True,1,Olivia,Olivia | her | the | a | them,15.9573 | 14.9301 | 14.6494 | 13.5101 | 13.3873
"When Emma and David went to the mall, David gave the book to","When Emma and Olivia went to the mall, Olivia gave the book to",Emma,David,Olivia,ABB,0,the mall,book,18966,3271,clean,18.086702,12.064097,6.022605,0.69301414,0.00167941,True,1,Emma,Emma | her | his | the | a,18.0867 | 15.9955 | 14.9688 | 14.6522 | 14.5743
"While Bob and Ella were at the theater, Ella delivered the wallet to","While Bob and Quinn were at the theater, Quinn delivered the wallet to",Bob,Ella,Quinn,ABB,5,the theater,wallet,5811,7122,clean,15.128086,12.067274,3.060812,0.24587241,0.01151903,True,1,Bob,Bob | the | her | a | his,15.1281 | 14.2248 | 13.5844 | 13.1647 | 12.7989
"When Rose and Paul arrived at the restaurant, Rose passed the ticket to","When Zach and Paul arrived at the restaurant, Zach passed the ticket to",Paul,Rose,Zach,BAB,2,the restaurant,ticket,3362,8049,clean,16.49695,11.482028,5.014922,0.60492736,0.0040156,True,1,Paul,Paul | the | her | a | his,16.4970 | 14.6708 | 14.1096 | 13.4142 | 12.6197
"As Noah and Clara walked through the gym, Clara offered the gift to","As Noah and Paul walked through the gym, Paul offered the gift to",Noah,Clara,Paul,ABB,6,the gym,gift,18394,27443,clean,17.294577,12.687667,4.60691,0.67941141,0.00678231,True,1,Noah,Noah | her | the | them | a,17.2946 | 14.9173 | 14.6334 | 13.4183 | 12.8315
"While Sam and Derek were at the office, Derek delivered the trophy to","While Sam and Emma were at the office, Emma delivered the trophy to",Sam,Derek,Emma,ABB,5,the office,trophy,3409,20893,clean,14.438721,12.316711,2.122009,0.13829565,0.01656653,True,1,Sam,Sam | the | his | a | them,14.4387 | 14.3524 | 14.1392 | 13.2026 | 12.9970
"Once Derek and Mia were at the school, Derek brought the package to","Once Grace and Mia were at the school, Grace brought the package to",Mia,Derek,Grace,BAB,4,the school,package,32189,20893,clean,14.636487,11.39123,3.245257,0.12592459,0.00490584,True,3,the,the | his | Mia | him | them,15.0230 | 14.6855 | 14.6365 | 13.5435 | 13.5331
"When Sam and Brian visited the office, Brian handed the key to","When Sam and Fred visited the office, Fred handed the key to",Sam,Brian,Fred,ABB,1,the office,key,3409,8403,clean,15.001938,13.055435,1.946503,0.22104292,0.03155886,True,1,Sam,Sam | the | his | a | their,15.0019 | 14.9462 | 13.5895 | 13.5014 | 13.1769
"After Paul and Isla left the market, Isla sent the bag to","After Paul and Iris left the market, Iris sent the bag to",Paul,Isla,Iris,ABB,3,the market,bag,3362,1148,clean,14.177917,11.900632,2.277286,0.16632105,0.01705826,True,1,Paul,Paul | the | his | her | a,14.1779 | 13.9566 | 13.2573 | 12.6461 | 12.4998
"While Alice and Quinn were at the office, Quinn delivered the book to","While Alice and Xander were at the office, Xander delivered the book to",Alice,Quinn,Xander,ABB,5,the office,book,14862,16109,clean,14.762236,12.711497,2.050738,0.16536258,0.02127223,True,1,Alice,Alice | her | the | a | Quinn,14.7622 | 14.4472 | 13.9597 | 13.0742 | 12.7115
"As Clara and Gina walked through the museum, Gina offered the gift to","As Clara and Jack walked through the museum, Jack offered the gift to",Clara,Gina,Jack,ABB,6,the museum,gift,27443,43002,clean,15.803565,12.375475,3.42809,0.3167083,0.01027682,True,1,Clara,Clara | her | the | a | one,15.8036 | 15.0703 | 14.6358 | 13.4187 | 12.5627
"Once Rose and Noah were at the park, Rose brought the wallet to","Once Emma and Noah were at the park, Emma brought the wallet to",Noah,Rose,Emma,BAB,4,the park,wallet,18394,8049,clean,15.839642,12.313078,3.526564,0.36407784,0.010706,True,1,Noah,Noah | the | her | his | him,15.8396 | 15.1213 | 14.3339 | 13.4406 | 13.1022
"As Olivia and Grace walked through the hospital, Grace offered the bag to","As Olivia and Wendy walked through the hospital, Wendy offered the bag to",Olivia,Grace,Wendy,ABB,6,the hospital,bag,33911,16156,clean,15.895487,12.468095,3.427392,0.29094198,0.00944733,True,1,Olivia,Olivia | her | the | them | a,15.8955 | 15.3381 | 14.6910 | 13.6450 | 13.2385
"While Victor and Emma were at the gym, Victor delivered the map to","While Rose and Emma were at the gym, Rose delivered the map to",Emma,Victor,Rose,BAB,5,the gym,map,18966,12622,clean,16.999271,12.345716,4.653555,0.63820964,0.00608065,True,1,Emma,Emma | the | her | his | him,16.9993 | 14.6817 | 14.3420 | 13.9981 | 13.1620
"When Fred and Brian visited the museum, Brian handed the card to","When Fred and Liam visited the museum, Liam handed the card to",Fred,Brian,Liam,ABB,1,the museum,card,8559,8403,clean,17.603439,13.803156,3.800283,0.68124211,0.01523559,True,1,Fred,Fred | the | his | them | a,17.6034 | 14.9688 | 14.1434 | 14.0823 | 14.0055
"As Frank and Henry walked through the school, Frank offered the key to","As Kate and Henry walked through the school, Kate offered the key to",Henry,Frank,Kate,BAB,6,the school,key,8616,5278,clean,12.083355,11.647319,0.436036,0.01125022,0.00727433,True,7,the,the | their | his | a | unlocking,15.3539 | 14.1795 | 14.0028 | 13.5500 | 13.4661
"While Frank and Emma were at the cafe, Frank delivered the card to","While Sam and Emma were at the cafe, Sam delivered the card to",Emma,Frank,Sam,BAB,5,the cafe,card,18966,5278,clean,16.822361,11.335683,5.486678,0.55985254,0.00231867,True,1,Emma,Emma | the | his | her | a,16.8224 | 14.7088 | 14.3950 | 13.9991 | 13.8515
"As Amy and Ella walked through the restaurant, Ella offered the bag to","As Amy and Mia walked through the restaurant, Mia offered the bag to",Amy,Ella,Mia,ABB,6,the restaurant,bag,14235,7122,clean,17.847015,12.670099,5.176916,0.65885156,0.00371947,True,1,Amy,Amy | her | the | me | them,17.8470 | 15.4701 | 15.1881 | 14.2467 | 13.9989
"Once Ella and Henry were at the library, Ella brought the phone to","Once Noah and Henry were at the library, Noah brought the phone to",Henry,Ella,Noah,BAB,4,the library,phone,8616,7122,clean,14.15287,13.325302,0.827568,0.06203815,0.02711756,True,3,her,her | the | Henry | them | Ell,15.4508 | 15.1804 | 14.1529 | 13.3543 | 13.3253
"While Sam and David were at the beach, David delivered the package to","While Sam and Frank were at the beach, Frank delivered the package to",Sam,David,Frank,ABB,5,the beach,package,3409,3271,clean,15.039956,11.422161,3.617795,0.18892112,0.00507098,True,1,Sam,Sam | his | the | a | her,15.0400 | 14.6071 | 14.4657 | 13.6205 | 12.9816
"When Brian and Victor visited the theater, Brian handed the note to","When Derek and Victor visited the theater, Derek handed the note to",Victor,Brian,Derek,BAB,1,the theater,note,12622,8403,clean,18.128323,11.052479,7.075844,0.8417486,0.00071151,True,1,Victor,Victor | the | his | a | him,18.1283 | 14.7310 | 14.6845 | 13.6918 | 13.2799
"After Wendy and Quinn left the park, Wendy sent the bag to","After Bob and Quinn left the park, Bob sent the bag to",Quinn,Wendy,Bob,BAB,3,the park,bag,16109,28314,clean,14.734938,13.143508,1.59143,0.18737708,0.03815639,True,1,Quinn,Quinn | her | the | a | Wendy,14.7349 | 14.6658 | 14.3765 | 13.1815 | 13.1435
"When Tara and David went to the store, Tara gave the jacket to","When Liam and David went to the store, Liam gave the jacket to",David,Tara,Liam,BAB,0,the store,jacket,3271,37723,clean,16.78796,12.830956,3.957004,0.49136621,0.00939508,True,1,David,David | the | her | them | a,16.7880 | 15.1566 | 14.9395 | 14.2153 | 13.9988
"When Isla and Victor went to the mall, Victor gave the key to","When Isla and Bob went to the mall, Bob gave the key to",Isla,Victor,Bob,ABB,0,the mall,key,1148,12622,clean,10.889708,15.154138,-4.26443,0.00367994,0.26173353,False,17,Victor,Victor | the | his | a | their,15.1541 | 15.0938 | 13.4116 | 13.0722 | 12.9245
"When Kate and Noah went to the market, Kate gave the map to","When Sam and Noah went to the market, Sam gave the map to",Noah,Kate,Sam,BAB,0,the market,map,18394,16693,clean,16.94087,11.045784,5.895086,0.69068885,0.00190142,True,1,Noah,Noah | her | the | them | a,16.9409 | 14.4977 | 14.3481 | 13.4288 | 13.0264
"Once Harry and Derek were at the office, Derek brought the trophy to","Once Harry and David were at the office, David brought the trophy to",Harry,Derek,David,ABB,4,the office,trophy,5850,20893,clean,16.404831,13.545624,2.859207,0.27610567,0.01582477,True,1,Harry,Harry | his | the | him | them,16.4048 | 15.8037 | 15.5167 | 14.8956 | 14.5361
"When Harry and Rose arrived at the station, Harry passed the pen to","When Emma and Rose arrived at the station, Emma passed the pen to",Rose,Harry,Emma,BAB,2,the station,pen,8049,5850,clean,15.913863,12.968875,2.944988,0.31464624,0.01655124,True,1,Rose,Rose | his | the | a | Hermione,15.9139 | 15.0929 | 14.8358 | 13.7129 | 13.5327
"After Rose and Isla left the museum, Isla sent the map to","After Rose and Ella left the museum, Ella sent the map to",Rose,Isla,Ella,ABB,3,the museum,map,8049,1148,clean,13.552477,11.890135,1.662342,0.08372696,0.01588252,True,3,her,her | the | Rose | his | a,13.9557 | 13.9539 | 13.5525 | 12.6536 | 12.1422
"After Uma and Ella left the gym, Ella sent the letter to","After Uma and Harry left the gym, Harry sent the letter to",Uma,Ella,Harry,ABB,3,the gym,letter,471,7122,clean,14.052144,11.67699,2.375154,0.139584,0.01298133,True,1,U,U | the | her | Ell | his,14.0521 | 13.9162 | 13.8854 | 11.6770 | 11.5880
"When Derek and Harry visited the mall, Harry handed the map to","When Derek and Wendy visited the mall, Wendy handed the map to",Derek,Harry,Wendy,ABB,1,the mall,map,20893,5850,clean,15.886974,14.62043,1.266544,0.29269409,0.08248229,True,1,Derek,Derek | them | the | Harry | his,15.8870 | 15.1517 | 15.0277 | 14.6204 | 14.0610
"When Harry and Emma arrived at the mall, Harry passed the bag to","When Alice and Emma arrived at the mall, Alice passed the bag to",Emma,Harry,Alice,BAB,2,the mall,bag,18966,5850,clean,16.762394,11.443745,5.318649,0.46151504,0.00226113,True,1,Emma,Emma | the | his | her | a,16.7624 | 15.1039 | 15.0913 | 14.5883 | 14.2845
"When Mia and Amy visited the school, Mia handed the wallet to","When Harry and Amy visited the school, Harry handed the wallet to",Amy,Mia,Harry,BAB,1,the school,wallet,14235,32189,clean,16.561544,12.579937,3.981607,0.38970172,0.00727013,True,1,Amy,Amy | the | her | a | them,16.5615 | 15.5314 | 15.5101 | 14.0869 | 13.7807
"When Jack and Yara went to the school, Jack gave the trophy to","When David and Yara went to the school, David gave the trophy to",Yara,Jack,David,BAB,0,the school,trophy,575,3619,clean,15.815335,12.591043,3.224292,0.36337098,0.01445633,True,1,Y,Y | the | his | a | them,15.8153 | 14.5284 | 14.4790 | 13.3950 | 13.2922
"Once Jack and Victor were at the school, Victor brought the letter to","Once Jack and Frank were at the school, Frank brought the letter to",Jack,Victor,Frank,ABB,4,the school,letter,3619,12622,clean,15.604671,12.895446,2.709226,0.28693745,0.01910669,True,1,Jack,Jack | the | them | him | his,15.6047 | 14.4293 | 13.9098 | 13.8360 | 13.7113
"As Ella and Emma walked through the park, Emma offered the gift to","As Ella and Frank walked through the park, Frank offered the gift to",Ella,Emma,Frank,ABB,6,the park,gift,7122,18966,clean,15.52364,14.181173,1.342466,0.20916629,0.05463437,True,1,Ell,Ell | her | the | Emma | a,15.5236 | 15.2580 | 14.8734 | 14.1812 | 13.3075
"When Derek and Xander arrived at the beach, Derek passed the book to","When Fred and Xander arrived at the beach, Fred passed the book to",Xander,Derek,Fred,BAB,2,the beach,book,46122,20893,clean,16.291315,10.52119,5.770125,0.3596316,0.00112182,True,1,Xander,Xander | his | the | a | them,16.2913 | 15.4996 | 15.0610 | 14.4616 | 13.9237
"When Mia and Isla went to the mall, Mia gave the bag to","When Xander and Isla went to the mall, Xander gave the bag to",Isla,Mia,Xander,BAB,0,the mall,bag,1148,32189,clean,16.265457,15.547096,0.718361,0.38894489,0.18963037,True,1,Is,Is | Mia | her | the | them,16.2655 | 15.5471 | 14.6330 | 14.4963 | 13.1368
"When Kate and Olivia visited the school, Kate handed the package to","When Grace and Olivia visited the school, Grace handed the package to",Olivia,Kate,Grace,BAB,1,the school,package,33911,16693,clean,16.420265,11.863832,4.556433,0.3993825,0.0041933,True,1,Olivia,Olivia | her | the | a | them,16.4203 | 15.8045 | 14.8808 | 13.7304 | 13.1743
"While Kate and Isla were at the restaurant, Kate delivered the key to","While Uma and Isla were at the restaurant, Uma delivered the key to",Isla,Kate,Uma,BAB,5,the restaurant,key,1148,16693,clean,14.382504,11.322796,3.059708,0.147779,0.00693104,True,2,the,the | Is | her | a | their,15.1506 | 14.3825 | 14.0053 | 12.6782 | 12.3891
"As Carol and Emma walked through the theater, Emma offered the pen to","As Carol and Mia walked through the theater, Mia offered the pen to",Carol,Emma,Mia,ABB,6,the theater,pen,5074,18966,clean,16.302507,13.388075,2.914433,0.40918151,0.02219188,True,1,Carol,Carol | her | the | Emma | a,16.3025 | 14.8841 | 14.3013 | 13.3881 | 13.2069
"When Brian and Uma went to the cafe, Brian gave the wallet to","When Henry and Uma went to the cafe, Henry gave the wallet to",Uma,Brian,Henry,BAB,0,the cafe,wallet,471,8403,clean,16.434448,10.870678,5.56377,0.45077786,0.00172841,True,1,U,U | the | his | them | her,16.4344 | 14.8993 | 14.7585 | 14.0444 | 13.9801
"When Xander and Ella arrived at the museum, Ella passed the jacket to","When Xander and Harry arrived at the museum, Harry passed the jacket to",Xander,Ella,Harry,ABB,2,the museum,jacket,46122,7122,clean,17.96133,11.138025,6.823305,0.80748409,0.00087864,True,1,Xander,Xander | the | her | his | a,17.9613 | 14.6791 | 13.7987 | 13.6827 | 13.4840
"When Harry and Iris visited the restaurant, Iris handed the package to","When Harry and Yara visited the restaurant, Yara handed the package to",Harry,Iris,Yara,ABB,1,the restaurant,package,5850,34230,clean,16.680256,12.169105,4.511151,0.52490658,0.00576652,True,1,Harry,Harry | the | them | him | her,16.6803 | 14.8813 | 14.6911 | 13.8642 | 13.5825
"After Alice and Quinn left the station, Alice sent the trophy to","After Victor and Quinn left the station, Victor sent the trophy to",Quinn,Alice,Victor,BAB,3,the station,trophy,16109,14862,clean,14.829322,13.145396,1.683926,0.19884832,0.03691495,True,2,her,her | Quinn | the | Alice | a,14.8307 | 14.8293 | 13.5931 | 13.1454 | 12.1443
"While Emma and Iris were at the park, Iris delivered the ticket to","While Emma and Uma were at the park, Uma delivered the ticket to",Emma,Iris,Uma,ABB,5,the park,ticket,18966,34230,clean,14.442492,12.319432,2.123059,0.13375984,0.01600637,True,2,the,the | Emma | her | them | a,14.5358 | 14.4425 | 14.2807 | 12.6324 | 12.4364
"Once Noah and Gina were at the gym, Noah brought the note to","Once Jack and Gina were at the gym, Jack brought the note to",Gina,Noah,Jack,BAB,4,the gym,note,43002,18394,clean,17.38592,11.476644,5.909276,0.69104099,0.00187559,True,1,Gina,Gina | his | the | her | him,17.3859 | 14.9458 | 14.6365 | 14.1356 | 13.3456
"After Paul and Kate left the store, Kate sent the letter to","After Paul and Liam left the store, Liam sent the letter to",Paul,Kate,Liam,ABB,3,the store,letter,3362,16693,clean,15.095689,11.273236,3.822453,0.26880807,0.00587993,True,1,Paul,Paul | the | her | their | his,15.0957 | 14.3093 | 13.9740 | 12.4190 | 12.2991
"When Xander and Zach went to the school, Xander gave the package to","When Gina and Zach went to the school, Gina gave the package to",Zach,Xander,Gina,BAB,0,the school,package,18825,46122,clean,16.470181,13.288376,3.181805,0.42012382,0.01743962,True,1,Zach,Zach | the | his | them | a,16.4702 | 14.9954 | 14.5878 | 14.0735 | 13.5675
"After Yara and Isla left the theater, Isla sent the jacket to","After Yara and Victor left the theater, Victor sent the jacket to",Yara,Isla,Victor,ABB,3,the theater,jacket,575,1148,clean,14.044145,12.605798,1.438347,0.13237916,0.03141619,True,1,Y,Y | her | the | his | Is,14.0441 | 13.7661 | 13.7165 | 12.7185 | 12.6058
"When Ella and Noah visited the beach, Ella handed the package to","When Emma and Noah visited the beach, Emma handed the package to",Noah,Ella,Emma,BAB,1,the beach,package,18394,7122,clean,18.202183,10.202496,7.999687,0.86048055,0.00028875,True,1,Noah,Noah | the | her | them | a,18.2022 | 14.8387 | 14.7502 | 13.3342 | 12.8460
"Once Yara and Carol were at the school, Yara brought the card to","Once Zach and Carol were at the school, Zach brought the card to",Carol,Yara,Zach,BAB,4,the school,card,5074,575,clean,15.209372,13.419368,1.790004,0.20069139,0.03350734,True,1,Carol,Carol | her | the | Y | them,15.2094 | 14.9890 | 14.4842 | 13.4194 | 13.3269
"When Jack and David went to the school, Jack gave the bag to","When Grace and David went to the school, Grace gave the bag to",David,Jack,Grace,BAB,0,the school,bag,3271,3619,clean,14.961477,12.658138,2.303339,0.12509206,0.01249978,True,3,the,the | his | David | them | a,15.2006 | 15.0170 | 14.9615 | 14.0023 | 13.9034
"When Kate and Fred visited the restaurant, Kate handed the wallet to","When Xander and Fred visited the restaurant, Xander handed the wallet to",Fred,Kate,Xander,BAB,1,the restaurant,wallet,8559,16693,clean,17.869776,12.737531,5.132245,0.76241732,0.00450077,True,1,Fred,Fred | the | her | them | a,17.8698 | 15.1185 | 14.7806 | 13.7127 | 13.6319
"After Paul and Carol left the school, Carol sent the pen to","After Paul and Frank left the school, Frank sent the pen to",Paul,Carol,Frank,ABB,3,the school,pen,3362,5074,clean,14.861788,12.159767,2.702021,0.19655763,0.01318309,True,1,Paul,Paul | her | the | a | his,14.8618 | 14.3867 | 14.0950 | 13.1451 | 12.7317
"While Rose and Alice were at the museum, Alice delivered the bag to","While Rose and Kate were at the museum, Kate delivered the bag to",Rose,Alice,Kate,ABB,5,the museum,bag,8049,14862,clean,15.318924,14.360275,0.958649,0.19322334,0.07408389,True,1,Rose,Rose | her | the | Alice | a,15.3189 | 15.1501 | 14.6769 | 14.3603 | 13.2308
"When Olivia and Emma went to the office, Emma gave the card to","When Olivia and Jack went to the office, Jack gave the card to",Olivia,Emma,Jack,ABB,0,the office,card,33911,18966,clean,15.955854,13.857054,2.098801,0.31873742,0.03907829,True,1,Olivia,Olivia | her | the | Emma | a,15.9559 | 15.2856 | 14.5598 | 13.8571 | 13.4760
"As Clara and Liam walked through the school, Liam offered the map to","As Clara and Frank walked through the school, Frank offered the map to",Clara,Liam,Frank,ABB,6,the school,map,27443,31684,clean,17.138617,11.897243,5.241374,0.58732277,0.00310869,True,1,Clara,Clara | them | the | her | Claire,17.1386 | 15.0446 | 14.8991 | 14.5533 | 13.4269
"After Frank and Clara left the gym, Frank sent the gift to","After Fred and Clara left the gym, Fred sent the gift to",Clara,Frank,Fred,BAB,3,the gym,gift,27443,5278,clean,16.922434,12.8831,4.039334,0.58960319,0.01038243,True,1,Clara,Clara | his | the | her | Claire,16.9224 | 14.7136 | 14.2376 | 13.3681 | 13.3431
"After Emma and Uma left the hospital, Emma sent the note to","After Frank and Uma left the hospital, Frank sent the note to",Uma,Emma,Frank,BAB,3,the hospital,note,471,18966,clean,15.631227,15.191896,0.439331,0.22916837,0.14769155,True,2,her,her | U | Emma | the | a,15.6950 | 15.6312 | 15.1919 | 14.0598 | 12.4143
"When Uma and Yara arrived at the market, Yara passed the card to","When Uma and Harry arrived at the market, Harry passed the card to",Uma,Yara,Harry,ABB,2,the market,card,471,575,clean,15.150979,13.05794,2.09304,0.24386622,0.03007157,True,1,U,U | her | the | a | Y,15.1510 | 14.3443 | 14.2162 | 13.2864 | 13.0579
"As Henry and Jack walked through the gym, Henry offered the gift to","As Harry and Jack walked through the gym, Harry offered the gift to",Jack,Henry,Harry,BAB,6,the gym,gift,3619,8616,clean,16.382891,12.163495,4.219396,0.48593891,0.00714696,True,1,Jack,Jack | his | the | them | a,16.3829 | 14.7615 | 14.7014 | 13.9033 | 13.3139
"When Fred and Paul went to the office, Fred gave the ticket to","When Yara and Paul went to the office, Yara gave the ticket to",Paul,Fred,Yara,BAB,0,the office,ticket,3362,8559,clean,15.658142,13.387938,2.270205,0.29951411,0.03093713,True,1,Paul,Paul | the | a | his | Fred,15.6581 | 15.0444 | 13.8431 | 13.7338 | 13.3879
"After Sam and Liam left the library, Sam sent the jacket to","After Grace and Liam left the library, Grace sent the jacket to",Liam,Sam,Grace,BAB,3,the library,jacket,31684,3409,clean,15.017362,12.662848,2.354514,0.25924516,0.02461264,True,1,Liam,Liam | the | his | a | Sam,15.0174 | 14.0520 | 13.6963 | 12.8389 | 12.6628
"While Bob and Ella were at the library, Bob delivered the pen to","While Brian and Ella were at the library, Brian delivered the pen to",Ella,Bob,Brian,BAB,5,the library,pen,7122,5811,clean,15.461202,12.566998,2.894204,0.30370101,0.01680774,True,1,Ell,Ell | the | a | his | her,15.4612 | 14.0474 | 13.7450 | 13.6288 | 12.9352
"When Iris and Mia visited the park, Iris handed the letter to","When Grace and Mia visited the park, Grace handed the letter to",Mia,Iris,Grace,BAB,1,the park,letter,32189,34230,clean,15.731855,12.079842,3.652014,0.3978405,0.01031952,True,1,Mia,Mia | her | the | them | a,15.7319 | 14.8106 | 14.4966 | 13.1567 | 12.3801
"As Amy and Yara walked through the mall, Yara offered the wallet to","As Amy and Bob walked through the mall, Bob offered the wallet to",Amy,Yara,Bob,ABB,6,the mall,wallet,14235,575,clean,17.661982,14.271708,3.390273,0.72304505,0.02436624,True,1,Amy,Amy | the | her | Y | them,17.6620 | 14.9197 | 14.7175 | 14.2717 | 14.0301
"When Fred and Grace arrived at the station, Fred passed the gift to","When Jack and Grace arrived at the station, Jack passed the gift to",Grace,Fred,Jack,BAB,2,the station,gift,16156,8559,clean,14.951478,11.530468,3.42101,0.1706645,0.00557722,True,1,Grace,Grace | his | the | her | a,14.9515 | 14.6981 | 14.6727 | 14.3695 | 13.9221
"While Liam and Quinn were at the park, Liam delivered the package to","While Victor and Quinn were at the park, Victor delivered the package to",Quinn,Liam,Victor,BAB,5,the park,package,16109,31684,clean,15.614618,11.765358,3.84926,0.41311365,0.00879745,True,1,Quinn,Quinn | the | his | a | her,15.6146 | 14.1604 | 14.1211 | 12.7679 | 12.6612
"While Henry and Noah were at the restaurant, Noah delivered the wallet to","While Henry and Derek were at the restaurant, Derek delivered the wallet to",Henry,Noah,Derek,ABB,5,the restaurant,wallet,8616,18394,clean,15.241604,14.724049,0.517555,0.22877215,0.13634266,True,1,Henry,Henry | Noah | the | his | a,15.2416 | 14.7240 | 14.4907 | 13.7636 | 13.3952
"While Victor and Harry were at the library, Victor delivered the bag to","While Brian and Harry were at the library, Brian delivered the bag to",Harry,Victor,Brian,BAB,5,the library,bag,5850,12622,clean,16.481428,13.210356,3.271072,0.49265805,0.0187041,True,1,Harry,Harry | the | his | a | Victor,16.4814 | 14.8728 | 14.4329 | 13.2429 | 13.2104
"As Tara and Quinn walked through the station, Tara offered the note to","As Wendy and Quinn walked through the station, Wendy offered the note to",Quinn,Tara,Wendy,BAB,6,the station,note,16109,37723,clean,15.832197,12.166719,3.665478,0.38204846,0.00977736,True,1,Quinn,Quinn | her | the | them | a,15.8322 | 14.6853 | 14.5643 | 12.8891 | 12.7935
"When Bob and Jack visited the market, Jack handed the phone to","When Bob and Paul visited the market, Paul handed the phone to",Bob,Jack,Paul,ABB,1,the market,phone,5811,3619,clean,15.942373,13.427624,2.51475,0.3091796,0.02500742,True,1,Bob,Bob | the | his | them | a,15.9424 | 14.6711 | 14.1686 | 13.9494 | 13.8032
"While Victor and Mia were at the hospital, Victor delivered the phone to","While Olivia and Mia were at the hospital, Olivia delivered the phone to",Mia,Victor,Olivia,BAB,5,the hospital,phone,32189,12622,clean,14.278469,13.790309,0.48816,0.14201343,0.08716139,True,1,Mia,Mia | the | his | Victor | her,14.2785 | 14.1348 | 13.9802 | 13.7903 | 13.3418
"When Ella and Paul visited the park, Paul handed the gift to","When Ella and Amy visited the park, Amy handed the gift to",Ella,Paul,Amy,ABB,1,the park,gift,7122,3362,clean,15.889171,12.851851,3.03732,0.38459897,0.01844662,True,1,Ell,Ell | the | her | his | a,15.8892 | 14.5122 | 14.3342 | 13.8025 | 13.6084
"After Brian and Grace left the gym, Brian sent the phone to","After Paul and Grace left the gym, Paul sent the phone to",Grace,Brian,Paul,BAB,3,the gym,phone,16156,8403,clean,14.851851,14.100822,0.751028,0.16698806,0.07879853,True,1,Grace,Grace | his | the | Brian | her,14.8519 | 14.4358 | 14.2875 | 14.1008 | 13.6062
"While Xander and Fred were at the theater, Xander delivered the book to","While Derek and Fred were at the theater, Derek delivered the book to",Fred,Xander,Derek,BAB,5,the theater,book,8559,46122,clean,15.405118,13.670374,1.734744,0.19051488,0.03361546,True,1,Fred,Fred | the | his | a | Xander,15.4051 | 14.8601 | 14.6904 | 13.8293 | 13.6704
"Once Ella and Iris were at the store, Iris brought the trophy to","Once Ella and Clara were at the store, Clara brought the trophy to",Ella,Iris,Clara,ABB,4,the store,trophy,7122,34230,clean,13.842491,13.591093,0.251398,0.05200848,0.04044766,True,3,her,her | the | Ell | them | Iris,15.2584 | 14.8292 | 13.8425 | 13.6520 | 13.5911
"When Xander and Mia went to the school, Mia gave the package to","When Xander and Emma went to the school, Emma gave the package to",Xander,Mia,Emma,ABB,0,the school,package,46122,32189,clean,16.926968,10.791304,6.135664,0.64267993,0.00139094,True,1,Xander,Xander | the | her | them | him,16.9270 | 14.5619 | 14.2026 | 13.5938 | 13.4691
"When Derek and Clara visited the cafe, Derek handed the key to","When Quinn and Clara visited the cafe, Quinn handed the key to",Clara,Derek,Quinn,BAB,1,the cafe,key,27443,20893,clean,16.352823,8.834849,7.517974,0.46489,0.00025254,True,1,Clara,Clara | the | his | a | their,16.3528 | 15.5779 | 14.4018 | 13.6153 | 13.5599
"After Paul and Alice left the office, Alice sent the ticket to","After Paul and Quinn left the office, Quinn sent the ticket to",Paul,Alice,Quinn,ABB,3,the office,ticket,3362,14862,clean,16.174833,13.70952,2.465313,0.42706355,0.03629282,True,1,Paul,Paul | the | her | Alice | Ron,16.1748 | 14.3883 | 13.8813 | 13.7095 | 12.9065
"As Paul and Grace walked through the school, Grace offered the pen to","As Paul and Tara walked through the school, Tara offered the pen to",Paul,Grace,Tara,ABB,6,the school,pen,3362,16156,clean,16.574337,12.356266,4.218071,0.59322274,0.00873641,True,1,Paul,Paul | the | her | a | one,16.5743 | 14.3597 | 13.5419 | 13.2511 | 13.0533
"Once Paul and Kate were at the store, Kate brought the card to","Once Paul and Tara were at the store, Tara brought the card to",Paul,Kate,Tara,ABB,4,the store,card,3362,16693,clean,16.384937,12.882151,3.502787,0.3581962,0.01078649,True,1,Paul,Paul | her | the | them | me,16.3849 | 15.1437 | 15.0548 | 14.3400 | 14.2148
"Once Liam and Tara were at the cafe, Tara brought the book to","Once Liam and Zach were at the cafe, Zach brought the book to",Liam,Tara,Zach,ABB,4,the cafe,book,31684,37723,clean,14.544718,13.096998,1.44772,0.06430607,0.01511873,True,5,her,her | him | the | them | Liam,15.7453 | 15.1068 | 14.9942 | 14.9875 | 14.5447
"As Kate and Ella walked through the museum, Kate offered the pen to","As Olivia and Ella walked through the museum, Olivia offered the pen to",Ella,Kate,Olivia,BAB,6,the museum,pen,7122,16693,clean,15.085159,12.295044,2.790115,0.20515803,0.0125996,True,1,Ell,Ell | her | the | a | one,15.0852 | 15.0047 | 14.0423 | 13.7454 | 13.1348
"When Victor and Clara arrived at the gym, Victor passed the card to","When Quinn and Clara arrived at the gym, Quinn passed the card to",Clara,Victor,Quinn,BAB,2,the gym,card,27443,12622,clean,17.339598,11.833364,5.506233,0.7604996,0.00308868,True,1,Clara,Clara | the | his | her | a,17.3396 | 14.3732 | 14.2716 | 13.6848 | 13.3170
"When Noah and David went to the station, David gave the bag to","When Noah and Isla went to the station, Isla gave the bag to",Noah,David,Isla,ABB,0,the station,bag,18394,3271,clean,18.146811,13.8025,4.344311,0.78347248,0.01016983,True,1,Noah,Noah | the | them | his | David,18.1468 | 15.0220 | 14.6637 | 14.1975 | 13.8025
"When Wendy and Tara visited the beach, Tara handed the jacket to","When Wendy and Zach visited the beach, Zach handed the jacket to",Wendy,Tara,Zach,ABB,1,the beach,jacket,28314,37723,clean,17.936714,13.509927,4.426787,0.73534834,0.00878949,True,1,Wendy,Wendy | her | the | Tara | a,17.9367 | 15.4503 | 15.0179 | 13.5099 | 13.4590
"While Brian and Iris were at the gym, Iris delivered the wallet to","While Brian and Quinn were at the gym, Quinn delivered the wallet to",Brian,Iris,Quinn,ABB,5,the gym,wallet,8403,34230,clean,16.459469,12.93092,3.528549,0.55619007,0.01632277,True,1,Brian,Brian | the | her | them | Iris,16.4595 | 14.2679 | 14.1070 | 13.4644 | 12.9309
"Once Quinn and Carol were at the park, Carol brought the trophy to","Once Quinn and Derek were at the park, Derek brought the trophy to",Quinn,Carol,Derek,ABB,4,the park,trophy,16109,5074,clean,14.766594,13.060369,1.706224,0.12130272,0.0220225,True,2,her,her | Quinn | the | them | Carol,15.3329 | 14.7666 | 14.7505 | 13.1943 | 13.0604
"When Alice and Xander went to the store, Alice gave the book to","When Jack and Xander went to the store, Jack gave the book to",Xander,Alice,Jack,BAB,0,the store,book,46122,14862,clean,17.342754,12.296144,5.04661,0.59262824,0.00381125,True,1,Xander,Xander | her | the | them | a,17.3428 | 15.3848 | 15.1300 | 14.6001 | 14.0678
"After David and Alice left the station, David sent the note to","After Yara and Alice left the station, Yara sent the note to",Alice,David,Yara,BAB,3,the station,note,14862,3271,clean,16.612686,11.758633,4.854053,0.51664877,0.00402816,True,1,Alice,Alice | his | the | her | a,16.6127 | 14.8364 | 14.1542 | 13.5979 | 12.7562
"Once Grace and Iris were at the mall, Iris brought the letter to","Once Grace and Alice were at the mall, Alice brought the letter to",Grace,Iris,Alice,ABB,4,the mall,letter,16156,34230,clean,14.079264,12.369985,1.709279,0.09192917,0.01663883,True,3,her,her | the | Grace | them | Iris,14.6011 | 14.4033 | 14.0793 | 13.5069 | 12.3700
"When Quinn and Tara went to the museum, Quinn gave the map to","When Liam and Tara went to the museum, Liam gave the map to",Tara,Quinn,Liam,BAB,0,the museum,map,37723,16109,clean,15.776093,13.454069,2.322023,0.35526052,0.03484216,True,1,Tara,Tara | her | the | them | Quinn,15.7761 | 14.8109 | 14.6210 | 13.8506 | 13.4541
"Once Ella and David were at the office, David brought the card to","Once Ella and Iris were at the office, Iris brought the card to",Ella,David,Iris,ABB,4,the office,card,7122,3271,clean,15.268059,13.124846,2.143213,0.1345192,0.01577606,True,1,Ell,Ell | the | her | his | me,15.2681 | 15.0941 | 14.9194 | 14.5517 | 14.2555
"As Grace and Yara walked through the cafe, Grace offered the pen to","As Ella and Yara walked through the cafe, Ella offered the pen to",Yara,Grace,Ella,BAB,6,the cafe,pen,575,16156,clean,15.388095,11.742926,3.645169,0.28638729,0.00747957,True,1,Y,Y | her | the | a | one,15.3881 | 14.5039 | 14.3467 | 13.7980 | 12.8787
"After Sam and Gina left the cafe, Gina sent the ticket to","After Sam and Rose left the cafe, Rose sent the ticket to",Sam,Gina,Rose,ABB,3,the cafe,ticket,3409,43002,clean,14.630378,11.977044,2.653334,0.17726366,0.01248221,True,1,Sam,Sam | the | her | a | his,14.6304 | 14.2138 | 13.9856 | 12.7277 | 11.9985
"Once Rose and Sam were at the school, Sam brought the card to","Once Rose and Henry were at the school, Henry brought the card to",Rose,Sam,Henry,ABB,4,the school,card,8049,3409,clean,15.981931,13.879485,2.102446,0.30808654,0.03763502,True,1,Rose,Rose | the | her | Sam | his,15.9819 | 15.0081 | 14.3883 | 13.8795 | 13.7753
"As Kate and Uma walked through the library, Uma offered the ticket to","As Kate and Mia walked through the library, Mia offered the ticket to",Kate,Uma,Mia,ABB,6,the library,ticket,16693,471,clean,15.824227,14.61739,1.206838,0.26747063,0.08001164,True,1,Kate,Kate | the | her | U | them,15.8242 | 14.7157 | 14.6455 | 14.6174 | 14.2824
"When Quinn and Frank went to the park, Quinn gave the package to","When Emma and Frank went to the park, Emma gave the package to",Frank,Quinn,Emma,BAB,0,the park,package,5278,16109,clean,16.522915,13.211442,3.311473,0.53659284,0.01956548,True,1,Frank,Frank | the | her | his | Quinn,16.5229 | 14.6893 | 14.4247 | 13.6864 | 13.2114
"Once Zach and Tara were at the cafe, Tara brought the card to","Once Zach and Victor were at the cafe, Victor brought the card to",Zach,Tara,Victor,ABB,4,the cafe,card,18825,37723,clean,15.075457,13.543731,1.531726,0.15014683,0.03245608,True,1,Zach,Zach | her | the | them | him,15.0755 | 14.8756 | 14.7040 | 14.3585 | 13.8249
"When Kate and Brian went to the gym, Kate gave the package to","When David and Brian went to the gym, David gave the package to",Brian,Kate,David,BAB,0,the gym,package,8403,16693,clean,17.120066,11.731701,5.388365,0.57783258,0.00264037,True,1,Brian,Brian | her | the | them | a,17.1201 | 15.6170 | 14.8354 | 13.7827 | 13.6855
"When Olivia and Amy visited the museum, Olivia handed the trophy to","When Uma and Amy visited the museum, Uma handed the trophy to",Amy,Olivia,Uma,BAB,1,the museum,trophy,14235,33911,clean,16.57156,12.3495,4.22206,0.34282917,0.00502875,True,1,Amy,Amy | her | the | a | them,16.5716 | 16.1637 | 15.4894 | 14.0549 | 13.7401
"When Zach and Clara arrived at the store, Zach passed the note to","When Brian and Clara arrived at the store, Brian passed the note to",Clara,Zach,Brian,BAB,2,the store,note,27443,18825,clean,16.921268,9.707453,7.213816,0.63086236,0.00046453,True,1,Clara,Clara | his | the | her | a,16.9213 | 14.8419 | 14.4798 | 13.8454 | 13.8075
"When Liam and Quinn went to the beach, Quinn gave the note to","When Liam and Carol went to the beach, Carol gave the note to",Liam,Quinn,Carol,ABB,0,the beach,note,31684,16109,clean,16.467709,12.246518,4.22119,0.58966577,0.00865698,True,1,Liam,Liam | the | her | his | him,16.4677 | 14.1895 | 13.9978 | 12.8830 | 12.8019
"When Derek and Jack visited the office, Jack handed the jacket to","When Derek and Quinn visited the office, Quinn handed the jacket to",Derek,Jack,Quinn,ABB,1,the office,jacket,20893,3619,clean,17.208303,12.77829,4.430014,0.65421528,0.00779453,True,1,Derek,Derek | the | them | his | a,17.2083 | 15.0388 | 14.1685 | 13.7309 | 13.5990
"Once Derek and Xander were at the school, Xander brought the phone to","Once Derek and David were at the school, David brought the phone to",Derek,Xander,David,ABB,4,the school,phone,20893,46122,clean,15.010977,13.267654,1.743322,0.08906374,0.01558065,True,4,his,his | the | him | Derek | them,16.2081 | 15.4014 | 15.1505 | 15.0110 | 14.2590
"While Alice and Victor were at the restaurant, Victor delivered the letter to","While Alice and Iris were at the restaurant, Iris delivered the letter to",Alice,Victor,Iris,ABB,5,the restaurant,letter,14862,12622,clean,15.229224,12.764063,2.465161,0.24528748,0.02084824,True,1,Alice,Alice | the | her | his | Victor,15.2292 | 14.3274 | 14.3199 | 13.2422 | 12.7641
"When Olivia and Amy arrived at the store, Amy passed the card to","When Olivia and Tara arrived at the store, Tara passed the card to",Olivia,Amy,Tara,ABB,2,the store,card,33911,14235,clean,16.009922,14.097559,1.912363,0.25627908,0.03786034,True,1,Olivia,Olivia | her | the | a | Amy,16.0099 | 15.6111 | 14.8755 | 14.6451 | 14.0976
"Once Ella and Paul were at the library, Paul brought the note to","Once Ella and Derek were at the library, Derek brought the note to",Ella,Paul,Derek,ABB,4,the library,note,7122,3362,clean,16.463791,13.465378,2.998413,0.37359059,0.01862952,True,1,Ell,Ell | her | the | his | them,16.4638 | 14.9399 | 14.6545 | 14.2819 | 14.1290
"After Rose and Harry left the cafe, Rose sent the trophy to","After Iris and Harry left the cafe, Iris sent the trophy to",Harry,Rose,Iris,BAB,3,the cafe,trophy,5850,8049,clean,16.577047,12.245458,4.33159,0.49539477,0.00651277,True,1,Harry,Harry | her | the | Hermione | his,16.5770 | 14.7253 | 14.5007 | 13.5733 | 13.3296
"After Brian and Fred left the gym, Fred sent the note to","After Brian and Frank left the gym, Frank sent the note to",Brian,Fred,Frank,ABB,3,the gym,note,8403,8559,clean,15.667233,13.497421,2.169812,0.31364661,0.03581815,True,1,Brian,Brian | his | the | Fred | him,15.6672 | 14.4285 | 13.8515 | 13.4974 | 12.9025
"As Rose and Jack walked through the gym, Jack offered the gift to","As Rose and Noah walked through the gym, Noah offered the gift to",Rose,Jack,Noah,ABB,6,the gym,gift,8049,3619,clean,16.999617,13.061411,3.938206,0.62749702,0.01222561,True,1,Rose,Rose | the | his | her | them,16.9996 | 14.5930 | 14.5715 | 14.2343 | 13.2230
"After Wendy and Yara left the library, Wendy sent the key to","After Grace and Yara left the library, Grace sent the key to",Yara,Wendy,Grace,BAB,3,the library,key,575,28314,clean,14.991308,13.674383,1.316925,0.22088924,0.05918904,True,1,Y,Y | her | the | Wendy | a,14.9913 | 14.7014 | 14.5636 | 13.6744 | 12.8515
"As Sam and Tara walked through the library, Tara offered the ticket to","As Sam and Fred walked through the library, Fred offered the ticket to",Sam,Tara,Fred,ABB,6,the library,ticket,3409,37723,clean,15.559986,12.525288,3.034698,0.24781339,0.01191714,True,1,Sam,Sam | the | her | them | a,15.5600 | 14.8785 | 13.9834 | 13.7112 | 13.6749
"While Zach and Harry were at the station, Zach delivered the phone to","While Bob and Harry were at the station, Bob delivered the phone to",Harry,Zach,Bob,BAB,5,the station,phone,5850,18825,clean,14.31082,10.021335,4.289485,0.14443465,0.00198049,True,1,Harry,Harry | the | his | a | their,14.3108 | 14.2513 | 13.8597 | 13.0982 | 11.9734
"After Amy and Kate left the gym, Amy sent the card to","After Fred and Kate left the gym, Fred sent the card to",Kate,Amy,Fred,BAB,3,the gym,card,16693,14235,clean,14.958567,14.454499,0.504067,0.11615776,0.07016727,True,2,her,her | Kate | the | Amy | a,15.7540 | 14.9586 | 14.5053 | 14.4545 | 13.3887
"As Frank and Tara walked through the mall, Frank offered the ticket to","As Sam and Tara walked through the mall, Sam offered the ticket to",Tara,Frank,Sam,BAB,6,the mall,ticket,37723,5278,clean,14.626754,12.154759,2.471994,0.14580064,0.01230795,True,2,the,the | Tara | them | their | a,14.9059 | 14.6268 | 13.8215 | 13.3471 | 13.3174
"After Quinn and Isla left the gym, Isla sent the phone to","After Quinn and Henry left the gym, Henry sent the phone to",Quinn,Isla,Henry,ABB,3,the gym,phone,16109,1148,clean,15.281878,12.239264,3.042614,0.32045829,0.01528907,True,1,Quinn,Quinn | her | the | his | a,15.2819 | 14.4152 | 13.7480 | 13.1122 | 12.6952
"While Xander and Zach were at the restaurant, Zach delivered the package to","While Xander and Uma were at the restaurant, Uma delivered the package to",Xander,Zach,Uma,ABB,5,the restaurant,package,46122,18825,clean,15.234406,13.491118,1.743287,0.19536683,0.03417833,True,1,Xander,Xander | his | the | Zach | a,15.2344 | 14.7699 | 14.6577 | 13.4911 | 13.3949
"After Clara and Mia left the store, Clara sent the jacket to","After Brian and Mia left the store, Brian sent the jacket to",Mia,Clara,Brian,BAB,3,the store,jacket,32189,27443,clean,14.148386,10.779025,3.369361,0.14452727,0.00497342,True,2,her,her | Mia | the | a | his,14.3666 | 14.1484 | 13.8921 | 12.5816 | 11.3719
"As Quinn and Sam walked through the store, Quinn offered the jacket to","As Jack and Sam walked through the store, Jack offered the jacket to",Sam,Quinn,Jack,BAB,6,the store,jacket,3409,16109,clean,16.723049,12.398516,4.324533,0.57515299,0.00761487,True,1,Sam,Sam | the | her | a | one,16.7230 | 14.6521 | 14.3943 | 13.8461 | 13.1050
"Once Yara and Frank were at the hospital, Frank brought the letter to","Once Yara and Paul were at the hospital, Paul brought the letter to",Yara,Frank,Paul,ABB,4,the hospital,letter,575,5278,clean,14.434705,12.702568,1.732137,0.11352543,0.02008333,True,1,Y,Y | the | her | them | his,14.4347 | 14.2821 | 13.9562 | 13.6204 | 13.2739
"When Gina and Amy went to the park, Amy gave the bag to","When Gina and Grace went to the park, Grace gave the bag to",Gina,Amy,Grace,ABB,0,the park,bag,43002,14235,clean,17.803205,15.402864,2.400341,0.64966375,0.05891607,True,1,Gina,Gina | her | Amy | the | them,17.8032 | 15.5057 | 15.4029 | 15.1042 | 13.9576
"As Jack and Ella walked through the park, Jack offered the package to","As Xander and Ella walked through the park, Xander offered the package to",Ella,Jack,Xander,BAB,6,the park,package,7122,3619,clean,16.421482,12.000983,4.420499,0.45266342,0.00544474,True,1,Ell,Ell | the | his | her | them,16.4215 | 14.6791 | 14.4118 | 14.2610 | 13.6014
"When Rose and Frank arrived at the school, Rose passed the note to","When Zach and Frank arrived at the school, Zach passed the note to",Frank,Rose,Zach,BAB,2,the school,note,5278,8049,clean,16.431433,11.043674,5.387759,0.50424379,0.00230551,True,1,Frank,Frank | her | the | his | a,16.4314 | 14.9932 | 14.6936 | 13.9682 | 13.3642
"When Olivia and Yara went to the museum, Olivia gave the phone to","When Quinn and Yara went to the museum, Quinn gave the phone to",Yara,Olivia,Quinn,BAB,0,the museum,phone,575,33911,clean,15.452759,13.220987,2.231771,0.2353211,0.02525892,True,1,Y,Y | her | the | a | Olivia,15.4528 | 14.9329 | 14.7043 | 13.9311 | 13.2210
"As Xander and Kate walked through the cafe, Kate offered the letter to","As Xander and Henry walked through the cafe, Henry offered the letter to",Xander,Kate,Henry,ABB,6,the cafe,letter,46122,16693,clean,17.426908,11.855278,5.57163,0.69910204,0.00265957,True,1,Xander,Xander | the | her | Buffy | Giles,17.4269 | 14.6758 | 14.5390 | 13.6049 | 13.5605
"As Mia and Henry walked through the school, Henry offered the note to","As Mia and Carol walked through the school, Carol offered the note to",Mia,Henry,Carol,ABB,6,the school,note,32189,8616,clean,16.1399,11.919595,4.220305,0.41553357,0.00610591,True,1,Mia,Mia | the | her | his | them,16.1399 | 14.5580 | 14.3956 | 14.0039 | 13.2882
"When David and Gina visited the theater, David handed the card to","When Liam and Gina visited the theater, Liam handed the card to",Gina,David,Liam,BAB,1,the theater,card,43002,3271,clean,16.70731,12.111406,4.595903,0.47603637,0.00480468,True,1,Gina,Gina | the | his | her | a,16.7073 | 15.1544 | 14.7819 | 14.7572 | 14.2389
"Once Zach and Iris were at the beach, Zach brought the book to","Once Emma and Iris were at the beach, Emma brought the book to",Iris,Zach,Emma,BAB,4,the beach,book,34230,18825,clean,15.860458,11.030101,4.830358,0.31769681,0.00253639,True,1,Iris,Iris | the | his | him | her,15.8605 | 14.9246 | 14.4193 | 14.2346 | 14.0611
"When Harry and Carol visited the mall, Carol handed the map to","When Harry and Olivia visited the mall, Olivia handed the map to",Harry,Carol,Olivia,ABB,1,the mall,map,5850,5074,clean,16.588818,11.743184,4.845634,0.39955255,0.00314154,True,1,Harry,Harry | them | the | him | her,16.5888 | 15.1013 | 15.0768 | 14.6589 | 14.0295
"Once Uma and Bob were at the library, Bob brought the wallet to","Once Uma and Noah were at the library, Noah brought the wallet to",Uma,Bob,Noah,ABB,4,the library,wallet,471,5811,clean,14.42417,13.88588,0.53829,0.07674403,0.04479899,True,3,the,the | her | U | them | his,14.9395 | 14.7861 | 14.4242 | 14.3129 | 14.2040
"When Clara and Brian went to the park, Brian gave the trophy to","When Clara and Alice went to the park, Alice gave the trophy to",Clara,Brian,Alice,ABB,0,the park,trophy,27443,8403,clean,17.252527,13.265142,3.987385,0.59655178,0.01106494,True,1,Clara,Clara | her | the | his | a,17.2525 | 14.9849 | 14.6395 | 14.3212 | 13.8170
"After Bob and Wendy left the mall, Bob sent the ticket to","After Iris and Wendy left the mall, Iris sent the ticket to",Wendy,Bob,Iris,BAB,3,the mall,ticket,28314,5811,clean,17.116045,13.783237,3.332808,0.64011145,0.02284732,True,1,Wendy,Wendy | the | his | Bob | a,17.1160 | 14.6710 | 14.2972 | 13.7832 | 13.4335
"When Fred and Kate visited the beach, Fred handed the note to","When Frank and Kate visited the beach, Frank handed the note to",Kate,Fred,Frank,BAB,1,the beach,note,16693,8559,clean,17.933025,11.271812,6.661213,0.72578585,0.00092871,True,1,Kate,Kate | the | his | her | them,17.9330 | 15.2010 | 15.0507 | 14.7983 | 13.8192
"Once Olivia and Sam were at the gym, Olivia brought the package to","Once Alice and Sam were at the gym, Alice brought the package to",Sam,Olivia,Alice,BAB,4,the gym,package,3409,33911,clean,15.303981,12.788378,2.515603,0.14186996,0.0114651,True,2,her,her | Sam | the | them | him,15.8340 | 15.3040 | 15.2041 | 14.3798 | 13.6026
"When Ella and Harry arrived at the library, Harry passed the pen to","When Ella and Clara arrived at the library, Clara passed the pen to",Ella,Harry,Clara,ABB,2,the library,pen,7122,5850,clean,14.985262,13.923995,1.061267,0.12086451,0.0418212,True,1,Ell,Ell | her | his | the | Hermione,14.9853 | 14.6224 | 14.6069 | 14.5768 | 14.5518
"As Clara and Noah walked through the station, Clara offered the gift to","As Sam and Noah walked through the station, Sam offered the gift to",Noah,Clara,Sam,BAB,6,the station,gift,18394,27443,clean,16.955196,10.851785,6.103412,0.68002045,0.00152,True,1,Noah,Noah | her | the | a | them,16.9552 | 14.8929 | 14.5447 | 12.7748 | 12.6991
"After Zach and Xander left the store, Xander sent the pen to","After Zach and Carol left the store, Carol sent the pen to",Zach,Xander,Carol,ABB,3,the store,pen,18825,46122,clean,13.728272,13.309763,0.418509,0.08432892,0.0554907,True,2,the,the | Zach | his | Xander | a,13.9194 | 13.7283 | 13.6509 | 13.3098 | 12.4266
"When Bob and Rose arrived at the station, Rose passed the wallet to","When Bob and Liam arrived at the station, Liam passed the wallet to",Bob,Rose,Liam,ABB,2,the station,wallet,5811,8049,clean,16.57004,13.501734,3.068306,0.56557065,0.02629896,True,1,Bob,Bob | the | her | Rose | a,16.5700 | 14.2908 | 13.5178 | 13.5017 | 13.2501
"While Olivia and Iris were at the restaurant, Olivia delivered the wallet to","While Grace and Iris were at the restaurant, Grace delivered the wallet to",Iris,Olivia,Grace,BAB,5,the restaurant,wallet,34230,33911,clean,15.448979,12.539001,2.909979,0.26900527,0.01465457,True,1,Iris,Iris | her | the | a | Olivia,15.4490 | 14.9559 | 14.7051 | 13.5869 | 12.5390
"After Emma and Liam left the theater, Liam sent the pen to","After Emma and Fred left the theater, Fred sent the pen to",Emma,Liam,Fred,ABB,3,the theater,pen,18966,31684,clean,16.883751,13.832526,3.051225,0.61981905,0.02931803,True,1,Emma,Emma | his | the | Liam | her,16.8838 | 13.8941 | 13.8435 | 13.8325 | 13.6450
"When Henry and Quinn visited the beach, Quinn handed the key to","When Henry and Clara visited the beach, Clara handed the key to",Henry,Quinn,Clara,ABB,1,the beach,key,8616,16109,clean,16.573488,14.347199,2.226289,0.58042216,0.06264394,True,1,Henry,Henry | the | Quinn | her | his,16.5735 | 14.8316 | 14.3472 | 13.5407 | 13.2135
"When Tara and Paul visited the mall, Paul handed the pen to","When Tara and David visited the mall, David handed the pen to",Tara,Paul,David,ABB,1,the mall,pen,37723,3362,clean,17.244869,11.95657,5.2883,0.68917304,0.00348056,True,1,Tara,Tara | the | her | a | them,17.2449 | 14.6252 | 14.5231 | 13.7742 | 13.6318
"When Sam and Grace visited the gym, Sam handed the ticket to","When Emma and Grace visited the gym, Emma handed the ticket to",Grace,Sam,Emma,BAB,1,the gym,ticket,16156,3409,clean,16.375748,12.269977,4.105771,0.47723073,0.00786348,True,1,Grace,Grace | the | his | her | a,16.3757 | 14.8948 | 14.1260 | 13.9063 | 13.8744
"While Yara and Amy were at the station, Amy delivered the card to","While Yara and Isla were at the station, Isla delivered the card to",Yara,Amy,Isla,ABB,5,the station,card,575,14235,clean,14.711119,14.421351,0.289767,0.13188632,0.0987087,True,1,Y,Y | Amy | the | her | a,14.7111 | 14.4214 | 14.4014 | 14.3115 | 13.0321
"Once Sam and Uma were at the school, Sam brought the note to","Once Rose and Uma were at the school, Rose brought the note to",Uma,Sam,Rose,BAB,4,the school,note,471,3409,clean,15.783443,14.229948,1.553495,0.25499594,0.05393352,True,1,U,U | his | her | the | Sam,15.7834 | 14.8772 | 14.6270 | 14.4292 | 14.2299
"When Amy and Isla visited the store, Amy handed the jacket to","When Quinn and Isla visited the store, Quinn handed the jacket to",Isla,Amy,Quinn,BAB,1,the store,jacket,1148,14235,clean,15.985506,14.174736,1.81077,0.28845766,0.04717096,True,1,Is,Is | her | the | Amy | a,15.9855 | 15.3029 | 15.1508 | 14.1747 | 13.5979
"As Mia and Liam walked through the theater, Liam offered the phone to","As Mia and Jack walked through the theater, Jack offered the phone to",Mia,Liam,Jack,ABB,6,the theater,phone,32189,31684,clean,16.396906,12.406499,3.990407,0.44883069,0.00829986,True,1,Mia,Mia | her | the | them | his,16.3969 | 14.4991 | 14.3618 | 13.8884 | 13.6386
"When Isla and Derek went to the office, Derek gave the card to","When Isla and Amy went to the office, Amy gave the card to",Isla,Derek,Amy,ABB,0,the office,card,1148,20893,clean,14.25266,12.761155,1.491505,0.11387143,0.02562492,True,2,the,the | Is | his | a | them,14.4071 | 14.2527 | 13.8376 | 13.0664 | 12.9847
"When Brian and Liam went to the station, Brian gave the pen to","When Zach and Liam went to the station, Zach gave the pen to",Liam,Brian,Zach,BAB,0,the station,pen,31684,8403,clean,16.082481,12.405293,3.677188,0.45379841,0.01147838,True,1,Liam,Liam | the | his | a | them,16.0825 | 14.3778 | 14.1040 | 13.7222 | 13.3902
"After Alice and Uma left the beach, Alice sent the gift to","After Noah and Uma left the beach, Noah sent the gift to",Uma,Alice,Noah,BAB,3,the beach,gift,471,14862,clean,15.808875,13.575025,2.23385,0.2914212,0.03121564,True,1,U,U | her | the | Alice | a,15.8089 | 15.5897 | 14.2051 | 13.5750 | 13.0222
"Once Grace and Kate were at the museum, Grace brought the wallet to","Once Noah and Kate were at the museum, Noah brought the wallet to",Kate,Grace,Noah,BAB,4,the museum,wallet,16693,16156,clean,15.578577,11.673735,3.904842,0.2194878,0.00442139,True,2,the,the | Kate | her | them | a,15.5848 | 15.5786 | 15.1922 | 13.5714 | 13.4379
"When Alice and Carol went to the market, Alice gave the bag to","When Paul and Carol went to the market, Paul gave the bag to",Carol,Alice,Paul,BAB,0,the market,bag,5074,14862,clean,16.762047,13.91063,2.851417,0.47820222,0.02762213,True,1,Carol,Carol | her | the | Alice | Bob,16.7620 | 15.0569 | 14.8414 | 13.9106 | 13.6477
"After Noah and Xander left the store, Xander sent the pen to","After Noah and Uma left the store, Uma sent the pen to",Noah,Xander,Uma,ABB,3,the store,pen,18394,46122,clean,14.014469,12.890089,1.12438,0.1114549,0.03620655,True,1,Noah,Noah | the | his | Xander | a,14.0145 | 13.9855 | 13.6106 | 12.8901 | 12.3854
"When Uma and Clara arrived at the store, Uma passed the wallet to","When Emma and Clara arrived at the store, Emma passed the wallet to",Clara,Uma,Emma,BAB,2,the store,wallet,27443,471,clean,16.562288,11.051893,5.510395,0.55661178,0.00225122,True,1,Clara,Clara | her | the | a | his,16.5623 | 14.7873 | 14.5502 | 14.2702 | 12.9402
"When Henry and Iris went to the cafe, Henry gave the wallet to","When Alice and Iris went to the cafe, Alice gave the wallet to",Iris,Henry,Alice,BAB,0,the cafe,wallet,34230,8616,clean,17.651264,9.967491,7.683773,0.8133564,0.00037434,True,1,Iris,Iris | the | his | them | her,17.6513 | 14.8280 | 14.0096 | 13.5954 | 13.5448
"Once Derek and Paul were at the market, Derek brought the wallet to","Once Xander and Paul were at the market, Xander brought the wallet to",Paul,Derek,Xander,BAB,4,the market,wallet,3362,20893,clean,14.004185,11.534226,2.469958,0.08370564,0.00708052,True,2,the,the | Paul | his | him | them,15.1576 | 14.0042 | 13.8183 | 13.3972 | 13.1368
"When Clara and Harry visited the office, Harry handed the gift to","When Clara and Henry visited the office, Henry handed the gift to",Clara,Harry,Henry,ABB,1,the office,gift,27443,5850,clean,16.771688,13.896898,2.87479,0.47497448,0.02680185,True,1,Clara,Clara | the | her | his | Harry,16.7717 | 15.0525 | 14.8852 | 14.3261 | 13.8969
"Once Derek and Isla were at the gym, Isla brought the phone to","Once Derek and Victor were at the gym, Victor brought the phone to",Derek,Isla,Victor,ABB,4,the gym,phone,20893,1148,clean,16.584373,11.282389,5.301985,0.42705569,0.00212746,True,1,Derek,Derek | his | him | her | the,16.5844 | 15.0761 | 15.0164 | 14.7906 | 14.7097
"Once Quinn and Henry were at the school, Quinn brought the bag to","Once Fred and Henry were at the school, Fred brought the bag to",Henry,Quinn,Fred,BAB,4,the school,bag,8616,16109,clean,15.106276,13.232847,1.873428,0.18458988,0.0283523,True,1,Henry,Henry | the | her | his | Quinn,15.1063 | 14.8562 | 14.3802 | 13.4249 | 13.2328
"Once Rose and Victor were at the station, Victor brought the pen to","Once Rose and Tara were at the station, Tara brought the pen to",Rose,Victor,Tara,ABB,4,the station,pen,8049,12622,clean,16.432148,14.365433,2.066715,0.35327604,0.04472508,True,1,Rose,Rose | her | the | his | Victor,16.4321 | 15.2925 | 15.2264 | 15.1377 | 14.3654
"When Henry and Frank visited the park, Henry handed the wallet to","When Fred and Frank visited the park, Fred handed the wallet to",Frank,Henry,Fred,BAB,1,the park,wallet,5278,8616,clean,16.670868,12.041384,4.629484,0.50371373,0.00491614,True,1,Frank,Frank | the | his | a | them,16.6709 | 15.2321 | 14.6481 | 13.9244 | 13.6099
"As Alice and Yara walked through the theater, Yara offered the ticket to","As Alice and Quinn walked through the theater, Quinn offered the ticket to",Alice,Yara,Quinn,ABB,6,the theater,ticket,14862,575,clean,15.642323,13.694744,1.947579,0.30133036,0.0429754,True,1,Alice,Alice | the | her | Y | them,15.6423 | 14.6749 | 14.2547 | 13.6947 | 13.6642
"Once Zach and Clara were at the office, Clara brought the wallet to","Once Zach and Olivia were at the office, Olivia brought the wallet to",Zach,Clara,Olivia,ABB,4,the office,wallet,18825,27443,clean,14.521574,12.441615,2.079959,0.08899946,0.01111918,True,3,her,her | the | Zach | them | him,15.3052 | 15.1989 | 14.5216 | 13.7401 | 13.5221
"When Iris and Kate went to the mall, Iris gave the pen to","When Gina and Kate went to the mall, Gina gave the pen to",Kate,Iris,Gina,BAB,0,the mall,pen,16693,34230,clean,16.530544,14.049596,2.480948,0.54296619,0.04542663,True,1,Kate,Kate | her | the | Iris | a,16.5305 | 14.7042 | 14.2798 | 14.0496 | 13.5875
"When Quinn and Sam arrived at the market, Quinn passed the book to","When Isla and Sam arrived at the market, Isla passed the book to",Sam,Quinn,Isla,BAB,2,the market,book,3409,16109,clean,16.521618,12.065899,4.455719,0.51575339,0.00598891,True,1,Sam,Sam | her | the | a | his,16.5216 | 14.6170 | 14.4645 | 14.0095 | 13.8334
"After Frank and Carol left the museum, Carol sent the card to","After Frank and Zach left the museum, Zach sent the card to",Frank,Carol,Zach,ABB,3,the museum,card,5278,5074,clean,15.880039,13.763445,2.116594,0.33065939,0.03982498,True,1,Frank,Frank | her | the | Carol | a,15.8800 | 14.3624 | 14.2812 | 13.7634 | 13.0966
"After Derek and Clara left the park, Derek sent the card to","After Uma and Clara left the park, Uma sent the card to",Clara,Derek,Uma,BAB,3,the park,card,27443,20893,clean,16.746481,10.951681,5.7948,0.62097192,0.00188983,True,1,Clara,Clara | his | the | Claire | her,16.7465 | 14.4735 | 14.1152 | 12.9239 | 12.8222
"When Gina and Xander arrived at the restaurant, Xander passed the letter to","When Gina and Bob arrived at the restaurant, Bob passed the letter to",Gina,Xander,Bob,ABB,2,the restaurant,letter,43002,46122,clean,15.927563,13.596079,2.331484,0.33237749,0.03229097,True,1,Gina,Gina | her | the | his | them,15.9276 | 14.5893 | 14.4907 | 14.0681 | 14.0241
"As Paul and Clara walked through the station, Clara offered the wallet to","As Paul and Sam walked through the station, Sam offered the wallet to",Paul,Clara,Sam,ABB,6,the station,wallet,3362,27443,clean,17.257862,13.36201,3.895852,0.73427796,0.01492497,True,1,Paul,Paul | the | her | them | Clara,17.2579 | 14.5175 | 13.6225 | 13.5726 | 13.3620
"While Zach and Uma were at the restaurant, Uma delivered the wallet to","While Zach and Bob were at the restaurant, Bob delivered the wallet to",Zach,Uma,Bob,ABB,5,the restaurant,wallet,18825,471,clean,14.43508,13.713594,0.721485,0.15689805,0.07625715,True,1,Zach,Zach | the | U | her | his,14.4351 | 14.1944 | 13.7136 | 13.4449 | 13.2909
"When Grace and David went to the station, Grace gave the gift to","When Bob and David went to the station, Bob gave the gift to",David,Grace,Bob,BAB,0,the station,gift,3271,16156,clean,14.878765,10.696991,4.181774,0.22231343,0.00339504,True,1,David,David | the | her | a | them,14.8788 | 14.5529 | 14.3050 | 13.5751 | 12.7897
"As Quinn and Ella walked through the park, Ella offered the note to","As Quinn and Henry walked through the park, Henry offered the note to",Quinn,Ella,Henry,ABB,6,the park,note,16109,7122,clean,15.581324,11.152541,4.428782,0.38527879,0.00459599,True,1,Quinn,Quinn | her | the | a | them,15.5813 | 14.3729 | 14.1740 | 12.2683 | 12.0637
"When Mia and Xander went to the school, Xander gave the trophy to","When Mia and Brian went to the school, Brian gave the trophy to",Mia,Xander,Brian,ABB,0,the school,trophy,32189,46122,clean,15.701932,12.999713,2.702219,0.2868723,0.01923667,True,1,Mia,Mia | her | the | his | them,15.7019 | 14.5998 | 14.5396 | 14.3893 | 13.9443
"After Isla and Fred left the cafe, Fred sent the book to","After Isla and Tara left the cafe, Tara sent the book to",Isla,Fred,Tara,ABB,3,the cafe,book,1148,8559,clean,14.199993,13.837337,0.362656,0.11256991,0.07832907,True,1,Is,Is | Fred | the | his | him,14.2000 | 13.8373 | 13.7472 | 13.6469 | 12.8181
"Once Tara and Fred were at the cafe, Tara brought the pen to","Once Quinn and Fred were at the cafe, Quinn brought the pen to",Fred,Tara,Quinn,BAB,4,the cafe,pen,8559,37723,clean,16.297586,12.739561,3.558025,0.30041188,0.00856025,True,1,Fred,Fred | her | the | them | me,16.2976 | 15.9877 | 15.3920 | 13.6362 | 13.5159
"Once Fred and Brian were at the cafe, Brian brought the gift to","Once Fred and Victor were at the cafe, Victor brought the gift to",Fred,Brian,Victor,ABB,4,the cafe,gift,8559,8403,clean,14.757169,13.065634,1.691535,0.09650726,0.01778016,True,3,the,the | them | Fred | his | him,14.8396 | 14.7599 | 14.7572 | 14.6627 | 14.5070
"Once Clara and Xander were at the library, Xander brought the card to","Once Clara and Emma were at the library, Emma brought the card to",Clara,Xander,Emma,ABB,4,the library,card,27443,46122,clean,14.912588,14.666142,0.246446,0.05713447,0.04465481,True,5,her,her | the | them | his | Clara,16.4882 | 15.5177 | 15.2965 | 14.9926 | 14.9126
"Once Mia and Jack were at the restaurant, Mia brought the letter to","Once Fred and Jack were at the restaurant, Fred brought the letter to",Jack,Mia,Fred,BAB,4,the restaurant,letter,3619,32189,clean,15.587538,14.132546,1.454991,0.21479665,0.05013405,True,1,Jack,Jack | her | the | Mia | them,15.5875 | 15.0526 | 14.7315 | 14.1325 | 13.9548
"As Xander and Fred walked through the store, Fred offered the package to","As Xander and Clara walked through the store, Clara offered the package to",Xander,Fred,Clara,ABB,6,the store,package,46122,8559,clean,17.548,13.22631,4.321691,0.62599587,0.00831161,True,1,Xander,Xander | the | them | his | him,17.5480 | 15.2366 | 14.7363 | 14.5306 | 14.2981
"After Kate and Alice left the station, Alice sent the pen to","After Kate and Amy left the station, Amy sent the pen to",Kate,Alice,Amy,ABB,3,the station,pen,16693,14862,clean,14.403092,13.515476,0.887616,0.11978758,0.04930887,True,2,her,her | Kate | the | Alice | a,14.5546 | 14.4031 | 14.0133 | 13.5155 | 12.5417
"When Tara and Henry visited the museum, Henry handed the phone to","When Tara and David visited the museum, David handed the phone to",Tara,Henry,David,ABB,1,the museum,phone,37723,8616,clean,16.044403,12.25258,3.791823,0.36398566,0.00820949,True,1,Tara,Tara | the | her | them | a,16.0444 | 14.7982 | 14.4424 | 14.2827 | 13.6458
"While Ella and Mia were at the beach, Mia delivered the ticket to","While Ella and Xander were at the beach, Xander delivered the ticket to",Ella,Mia,Xander,ABB,5,the beach,ticket,7122,32189,clean,13.441385,12.347497,1.093888,0.06638779,0.02223405,True,3,the,the | her | Ell | a | Mia,14.4012 | 13.6781 | 13.4414 | 12.7151 | 12.3475
"While Isla and Henry were at the station, Isla delivered the pen to","While Alice and Henry were at the station, Alice delivered the pen to",Henry,Isla,Alice,BAB,5,the station,pen,8616,1148,clean,16.250622,12.325054,3.925568,0.59605205,0.01176066,True,1,Henry,Henry | the | his | her | a,16.2506 | 14.0585 | 13.1734 | 12.6807 | 12.6318
"When Yara and Iris visited the market, Yara handed the phone to","When Brian and Iris visited the market, Brian handed the phone to",Iris,Yara,Brian,BAB,1,the market,phone,34230,575,clean,16.591698,12.419115,4.172583,0.62893361,0.00969338,True,1,Iris,Iris | her | the | a | his,16.5917 | 14.6786 | 14.3023 | 12.8763 | 12.6543
"When Emma and Zach visited the gym, Emma handed the package to","When Frank and Zach visited the gym, Frank handed the package to",Zach,Emma,Frank,BAB,1,the gym,package,18825,18966,clean,17.689198,14.169901,3.519297,0.6731171,0.0199379,True,1,Zach,Zach | her | the | them | Emma,17.6892 | 15.4513 | 15.1178 | 14.3484 | 14.1699
"When Amy and Victor arrived at the cafe, Victor passed the book to","When Amy and Gina arrived at the cafe, Gina passed the book to",Amy,Victor,Gina,ABB,2,the cafe,book,14235,12622,clean,15.898303,13.686903,2.2114,0.24106486,0.02640797,True,1,Amy,Amy | her | the | them | his,15.8983 | 15.2509 | 14.9748 | 14.4233 | 14.2742
"When Fred and Bob arrived at the mall, Bob passed the map to","When Fred and Henry arrived at the mall, Henry passed the map to",Fred,Bob,Henry,ABB,2,the mall,map,8559,5811,clean,17.308641,13.94597,3.362672,0.61315465,0.02124126,True,1,Fred,Fred | the | his | them | a,17.3086 | 14.7599 | 14.7363 | 14.6564 | 14.1480
"After Olivia and Bob left the gym, Bob sent the key to","After Olivia and Mia left the gym, Mia sent the key to",Olivia,Bob,Mia,ABB,3,the gym,key,33911,5811,clean,15.466324,13.720646,1.745678,0.29252359,0.05105316,True,1,Olivia,Olivia | the | his | Bob | her,15.4663 | 14.4952 | 14.0796 | 13.7206 | 13.6756
"As Sam and Isla walked through the store, Sam offered the card to","As Brian and Isla walked through the store, Brian offered the card to",Isla,Sam,Brian,BAB,6,the store,card,1148,3409,clean,17.650328,14.270708,3.37962,0.78534096,0.02674903,True,1,Is,Is | the | Sam | his | a,17.6503 | 14.4609 | 14.2707 | 13.6187 | 13.1713
"Once Iris and Grace were at the station, Iris brought the note to","Once Henry and Grace were at the station, Henry brought the note to",Grace,Iris,Henry,BAB,4,the station,note,16156,34230,clean,13.862286,13.220429,0.641856,0.07787853,0.04098861,True,3,her,her | the | Grace | them | Iris,14.7260 | 14.3764 | 13.8623 | 13.2637 | 13.2204
"After Frank and Sam left the beach, Frank sent the ticket to","After Noah and Sam left the beach, Noah sent the ticket to",Sam,Frank,Noah,BAB,3,the beach,ticket,3409,5278,clean,14.750681,13.779178,0.971503,0.17269832,0.06536866,True,1,Sam,Sam | the | his | Frank | a,14.7507 | 14.3687 | 13.8719 | 13.7792 | 13.1728
"When Isla and David went to the cafe, David gave the map to","When Isla and Harry went to the cafe, Harry gave the map to",Isla,David,Harry,ABB,0,the cafe,map,1148,3271,clean,12.603512,13.335136,-0.731625,0.01580138,0.03284244,False,10,the,the | them | his | David | a,14.7262 | 14.5622 | 13.8499 | 13.3351 | 13.1403
"Once Carol and Uma were at the museum, Uma brought the map to","Once Carol and Tara were at the museum, Tara brought the map to",Carol,Uma,Tara,ABB,4,the museum,map,5074,471,clean,14.774971,12.554369,2.220602,0.13571282,0.01473078,True,2,her,her | Carol | the | them | me,15.1279 | 14.7750 | 14.5444 | 13.9939 | 13.7200
"When Grace and Victor went to the gym, Victor gave the card to","When Grace and Iris went to the gym, Iris gave the card to",Grace,Victor,Iris,ABB,0,the gym,card,16156,12622,clean,17.703838,10.30873,7.395108,0.82071984,0.00050413,True,1,Grace,Grace | her | the | his | them,17.7038 | 14.3004 | 13.9318 | 13.5827 | 13.1968
"When Isla and Iris went to the store, Iris gave the card to","When Isla and Rose went to the store, Rose gave the card to",Isla,Iris,Rose,ABB,0,the store,card,1148,34230,clean,11.742102,14.253347,-2.511246,0.01206091,0.14859359,False,6,Iris,Iris | the | her | them | a,14.2533 | 14.0991 | 13.6033 | 13.3613 | 12.5126
"Once David and Noah were at the restaurant, David brought the pen to","Once Wendy and Noah were at the restaurant, Wendy brought the pen to",Noah,David,Wendy,BAB,4,the restaurant,pen,18394,3271,clean,15.986099,13.925628,2.060472,0.24604182,0.03134422,True,1,Noah,Noah | his | the | him | David,15.9861 | 15.7050 | 15.2670 | 14.2253 | 13.9256
"Once Isla and Sam were at the cafe, Sam brought the jacket to","Once Isla and Bob were at the cafe, Bob brought the jacket to",Isla,Sam,Bob,ABB,4,the cafe,jacket,1148,3409,clean,12.527033,13.472332,-0.945299,0.02084799,0.05365403,False,7,the,the | me | Sam | his | her,14.7014 | 13.4794 | 13.4723 | 13.2649 | 13.1625
"After Bob and Mia left the office, Mia sent the ticket to","After Bob and Isla left the office, Isla sent the ticket to",Bob,Mia,Isla,ABB,3,the office,ticket,5811,32189,clean,15.205709,11.948308,3.257401,0.26939476,0.01036854,True,1,Bob,Bob | the | her | a | his,15.2057 | 13.9975 | 13.4919 | 12.4240 | 12.2962
"When Noah and Rose visited the library, Noah handed the bag to","When Jack and Rose visited the library, Jack handed the bag to",Rose,Noah,Jack,BAB,1,the library,bag,8049,18394,clean,17.304741,12.280071,5.02467,0.66011256,0.00433942,True,1,Rose,Rose | the | his | her | a,17.3047 | 15.4048 | 14.9092 | 13.9190 | 13.6322
"When Xander and Ella went to the park, Xander gave the wallet to","When Clara and Ella went to the park, Clara gave the wallet to",Ella,Xander,Clara,BAB,0,the park,wallet,7122,46122,clean,16.460146,14.77947,1.680676,0.35694855,0.066481,True,1,Ell,Ell | the | Xander | them | his,16.4601 | 15.2240 | 14.7795 | 14.2089 | 14.1986
"While David and Fred were at the restaurant, David delivered the gift to","While Jack and Fred were at the restaurant, Jack delivered the gift to",Fred,David,Jack,BAB,5,the restaurant,gift,8559,3271,clean,14.890507,12.710536,2.179971,0.14675525,0.01658992,True,2,his,his | Fred | the | a | their,15.1022 | 14.8905 | 14.8770 | 14.0227 | 12.7399
"Once Fred and Grace were at the office, Fred brought the wallet to","Once Mia and Grace were at the office, Mia brought the wallet to",Grace,Fred,Mia,BAB,4,the office,wallet,16156,8559,clean,12.931107,13.468068,-0.536962,0.01546102,0.02645072,False,9,the,the | his | her | him | them,15.5216 | 15.1063 | 14.6538 | 14.4271 | 13.9738
"When Uma and Iris visited the restaurant, Uma handed the gift to","When Henry and Iris visited the restaurant, Henry handed the gift to",Iris,Uma,Henry,BAB,1,the restaurant,gift,34230,471,clean,16.395695,11.830445,4.565249,0.53543192,0.00557239,True,1,Iris,Iris | her | the | a | his,16.3957 | 15.1928 | 14.6197 | 13.1871 | 12.8652
"While Gina and Tara were at the mall, Tara delivered the key to","While Gina and Henry were at the mall, Henry delivered the key to",Gina,Tara,Henry,ABB,5,the mall,key,43002,37723,clean,13.295362,11.63279,1.662572,0.04732828,0.00897584,True,3,the,the | her | Gina | a | their,15.4413 | 14.1758 | 13.2954 | 13.0894 | 12.6083
"Once Brian and David were at the restaurant, David brought the bag to","Once Brian and Sam were at the restaurant, Sam brought the bag to",Brian,David,Sam,ABB,4,the restaurant,bag,8403,3271,clean,15.621241,13.072065,2.549175,0.16324325,0.01275682,True,1,Brian,Brian | the | me | his | them,15.6212 | 15.3829 | 14.9395 | 14.7481 | 14.4188
"When Yara and Jack went to the beach, Jack gave the jacket to","When Yara and Paul went to the beach, Paul gave the jacket to",Yara,Jack,Paul,ABB,0,the beach,jacket,575,3619,clean,16.437761,13.065654,3.372108,0.42796767,0.01468667,True,1,Y,Y | the | her | his | a,16.4378 | 14.5421 | 14.3226 | 13.9808 | 13.7821
"When Olivia and Clara went to the museum, Clara gave the book to","When Olivia and Wendy went to the museum, Wendy gave the book to",Olivia,Clara,Wendy,ABB,0,the museum,book,33911,27443,clean,14.789021,12.711335,2.077686,0.12794758,0.01602154,True,2,her,her | Olivia | the | a | them,15.2680 | 14.7890 | 14.3838 | 13.5841 | 13.0142
"When Bob and Frank visited the cafe, Frank handed the ticket to","When Bob and Brian visited the cafe, Brian handed the ticket to",Bob,Frank,Brian,ABB,1,the cafe,ticket,5811,5278,clean,15.295661,12.552555,2.743106,0.23579089,0.01517789,True,1,Bob,Bob | the | them | a | his,15.2957 | 14.8161 | 14.0141 | 13.8988 | 13.4256
"When Uma and Xander visited the store, Uma handed the bag to","When Brian and Xander visited the store, Brian handed the bag to",Xander,Uma,Brian,BAB,1,the store,bag,46122,471,clean,17.036863,12.101531,4.935332,0.57775021,0.00415291,True,1,Xander,Xander | the | her | them | a,17.0369 | 15.1373 | 15.0219 | 14.1852 | 13.8596
"When Alice and Bob visited the school, Alice handed the letter to","When Ella and Bob visited the school, Ella handed the letter to",Bob,Alice,Ella,BAB,1,the school,letter,5811,14862,clean,16.595131,14.115479,2.479651,0.42167899,0.03532507,True,1,Bob,Bob | her | the | Alice | them,16.5951 | 15.2694 | 15.2052 | 14.1155 | 14.0711
"When Brian and Amy visited the library, Brian handed the jacket to","When Zach and Amy visited the library, Zach handed the jacket to",Amy,Brian,Zach,BAB,1,the library,jacket,14235,8403,clean,18.950663,11.084846,7.865816,0.85668325,0.00032865,True,1,Amy,Amy | the | her | them | his,18.9507 | 15.4992 | 15.4279 | 14.6995 | 14.4769
"When Bob and Frank visited the hospital, Frank handed the pen to","When Bob and Noah visited the hospital, Noah handed the pen to",Bob,Frank,Noah,ABB,1,the hospital,pen,5811,5278,clean,15.43252,12.603981,2.828539,0.26499623,0.01566105,True,1,Bob,Bob | the | his | a | them,15.4325 | 14.4776 | 14.0871 | 13.6440 | 13.4060
"While Victor and Frank were at the library, Frank delivered the book to","While Victor and Gina were at the library, Gina delivered the book to",Victor,Frank,Gina,ABB,5,the library,book,12622,5278,clean,15.931055,12.729798,3.201257,0.35268235,0.01435805,True,1,Victor,Victor | the | his | a | him,15.9311 | 14.2234 | 13.9912 | 13.7616 | 13.4557
"When Noah and Sam went to the gym, Noah gave the map to","When Isla and Sam went to the gym, Isla gave the map to",Sam,Noah,Isla,BAB,0,the gym,map,3409,18394,clean,17.164757,13.266096,3.898661,0.60468501,0.01225638,True,1,Sam,Sam | the | them | his | him,17.1648 | 15.2128 | 14.7607 | 14.4771 | 13.4557
"After Henry and Iris left the theater, Henry sent the jacket to","After Olivia and Iris left the theater, Olivia sent the jacket to",Iris,Henry,Olivia,BAB,3,the theater,jacket,34230,8616,clean,15.836859,10.681562,5.155296,0.52657831,0.00303771,True,1,Iris,Iris | the | his | her | a,15.8369 | 13.7294 | 13.7273 | 12.5560 | 12.2906
"After Paul and Fred left the restaurant, Paul sent the map to","After Uma and Fred left the restaurant, Uma sent the map to",Fred,Paul,Uma,BAB,3,the restaurant,map,8559,3362,clean,15.546499,13.239026,2.307473,0.35155866,0.03498444,True,1,Fred,Fred | the | his | Paul | a,15.5465 | 14.2698 | 14.2643 | 13.2390 | 12.5521
"When Emma and Brian went to the market, Emma gave the jacket to","When Jack and Brian went to the market, Jack gave the jacket to",Brian,Emma,Jack,BAB,0,the market,jacket,8403,18966,clean,17.537031,13.081451,4.45558,0.68065745,0.00790487,True,1,Brian,Brian | her | the | a | them,17.5370 | 14.9945 | 14.9863 | 13.7399 | 13.4941
"As Rose and Clara walked through the market, Clara offered the pen to","As Rose and Paul walked through the market, Paul offered the pen to",Rose,Clara,Paul,ABB,6,the market,pen,8049,27443,clean,15.43023,12.166901,3.26333,0.34515744,0.013206,True,1,Rose,Rose | her | the | a | Clara,15.4302 | 14.3538 | 14.1261 | 12.8075 | 12.1669
"While Victor and Liam were at the market, Liam delivered the phone to","While Victor and Derek were at the market, Derek delivered the phone to",Victor,Liam,Derek,ABB,5,the market,phone,12622,31684,clean,15.841547,12.383426,3.458121,0.44797659,0.01410627,True,1,Victor,Victor | the | his | a | him,15.8415 | 13.8694 | 13.3287 | 13.0382 | 12.9055
"Once Grace and Isla were at the museum, Isla brought the book to","Once Grace and Frank were at the museum, Frank brought the book to",Grace,Isla,Frank,ABB,4,the museum,book,16156,1148,clean,13.522777,11.376874,2.145903,0.04389697,0.0051343,True,5,her,her | the | them | him | Grace,15.0869 | 14.7204 | 13.8831 | 13.6347 | 13.5228
"After Xander and Olivia left the library, Olivia sent the ticket to","After Xander and Iris left the library, Iris sent the ticket to",Xander,Olivia,Iris,ABB,3,the library,ticket,46122,33911,clean,14.990761,12.573301,2.417459,0.19413652,0.01730684,True,1,Xander,Xander | the | her | him | his,14.9908 | 14.2971 | 13.8675 | 12.8838 | 12.8259
"While Henry and Grace were at the hospital, Henry delivered the book to","While Olivia and Grace were at the hospital, Olivia delivered the book to",Grace,Henry,Olivia,BAB,5,the hospital,book,16156,8616,clean,14.075007,13.106565,0.968442,0.0836532,0.03176095,True,3,his,his | the | Grace | her | a,14.3950 | 14.2860 | 14.0750 | 14.0487 | 13.2813
"When Isla and Tara went to the school, Tara gave the map to","When Isla and Harry went to the school, Harry gave the map to",Isla,Tara,Harry,ABB,0,the school,map,1148,37723,clean,12.417486,13.057358,-0.639872,0.01672904,0.03172223,False,7,the,the | them | her | Tara | a,14.8977 | 14.1201 | 14.0964 | 13.0574 | 12.6645
"As Iris and Olivia walked through the store, Olivia offered the key to","As Iris and Alice walked through the store, Alice offered the key to",Iris,Olivia,Alice,ABB,6,the store,key,34230,33911,clean,12.028574,11.503558,0.525016,0.00856515,0.00506668,True,10,the,the | her | a | their | unlocking,15.9150 | 14.4425 | 13.8605 | 13.8456 | 13.0152
"When Carol and Sam went to the theater, Sam gave the package to","When Carol and Mia went to the theater, Mia gave the package to",Carol,Sam,Mia,ABB,0,the theater,package,5074,3409,clean,17.830362,13.878994,3.951368,0.77260131,0.01485587,True,1,Carol,Carol | the | her | Sam | a,17.8304 | 14.3975 | 14.3005 | 13.8790 | 13.7451
"When Tara and Frank went to the hospital, Frank gave the wallet to","When Tara and Paul went to the hospital, Paul gave the wallet to",Tara,Frank,Paul,ABB,0,the hospital,wallet,37723,5278,clean,16.256954,12.154715,4.10224,0.46206185,0.00764047,True,1,Tara,Tara | the | her | them | a,16.2570 | 14.6534 | 14.0396 | 13.7929 | 13.5310
"When Iris and Amy went to the station, Amy gave the gift to","When Iris and Harry went to the station, Harry gave the gift to",Iris,Amy,Harry,ABB,0,the station,gift,34230,14235,clean,16.730526,13.7432,2.987326,0.63857925,0.03219851,True,1,Iris,Iris | her | the | Amy | a,16.7305 | 14.5415 | 14.1849 | 13.7432 | 12.8174
"When Clara and Rose visited the park, Rose handed the note to","When Clara and Henry visited the park, Henry handed the note to",Clara,Rose,Henry,ABB,1,the park,note,27443,8049,clean,16.275743,13.351235,2.924508,0.44392511,0.02383483,True,1,Clara,Clara | her | the | Rose | a,16.2757 | 14.8864 | 14.8050 | 13.3512 | 13.2342
"Once Carol and Jack were at the store, Carol brought the wallet to","Once Uma and Jack were at the store, Uma brought the wallet to",Jack,Carol,Uma,BAB,4,the store,wallet,3619,5074,clean,15.915426,14.520193,1.395233,0.24611571,0.06098139,True,1,Jack,Jack | her | the | them | Carol,15.9154 | 15.2193 | 15.2147 | 14.6836 | 14.5202
"When Yara and Paul visited the station, Yara handed the book to","When Clara and Paul visited the station, Clara handed the book to",Paul,Yara,Clara,BAB,1,the station,book,3362,575,clean,16.305555,12.178315,4.12724,0.55764925,0.00899339,True,1,Paul,Paul | the | her | them | a,16.3056 | 14.5421 | 14.1783 | 13.0640 | 12.9177
"When Emma and Paul arrived at the theater, Emma passed the gift to","When Wendy and Paul arrived at the theater, Wendy passed the gift to",Paul,Emma,Wendy,BAB,2,the theater,gift,3362,18966,clean,16.004513,12.575056,3.429457,0.29138759,0.00944228,True,1,Paul,Paul | her | the | a | them,16.0045 | 15.7610 | 15.1371 | 14.2390 | 13.5467
"When Alice and Wendy visited the office, Alice handed the map to","When Fred and Wendy visited the office, Fred handed the map to",Wendy,Alice,Fred,BAB,1,the office,map,28314,14862,clean,18.333254,11.834233,6.499021,0.78622264,0.0011832,True,1,Wendy,Wendy | her | the | them | a,18.3333 | 15.9234 | 15.3528 | 14.5737 | 13.2794
"When Zach and Brian arrived at the park, Brian passed the note to","When Zach and Gina arrived at the park, Gina passed the note to",Zach,Brian,Gina,ABB,2,the park,note,18825,8403,clean,16.022984,12.391913,3.63107,0.43228728,0.01145035,True,1,Zach,Zach | the | them | his | a,16.0230 | 14.2272 | 14.1974 | 13.9276 | 13.1917
"While Wendy and David were at the hospital, Wendy delivered the wallet to","While Jack and David were at the hospital, Jack delivered the wallet to",David,Wendy,Jack,BAB,5,the hospital,wallet,3271,28314,clean,14.22997,13.24159,0.98838,0.0764036,0.02843582,True,3,her,her | the | David | a | their,15.3798 | 14.8621 | 14.2300 | 13.9684 | 13.2902
"When Mia and Derek arrived at the cafe, Derek passed the wallet to","When Mia and Wendy arrived at the cafe, Wendy passed the wallet to",Mia,Derek,Wendy,ABB,2,the cafe,wallet,32189,20893,clean,16.76627,11.611391,5.154879,0.5607782,0.00323635,True,1,Mia,Mia | the | her | his | a,16.7663 | 14.6498 | 14.2667 | 14.2614 | 14.0199
"As Ella and Henry walked through the school, Ella offered the pen to","As David and Henry walked through the school, David offered the pen to",Henry,Ella,David,BAB,6,the school,pen,8616,7122,clean,16.453209,12.781942,3.671267,0.54227346,0.01379773,True,1,Henry,Henry | her | the | a | Ell,16.4532 | 14.4982 | 14.3226 | 13.0790 | 12.7819
"While Emma and Rose were at the hospital, Rose delivered the note to","While Emma and Wendy were at the hospital, Wendy delivered the note to",Emma,Rose,Wendy,ABB,5,the hospital,note,18966,8049,clean,15.783628,12.833939,2.94969,0.30642879,0.01604337,True,1,Emma,Emma | her | the | Rose | a,15.7836 | 15.4959 | 14.5251 | 12.8339 | 12.6112
"When Olivia and Paul arrived at the cafe, Olivia passed the bag to","When Brian and Paul arrived at the cafe, Brian passed the bag to",Paul,Olivia,Brian,BAB,2,the cafe,bag,3362,33911,clean,15.769441,11.679468,4.089972,0.2779901,0.00465347,True,1,Paul,Paul | her | the | a | them,15.7694 | 15.4235 | 14.9229 | 14.0112 | 13.9322
"After Emma and Zach left the library, Emma sent the package to","After Isla and Zach left the library, Isla sent the package to",Zach,Emma,Isla,BAB,3,the library,package,18825,18966,clean,15.05284,14.366222,0.686618,0.18862985,0.09493275,True,1,Zach,Zach | her | Emma | the | a,15.0528 | 14.9614 | 14.3662 | 14.2476 | 12.9371
"While Fred and Henry were at the beach, Henry delivered the wallet to","While Fred and Bob were at the beach, Bob delivered the wallet to",Fred,Henry,Bob,ABB,5,the beach,wallet,8559,8616,clean,15.385473,12.940182,2.445292,0.27057469,0.02345906,True,1,Fred,Fred | the | his | a | them,15.3855 | 14.4000 | 13.6994 | 13.2846 | 13.1250
"After Tara and Henry left the market, Tara sent the trophy to","After Zach and Henry left the market, Zach sent the trophy to",Henry,Tara,Zach,BAB,3,the market,trophy,8616,37723,clean,15.381729,12.275078,3.106651,0.30609411,0.01369788,True,1,Henry,Henry | her | the | a | Tara,15.3817 | 14.4400 | 13.9521 | 12.7121 | 12.2751
"After Olivia and Carol left the station, Olivia sent the trophy to","After Harry and Carol left the station, Harry sent the trophy to",Carol,Olivia,Harry,BAB,3,the station,trophy,5074,33911,clean,14.157691,12.339834,1.817857,0.08905983,0.01446095,True,2,her,her | Carol | the | a | Olivia,14.9326 | 14.1577 | 13.8714 | 12.7170 | 12.3398
"After Brian and Alice left the gym, Brian sent the map to","After Harry and Alice left the gym, Harry sent the map to",Alice,Brian,Harry,BAB,3,the gym,map,14862,8403,clean,16.351639,12.511958,3.839681,0.51853198,0.01114868,True,1,Alice,Alice | the | his | her | them,16.3516 | 14.1907 | 13.9878 | 13.0382 | 12.9946
"When David and Victor arrived at the park, Victor passed the card to","When David and Emma arrived at the park, Emma passed the card to",David,Victor,Emma,ABB,2,the park,card,3271,12622,clean,15.443625,13.884178,1.559447,0.26178333,0.05504053,True,1,David,David | the | his | Victor | a,15.4436 | 14.5038 | 14.4537 | 13.8842 | 13.8649
"As Bob and Carol walked through the store, Carol offered the key to","As Bob and Uma walked through the store, Uma offered the key to",Bob,Carol,Uma,ABB,6,the store,key,5811,5074,clean,12.70051,11.683103,1.017407,0.01633544,0.00590577,True,7,the,the | their | her | a | unlocking,15.7889 | 14.0992 | 14.0000 | 13.9341 | 13.5369
"When Victor and Noah arrived at the theater, Victor passed the wallet to","When Amy and Noah arrived at the theater, Amy passed the wallet to",Noah,Victor,Amy,BAB,2,the theater,wallet,18394,12622,clean,17.526093,9.852367,7.673725,0.84610122,0.00039334,True,1,Noah,Noah | the | his | a | him,17.5261 | 14.1910 | 14.0613 | 13.3107 | 12.4286
"When Ella and Paul arrived at the cafe, Paul passed the jacket to","When Ella and Olivia arrived at the cafe, Olivia passed the jacket to",Ella,Paul,Olivia,ABB,2,the cafe,jacket,7122,3362,clean,16.97871,12.996986,3.981724,0.56654006,0.01056793,True,1,Ell,Ell | the | her | a | his,16.9787 | 14.6239 | 14.4660 | 14.2721 | 13.7691
"While Wendy and Uma were at the station, Wendy delivered the bag to","While Bob and Uma were at the station, Bob delivered the bag to",Uma,Wendy,Bob,BAB,5,the station,bag,471,28314,clean,15.509209,13.292813,2.216395,0.26712465,0.02911694,True,1,U,U | her | the | a | Wendy,15.5092 | 15.2276 | 14.7628 | 13.3789 | 13.2928
"When Yara and Gina went to the beach, Yara gave the map to","When Liam and Gina went to the beach, Liam gave the map to",Gina,Yara,Liam,BAB,0,the beach,map,43002,575,clean,16.117292,13.007377,3.109916,0.44921717,0.0200372,True,1,Gina,Gina | her | the | Y | them,16.1173 | 14.8756 | 14.7482 | 13.0074 | 12.9106
"While Clara and Rose were at the hospital, Clara delivered the letter to","While Iris and Rose were at the hospital, Iris delivered the letter to",Rose,Clara,Iris,BAB,5,the hospital,letter,8049,27443,clean,13.840343,12.676326,1.164018,0.08010932,0.02501247,True,3,her,her | the | Rose | Clara | a,14.6846 | 14.3677 | 13.8403 | 12.6763 | 12.0540
"When Gina and Grace visited the market, Grace handed the gift to","When Gina and Uma visited the market, Uma handed the gift to",Gina,Grace,Uma,ABB,1,the market,gift,43002,16156,clean,16.223724,12.156019,4.067705,0.46192968,0.00790668,True,1,Gina,Gina | her | the | a | their,16.2237 | 14.8199 | 14.7373 | 13.5719 | 13.0792
"While Iris and Frank were at the gym, Frank delivered the book to","While Iris and Gina were at the gym, Gina delivered the book to",Iris,Frank,Gina,ABB,5,the gym,book,34230,5278,clean,16.459249,13.072035,3.387215,0.50450999,0.0170538,True,1,Iris,Iris | her | the | his | them,16.4592 | 14.4578 | 14.0252 | 13.8921 | 13.0827
"When Iris and Brian arrived at the market, Brian passed the package to","When Iris and Liam arrived at the market, Liam passed the package to",Iris,Brian,Liam,ABB,2,the market,package,34230,8403,clean,17.424767,12.720222,4.704544,0.73865384,0.0066878,True,1,Iris,Iris | her | the | them | his,17.4248 | 14.3810 | 14.2070 | 13.7495 | 13.5961
"When Victor and Grace went to the hospital, Grace gave the trophy to","When Victor and Clara went to the hospital, Clara gave the trophy to",Victor,Grace,Clara,ABB,0,the hospital,trophy,12622,16156,clean,16.575647,9.544626,7.031021,0.60051835,0.00053088,True,1,Victor,Victor | the | her | a | him,16.5756 | 14.3184 | 14.0721 | 13.2862 | 12.9846
"As Victor and Rose walked through the gym, Rose offered the note to","As Victor and Henry walked through the gym, Henry offered the note to",Victor,Rose,Henry,ABB,6,the gym,note,12622,8049,clean,17.431265,12.988187,4.443078,0.78117758,0.0091864,True,1,Victor,Victor | the | her | his | Rose,17.4313 | 14.3882 | 13.5287 | 13.1012 | 12.9882
"Once Harry and Yara were at the school, Harry brought the map to","Once Amy and Yara were at the school, Amy brought the map to",Yara,Harry,Amy,BAB,4,the school,map,575,5850,clean,14.487891,14.612374,-0.124483,0.04178548,0.04732469,False,6,the,the | them | Hermione | his | Harry,15.6854 | 15.6765 | 15.2508 | 15.1270 | 14.6124
"When Uma and Wendy visited the theater, Wendy handed the bag to","When Uma and Zach visited the theater, Zach handed the bag to",Uma,Wendy,Zach,ABB,1,the theater,bag,471,28314,clean,16.220177,12.703933,3.516244,0.37512431,0.01114525,True,1,U,U | the | her | them | a,16.2202 | 15.0624 | 15.0254 | 13.8390 | 13.6112
"When Gina and Quinn arrived at the mall, Quinn passed the gift to","When Gina and Iris arrived at the mall, Iris passed the gift to",Gina,Quinn,Iris,ABB,2,the mall,gift,43002,16109,clean,16.290527,14.316358,1.97417,0.42914876,0.05959871,True,1,Gina,Gina | her | the | Quinn | a,16.2905 | 15.2606 | 14.4149 | 14.3164 | 13.8570
"When Henry and Derek visited the museum, Derek handed the phone to","When Henry and Tara visited the museum, Tara handed the phone to",Henry,Derek,Tara,ABB,1,the museum,phone,8616,20893,clean,16.534628,14.003881,2.530746,0.48096955,0.03828498,True,1,Henry,Henry | the | his | Derek | a,16.5346 | 14.7266 | 14.3816 | 14.0039 | 13.7204
"Once Iris and Sam were at the hospital, Iris brought the gift to","Once Derek and Sam were at the hospital, Derek brought the gift to",Sam,Iris,Derek,BAB,4,the hospital,gift,3409,34230,clean,14.735596,12.8402,1.895395,0.14030914,0.0210827,True,2,her,her | Sam | the | them | him,15.2419 | 14.7356 | 14.4606 | 13.7578 | 13.2396
"As Paul and Yara walked through the theater, Paul offered the wallet to","As Gina and Yara walked through the theater, Gina offered the wallet to",Yara,Paul,Gina,BAB,6,the theater,wallet,575,3362,clean,15.718609,12.896847,2.821762,0.34717697,0.02065738,True,1,Y,Y | the | a | them | his,15.7186 | 14.7238 | 13.8177 | 13.4269 | 13.4264
"Once Rose and Paul were at the gym, Rose brought the bag to","Once Ella and Paul were at the gym, Ella brought the bag to",Paul,Rose,Ella,BAB,4,the gym,bag,3362,8049,clean,15.456408,13.043232,2.413176,0.19985954,0.01789353,True,2,the,the | Paul | her | his | him,15.4655 | 15.4564 | 15.2274 | 13.7133 | 13.5769
"While Victor and Uma were at the mall, Uma delivered the key to","While Victor and Henry were at the mall, Henry delivered the key to",Victor,Uma,Henry,ABB,5,the mall,key,12622,471,clean,15.349549,13.713778,1.635771,0.32460082,0.06323294,True,1,Victor,Victor | the | U | her | his,15.3495 | 14.8117 | 13.7138 | 13.1939 | 12.8885
"When Rose and Mia arrived at the library, Mia passed the jacket to","When Rose and Henry arrived at the library, Henry passed the jacket to",Rose,Mia,Henry,ABB,2,the library,jacket,8049,32189,clean,15.931783,13.052332,2.879451,0.41506258,0.02331224,True,1,Rose,Rose | her | the | a | Mia,15.9318 | 14.6618 | 14.2874 | 13.7411 | 13.0523
"After Paul and Clara left the park, Paul sent the wallet to","After Grace and Clara left the park, Grace sent the wallet to",Clara,Paul,Grace,BAB,3,the park,wallet,27443,3362,clean,17.069855,12.581108,4.488747,0.68219131,0.00766423,True,1,Clara,Clara | the | his | a | her,17.0699 | 14.2787 | 14.0734 | 13.0656 | 12.9871
"After Iris and Liam left the school, Iris sent the pen to","After Grace and Liam left the school, Grace sent the pen to",Liam,Iris,Grace,BAB,3,the school,pen,31684,34230,clean,13.661226,13.14706,0.514166,0.11013459,0.0658604,True,1,Liam,Liam | her | the | Iris | them,13.6612 | 13.6160 | 13.4759 | 13.1471 | 11.9319
"When Gina and Kate visited the school, Kate handed the pen to","When Gina and Jack visited the school, Jack handed the pen to",Gina,Kate,Jack,ABB,1,the school,pen,43002,16693,clean,16.270048,12.497341,3.772707,0.4537591,0.01043181,True,1,Gina,Gina | her | the | a | Kate,16.2700 | 14.9186 | 14.5255 | 13.6005 | 12.4973
"When David and Iris arrived at the office, Iris passed the map to","When David and Gina arrived at the office, Gina passed the map to",David,Iris,Gina,ABB,2,the office,map,3271,34230,clean,15.81866,13.430334,2.388326,0.35902646,0.03295261,True,1,David,David | the | them | her | Iris,15.8187 | 14.5351 | 14.3918 | 14.1713 | 13.4303
"As Rose and Uma walked through the mall, Uma offered the gift to","As Rose and Paul walked through the mall, Paul offered the gift to",Rose,Uma,Paul,ABB,6,the mall,gift,8049,471,clean,15.956816,13.953899,2.002916,0.39610374,0.0534507,True,1,Rose,Rose | her | the | U | a,15.9568 | 15.2589 | 14.4236 | 13.9539 | 13.4271
"When Emma and Gina arrived at the school, Emma passed the package to","When Grace and Gina arrived at the school, Grace passed the package to",Gina,Emma,Grace,BAB,2,the school,package,43002,18966,clean,16.573179,13.447449,3.125731,0.41220513,0.0180978,True,1,Gina,Gina | her | the | a | Emma,16.5732 | 15.9009 | 15.0890 | 14.0996 | 13.4474
"When Xander and Emma went to the cafe, Emma gave the card to","When Xander and Henry went to the cafe, Henry gave the card to",Xander,Emma,Henry,ABB,0,the cafe,card,46122,18966,clean,17.386703,13.244368,4.142336,0.65746522,0.0104443,True,1,Xander,Xander | the | her | him | them,17.3867 | 15.0041 | 14.5597 | 13.8311 | 13.6818
"While Xander and Carol were at the store, Xander delivered the letter to","While Paul and Carol were at the store, Paul delivered the letter to",Carol,Xander,Paul,BAB,5,the store,letter,5074,46122,clean,15.943629,10.773548,5.170081,0.32321623,0.0018372,True,1,Carol,Carol | the | his | her | a,15.9436 | 14.5792 | 14.1142 | 13.2207 | 12.7714
"When David and Jack arrived at the mall, David passed the letter to","When Kate and Jack arrived at the mall, Kate passed the letter to",Jack,David,Kate,BAB,2,the mall,letter,3619,3271,clean,15.066906,10.334977,4.731929,0.20533182,0.00180886,True,1,Jack,Jack | his | the | them | a,15.0669 | 14.9745 | 14.2267 | 14.0583 | 13.5036
"When Zach and Gina visited the museum, Gina handed the gift to","When Zach and Xander visited the museum, Xander handed the gift to",Zach,Gina,Xander,ABB,1,the museum,gift,18825,43002,clean,15.781034,10.113433,5.667602,0.36140382,0.00124906,True,1,Zach,Zach | the | her | them | a,15.7810 | 14.5724 | 14.3764 | 13.8336 | 13.2198
"While Wendy and Sam were at the school, Wendy delivered the letter to","While Iris and Sam were at the school, Iris delivered the letter to",Sam,Wendy,Iris,BAB,5,the school,letter,3409,28314,clean,14.381838,12.303455,2.078382,0.12844333,0.01607243,True,2,the,the | Sam | her | a | their,14.8551 | 14.3818 | 14.3328 | 13.4718 | 12.6486
"When Harry and Iris visited the office, Harry handed the trophy to","When Bob and Iris visited the office, Bob handed the trophy to",Iris,Harry,Bob,BAB,1,the office,trophy,34230,5850,clean,16.531963,13.429413,3.102551,0.45393297,0.02039723,True,1,Iris,Iris | the | his | them | her,16.5320 | 15.0971 | 14.8062 | 14.1102 | 13.6829
"Once Noah and Rose were at the school, Rose brought the letter to","Once Noah and Emma were at the school, Emma brought the letter to",Noah,Rose,Emma,ABB,4,the school,letter,18394,8049,clean,16.082287,12.925231,3.157056,0.43440703,0.01848438,True,1,Noah,Noah | the | her | them | school,16.0823 | 14.6083 | 13.6430 | 13.2717 | 13.0626
"Once Frank and Alice were at the hospital, Frank brought the package to","Once Tara and Alice were at the hospital, Tara brought the package to",Alice,Frank,Tara,BAB,4,the hospital,package,14862,5278,clean,16.192986,11.92736,4.265626,0.34606293,0.00485979,True,1,Alice,Alice | the | her | his | them,16.1930 | 15.0580 | 14.1813 | 14.1704 | 14.0859
"While Amy and Fred were at the museum, Fred delivered the map to","While Amy and Sam were at the museum, Sam delivered the map to",Amy,Fred,Sam,ABB,5,the museum,map,14235,8559,clean,14.986091,12.210903,2.775187,0.15222619,0.00948944,True,1,Amy,Amy | the | her | them | his,14.9861 | 14.7215 | 13.9834 | 13.7735 | 13.5227
"While Zach and Amy were at the store, Zach delivered the pen to","While Yara and Amy were at the store, Yara delivered the pen to",Amy,Zach,Yara,BAB,5,the store,pen,14235,18825,clean,17.30022,11.686852,5.613369,0.70001853,0.0025542,True,1,Amy,Amy | the | his | her | a,17.3002 | 14.7156 | 14.3888 | 13.6189 | 13.5235
"When Alice and Tara arrived at the theater, Tara passed the key to","When Alice and Clara arrived at the theater, Clara passed the key to",Alice,Tara,Clara,ABB,2,the theater,key,14862,37723,clean,12.235731,11.700271,0.53546,0.0101564,0.00594555,True,5,the,the | her | a | their | Alice,16.2941 | 14.4794 | 13.8507 | 13.7792 | 12.2357
"While Fred and Iris were at the theater, Fred delivered the book to","While Victor and Iris were at the theater, Victor delivered the book to",Iris,Fred,Victor,BAB,5,the theater,book,34230,8559,clean,15.397169,11.64592,3.751249,0.28425178,0.00667661,True,1,Iris,Iris | the | his | a | her,15.3972 | 14.3533 | 14.2579 | 13.7616 | 13.4228
"Once Paul and Clara were at the beach, Clara brought the letter to","Once Paul and Harry were at the beach, Harry brought the letter to",Paul,Clara,Harry,ABB,4,the beach,letter,3362,27443,clean,15.930687,13.87941,2.051277,0.31456015,0.04044318,True,1,Paul,Paul | the | her | Clara | him,15.9307 | 14.5837 | 14.4368 | 13.8794 | 13.7535
"As Rose and Tara walked through the station, Rose offered the phone to","As Fred and Tara walked through the station, Fred offered the phone to",Tara,Rose,Fred,BAB,6,the station,phone,37723,8049,clean,15.632407,11.708178,3.92423,0.35932383,0.00709929,True,1,Tara,Tara | her | the | a | them,15.6324 | 14.7912 | 14.3994 | 12.8947 | 12.6061
"As Iris and Clara walked through the cafe, Iris offered the wallet to","As Frank and Clara walked through the cafe, Frank offered the wallet to",Clara,Iris,Frank,BAB,6,the cafe,wallet,27443,34230,clean,16.444546,12.145466,4.29908,0.54432458,0.0073925,True,1,Clara,Clara | the | her | them | a,16.4445 | 14.8115 | 14.6836 | 13.2733 | 12.8262
"When David and Grace arrived at the station, Grace passed the ticket to","When David and Amy arrived at the station, Amy passed the ticket to",David,Grace,Amy,ABB,2,the station,ticket,3271,16156,clean,14.062742,10.834949,3.227794,0.13110958,0.00519782,True,2,the,the | David | her | a | their,14.2512 | 14.0627 | 13.3544 | 13.3491 | 12.3928
"As Iris and Olivia walked through the theater, Iris offered the map to","As Zach and Olivia walked through the theater, Zach offered the map to",Olivia,Iris,Zach,BAB,6,the theater,map,33911,34230,clean,15.604717,12.669224,2.935493,0.35724139,0.01897113,True,1,Olivia,Olivia | her | the | them | Iris,15.6047 | 14.7457 | 14.5217 | 13.4093 | 12.6692
"When Zach and Yara went to the market, Zach gave the ticket to","When Paul and Yara went to the market, Paul gave the ticket to",Yara,Zach,Paul,BAB,0,the market,ticket,575,18825,clean,15.454653,11.786211,3.668442,0.33625594,0.00857997,True,1,Y,Y | the | a | his | their,15.4547 | 14.4710 | 13.7357 | 13.3035 | 12.7825
"When Fred and Harry went to the office, Harry gave the note to","When Fred and Tara went to the office, Tara gave the note to",Fred,Harry,Tara,ABB,0,the office,note,8559,5850,clean,17.381832,14.980421,2.401411,0.6259861,0.0567081,True,1,Fred,Fred | Harry | the | his | Hermione,17.3818 | 14.9804 | 14.8881 | 14.6931 | 13.8473
"While Derek and Liam were at the hospital, Derek delivered the ticket to","While Henry and Liam were at the hospital, Henry delivered the ticket to",Liam,Derek,Henry,BAB,5,the hospital,ticket,31684,20893,clean,14.712483,11.585227,3.127256,0.16626751,0.00728882,True,1,Liam,Liam | the | his | their | a,14.7125 | 14.7028 | 14.2709 | 12.8955 | 12.8396
"When Ella and Noah went to the library, Noah gave the note to","When Ella and Zach went to the library, Zach gave the note to",Ella,Noah,Zach,ABB,0,the library,note,7122,18394,clean,15.76703,15.057045,0.709985,0.2592636,0.12746739,True,1,Ell,Ell | Noah | the | his | her,15.7670 | 15.0570 | 14.7131 | 14.3924 | 14.1914
"When Zach and Xander arrived at the restaurant, Zach passed the bag to","When Grace and Xander arrived at the restaurant, Grace passed the bag to",Xander,Zach,Grace,BAB,2,the restaurant,bag,46122,18825,clean,16.1021,11.160285,4.941815,0.36372492,0.00259759,True,1,Xander,Xander | his | the | a | their,16.1021 | 15.3440 | 14.9972 | 14.0854 | 13.0711
"When Frank and Victor went to the restaurant, Frank gave the wallet to","When Jack and Victor went to the restaurant, Jack gave the wallet to",Victor,Frank,Jack,BAB,0,the restaurant,wallet,12622,5278,clean,17.497015,12.693182,4.803833,0.71984184,0.00590145,True,1,Victor,Victor | the | his | a | them,17.4970 | 15.1381 | 13.9714 | 13.8317 | 13.5262
"After Derek and Iris left the market, Iris sent the pen to","After Derek and Gina left the market, Gina sent the pen to",Derek,Iris,Gina,ABB,3,the market,pen,20893,34230,clean,13.615728,12.355247,1.260481,0.1288662,0.03653584,True,1,Derek,Derek | the | her | Iris | him,13.6157 | 13.2783 | 12.7040 | 12.3552 | 11.8696
"As Alice and Uma walked through the station, Alice offered the pen to","As Harry and Uma walked through the station, Harry offered the pen to",Uma,Alice,Harry,BAB,6,the station,pen,471,14862,clean,15.987326,12.5136,3.473725,0.39843547,0.01235203,True,1,U,U | her | the | one | a,15.9873 | 15.0227 | 14.3774 | 13.0775 | 13.0750
"As Quinn and Gina walked through the theater, Quinn offered the pen to","As Isla and Gina walked through the theater, Isla offered the pen to",Gina,Quinn,Isla,BAB,6,the theater,pen,43002,16109,clean,16.180582,11.703336,4.477246,0.57155365,0.00649552,True,1,Gina,Gina | her | the | a | one,16.1806 | 14.5495 | 13.9105 | 13.1564 | 12.3069
"While Fred and Derek were at the theater, Derek delivered the bag to","While Fred and Kate were at the theater, Kate delivered the bag to",Fred,Derek,Kate,ABB,5,the theater,bag,8559,20893,clean,14.111059,13.282555,0.828505,0.07852761,0.03429315,True,3,the,the | his | Fred | them | a,14.5408 | 14.1959 | 14.1111 | 13.6210 | 13.5765
"Once Rose and Iris were at the hospital, Iris brought the gift to","Once Rose and Tara were at the hospital, Tara brought the gift to",Rose,Iris,Tara,ABB,4,the hospital,gift,8049,34230,clean,15.187674,13.477461,1.710213,0.20603666,0.03725706,True,1,Rose,Rose | her | the | Iris | them,15.1877 | 15.0674 | 14.4629 | 13.4775 | 13.4345
"When Kate and Isla went to the beach, Isla gave the bag to","When Kate and Harry went to the beach, Harry gave the bag to",Kate,Isla,Harry,ABB,0,the beach,bag,16693,1148,clean,17.138432,13.765013,3.373419,0.59628987,0.02043621,True,1,Kate,Kate | her | the | them | Is,17.1384 | 15.0736 | 14.6438 | 14.1421 | 13.7650
"When Yara and Jack arrived at the park, Jack passed the gift to","When Yara and Uma arrived at the park, Uma passed the gift to",Yara,Jack,Uma,ABB,2,the park,gift,575,3619,clean,15.779844,12.377294,3.402551,0.27377641,0.00911354,True,1,Y,Y | his | the | her | a,15.7798 | 14.8234 | 14.6495 | 14.4812 | 13.7462
"While David and Grace were at the office, Grace delivered the key to","While David and Noah were at the office, Noah delivered the key to",David,Grace,Noah,ABB,5,the office,key,3271,16156,clean,12.279278,8.488726,3.790552,0.03192381,0.00072094,True,4,the,the | her | a | David | their,14.7395 | 13.2183 | 12.6855 | 12.2793 | 12.1955
"When Wendy and Paul visited the school, Wendy handed the trophy to","When Uma and Paul visited the school, Uma handed the trophy to",Paul,Wendy,Uma,BAB,1,the school,trophy,3362,28314,clean,15.207397,12.850157,2.357241,0.17618455,0.01668135,True,2,her,her | Paul | the | a | them,15.4668 | 15.2074 | 15.0931 | 13.8616 | 13.8369
"After Sam and Iris left the school, Iris sent the note to","After Sam and Mia left the school, Mia sent the note to",Sam,Iris,Mia,ABB,3,the school,note,3409,34230,clean,14.486443,13.02778,1.458663,0.16601607,0.03860654,True,1,Sam,Sam | her | the | Iris | them,14.4864 | 13.9883 | 13.7651 | 13.0278 | 12.1899
"After David and Victor left the school, David sent the book to","After Kate and Victor left the school, Kate sent the book to",Victor,David,Kate,BAB,3,the school,book,12622,3271,clean,15.319865,12.239526,3.080339,0.22299908,0.01024539,True,1,Victor,Victor | his | the | him | a,15.3199 | 15.1037 | 13.9963 | 13.7250 | 13.6528
"When Fred and Emma visited the library, Emma handed the wallet to","When Fred and David visited the library, David handed the wallet to",Fred,Emma,David,ABB,1,the library,wallet,8559,18966,clean,18.16819,12.638477,5.529713,0.7781679,0.00308709,True,1,Fred,Fred | the | her | him | them,18.1682 | 15.1252 | 14.5502 | 14.2927 | 14.1158
"While Paul and Olivia were at the cafe, Olivia delivered the map to","While Paul and Tara were at the cafe, Tara delivered the map to",Paul,Olivia,Tara,ABB,5,the cafe,map,3362,33911,clean,16.053629,12.325702,3.727927,0.46511605,0.01118261,True,1,Paul,Paul | the | her | them | a,16.0536 | 14.3943 | 13.9926 | 13.2317 | 12.8926
"When Liam and Isla arrived at the office, Liam passed the ticket to","When Xander and Isla arrived at the office, Xander passed the ticket to",Isla,Liam,Xander,BAB,2,the office,ticket,1148,31684,clean,15.829994,12.555253,3.274741,0.44744918,0.01692551,True,1,Is,Is | the | his | them | a,15.8300 | 14.3183 | 13.8745 | 12.9481 | 12.7711
"When Wendy and Noah visited the beach, Wendy handed the letter to","When Brian and Noah visited the beach, Brian handed the letter to",Noah,Wendy,Brian,BAB,1,the beach,letter,18394,28314,clean,17.313227,11.847705,5.465522,0.71488535,0.00302406,True,1,Noah,Noah | her | the | them | a,17.3132 | 15.0305 | 14.7664 | 13.3506 | 13.2547
"When Henry and Jack visited the library, Henry handed the package to","When Clara and Jack visited the library, Clara handed the package to",Jack,Henry,Clara,BAB,1,the library,package,3619,8616,clean,16.687147,12.537933,4.149214,0.46452254,0.00732869,True,1,Jack,Jack | the | them | his | their,16.6871 | 15.2762 | 14.8914 | 14.5101 | 13.8011
"When Zach and Uma arrived at the office, Zach passed the gift to","When Clara and Uma arrived at the office, Clara passed the gift to",Uma,Zach,Clara,BAB,2,the office,gift,471,18825,clean,16.572083,9.591277,6.980805,0.49115118,0.00045655,True,1,U,U | his | the | her | a,16.5721 | 15.4697 | 14.4937 | 14.0518 | 13.7410
"When Alice and Rose visited the hospital, Rose handed the key to","When Alice and Jack visited the hospital, Jack handed the key to",Alice,Rose,Jack,ABB,1,the hospital,key,14862,8049,clean,16.123581,13.674249,2.449332,0.43482295,0.0375475,True,1,Alice,Alice | the | her | Rose | a,16.1236 | 15.0730 | 14.5526 | 13.6742 | 12.7725
"After Harry and Emma left the mall, Harry sent the package to","After Quinn and Emma left the mall, Quinn sent the package to",Emma,Harry,Quinn,BAB,3,the mall,package,18966,5850,clean,16.133583,12.866356,3.267227,0.3012085,0.01147965,True,1,Emma,Emma | his | the | Hermione | a,16.1336 | 15.2942 | 15.0503 | 13.8048 | 13.4236
"As Fred and Kate walked through the station, Fred offered the jacket to","As Iris and Kate walked through the station, Iris offered the jacket to",Kate,Fred,Iris,BAB,6,the station,jacket,16693,8559,clean,17.638916,12.014681,5.624235,0.71820432,0.00259223,True,1,Kate,Kate | the | her | his | a,17.6389 | 15.0265 | 14.2512 | 14.0877 | 13.5668
"Once Quinn and Gina were at the mall, Gina brought the gift to","Once Quinn and Liam were at the mall, Liam brought the gift to",Quinn,Gina,Liam,ABB,4,the mall,gift,16109,43002,clean,15.140711,13.26697,1.873741,0.15871646,0.02437062,True,2,her,her | Quinn | the | them | Gina,15.6565 | 15.1407 | 14.3978 | 13.8116 | 13.2670
"When Fred and Clara arrived at the mall, Fred passed the phone to","When Carol and Clara arrived at the mall, Carol passed the phone to",Clara,Fred,Carol,BAB,2,the mall,phone,27443,8559,clean,16.413418,10.353492,6.059926,0.4993948,0.00116587,True,1,Clara,Clara | his | the | a | her,16.4134 | 14.7407 | 14.5182 | 14.2248 | 13.6826
"While Ella and Wendy were at the station, Ella delivered the trophy to","While Amy and Wendy were at the station, Amy delivered the trophy to",Wendy,Ella,Amy,BAB,5,the station,trophy,28314,7122,clean,15.54378,11.765958,3.777822,0.33339033,0.00762545,True,1,Wendy,Wendy | her | the | a | their,15.5438 | 14.6724 | 14.4056 | 12.8809 | 12.2735
"While Yara and Liam were at the station, Yara delivered the key to","While Tara and Liam were at the station, Tara delivered the key to",Liam,Yara,Tara,BAB,5,the station,key,31684,575,clean,13.101805,12.534619,0.567185,0.06145117,0.03485015,True,2,the,the | Liam | her | Y | his,14.9081 | 13.1018 | 12.5662 | 12.5346 | 12.4454
"When Sam and Isla went to the market, Isla gave the bag to","When Sam and Kate went to the market, Kate gave the bag to",Sam,Isla,Kate,ABB,0,the market,bag,3409,1148,clean,17.470486,13.188083,4.282403,0.75500643,0.01042621,True,1,Sam,Sam | the | them | her | his,17.4705 | 14.3455 | 14.0363 | 13.6610 | 13.5414
"While Frank and Tara were at the theater, Tara delivered the bag to","While Frank and Yara were at the theater, Yara delivered the bag to",Frank,Tara,Yara,ABB,5,the theater,bag,5278,37723,clean,16.401953,13.58702,2.814933,0.46838328,0.02806025,True,1,Frank,Frank | the | her | Tara | a,16.4020 | 14.6374 | 14.5394 | 13.5870 | 13.3666
"While David and Henry were at the library, Henry delivered the wallet to","While David and Jack were at the library, Jack delivered the wallet to",David,Henry,Jack,ABB,5,the library,wallet,3271,8616,clean,14.050667,13.612518,0.438148,0.0715245,0.04614975,True,3,the,the | his | David | a | Henry,14.6618 | 14.1823 | 14.0507 | 13.8924 | 13.6125
"When Noah and Carol visited the park, Noah handed the jacket to","When Uma and Carol visited the park, Uma handed the jacket to",Carol,Noah,Uma,BAB,1,the park,jacket,5074,18394,clean,17.683743,10.84648,6.837262,0.74298155,0.00079725,True,1,Carol,Carol | the | his | a | her,17.6837 | 15.3558 | 14.2796 | 13.7364 | 13.4500
"After Zach and Henry left the cafe, Zach sent the wallet to","After Noah and Henry left the cafe, Noah sent the wallet to",Henry,Zach,Noah,BAB,3,the cafe,wallet,8616,18825,clean,15.203253,12.660917,2.542336,0.30684409,0.02414324,True,1,Henry,Henry | his | the | a | Zach,15.2033 | 14.1976 | 14.1381 | 12.6954 | 12.6609
"After Frank and Gina left the beach, Gina sent the card to","After Frank and Yara left the beach, Yara sent the card to",Frank,Gina,Yara,ABB,3,the beach,card,5278,43002,clean,16.456375,13.090546,3.365829,0.50980479,0.01760527,True,1,Frank,Frank | her | the | Gina | a,16.4564 | 14.6028 | 13.9382 | 13.0905 | 12.5305
"Once Paul and Brian were at the park, Brian brought the note to","Once Paul and Zach were at the park, Zach brought the note to",Paul,Brian,Zach,ABB,4,the park,note,3362,8403,clean,15.913294,12.792658,3.120636,0.26813015,0.01183234,True,1,Paul,Paul | them | the | him | his,15.9133 | 14.7140 | 14.6464 | 14.3785 | 14.3318
"After Amy and Fred left the gym, Fred sent the phone to","After Amy and Grace left the gym, Grace sent the phone to",Amy,Fred,Grace,ABB,3,the gym,phone,14235,8559,clean,15.814384,13.012678,2.801706,0.31653139,0.01921548,True,1,Amy,Amy | the | her | his | Fred,15.8144 | 14.4116 | 14.3486 | 14.1292 | 13.0127
"When Rose and Zach arrived at the museum, Zach passed the ticket to","When Rose and Frank arrived at the museum, Frank passed the ticket to",Rose,Zach,Frank,ABB,2,the museum,ticket,8049,18825,clean,15.079975,13.152076,1.927899,0.28082457,0.0408469,True,1,Rose,Rose | the | his | her | Zach,15.0800 | 13.9260 | 13.1822 | 13.1799 | 13.1521
"As Amy and Tara walked through the park, Tara offered the bag to","As Amy and Ella walked through the park, Ella offered the bag to",Amy,Tara,Ella,ABB,6,the park,bag,14235,37723,clean,17.894173,14.234874,3.659299,0.64541411,0.01661978,True,1,Amy,Amy | her | the | them | Tara,17.8942 | 15.6846 | 15.1460 | 14.5970 | 14.2349
"As Isla and Amy walked through the gym, Isla offered the jacket to","As Carol and Amy walked through the gym, Carol offered the jacket to",Amy,Isla,Carol,BAB,6,the gym,jacket,14235,1148,clean,18.567133,11.218043,7.34909,0.91099757,0.00058593,True,1,Amy,Amy | her | the | a | them,18.5671 | 14.7814 | 14.4999 | 12.9123 | 12.5374
"After Sam and Derek left the store, Sam sent the gift to","After Quinn and Derek left the store, Quinn sent the gift to",Derek,Sam,Quinn,BAB,3,the store,gift,20893,3409,clean,15.519419,12.286276,3.233143,0.28624716,0.01128769,True,1,Derek,Derek | his | the | a | their,15.5194 | 15.1866 | 14.1692 | 13.3725 | 12.9777
"When Clara and Emma arrived at the beach, Emma passed the letter to","When Clara and Frank arrived at the beach, Frank passed the letter to",Clara,Emma,Frank,ABB,2,the beach,letter,27443,18966,clean,15.835014,13.242821,2.592194,0.32479036,0.0243124,True,1,Clara,Clara | her | the | Emma | them,15.8350 | 15.4698 | 14.2186 | 13.2428 | 13.1069
"While Bob and Henry were at the park, Bob delivered the phone to","While Victor and Henry were at the park, Victor delivered the phone to",Henry,Bob,Victor,BAB,5,the park,phone,8616,5811,clean,15.351502,12.181802,3.169701,0.26622251,0.01118565,True,1,Henry,Henry | the | his | a | Bob,15.3515 | 14.3782 | 14.1455 | 13.4152 | 12.1818
"When Iris and Liam went to the school, Iris gave the ticket to","When Sam and Liam went to the school, Sam gave the ticket to",Liam,Iris,Sam,BAB,0,the school,ticket,31684,34230,clean,15.605842,12.618479,2.987363,0.3943046,0.01988093,True,1,Liam,Liam | the | them | her | a,15.6058 | 14.6650 | 13.8402 | 13.4707 | 12.7298
"When Tara and Victor arrived at the theater, Victor passed the letter to","When Tara and Olivia arrived at the theater, Olivia passed the letter to",Tara,Victor,Olivia,ABB,2,the theater,letter,37723,12622,clean,14.787833,11.116577,3.671256,0.22496463,0.00572411,True,1,Tara,Tara | her | the | them | his,14.7878 | 14.1978 | 13.8896 | 13.5543 | 12.9558
"As Brian and Rose walked through the gym, Brian offered the ticket to","As Yara and Rose walked through the gym, Yara offered the ticket to",Rose,Brian,Yara,BAB,6,the gym,ticket,8049,8403,clean,14.817625,12.944191,1.873434,0.15776433,0.02423186,True,2,the,the | Rose | his | a | their,14.9003 | 14.8176 | 14.0198 | 13.3862 | 13.1820
"When Jack and Isla went to the restaurant, Jack gave the gift to","When Rose and Isla went to the restaurant, Rose gave the gift to",Isla,Jack,Rose,BAB,0,the restaurant,gift,1148,3619,clean,16.859816,12.766031,4.093784,0.60516995,0.01009182,True,1,Is,Is | the | his | a | her,16.8598 | 14.9332 | 14.5008 | 13.4574 | 12.7812
"Once Rose and Uma were at the gym, Rose brought the gift to","Once Emma and Uma were at the gym, Emma brought the gift to",Uma,Rose,Emma,BAB,4,the gym,gift,471,8049,clean,15.23813,12.362249,2.87588,0.211721,0.01193397,True,2,her,her | U | the | them | his,15.5750 | 15.2381 | 14.5267 | 12.9571 | 12.9392
"As Victor and Frank walked through the gym, Frank offered the gift to","As Victor and Clara walked through the gym, Clara offered the gift to",Victor,Frank,Clara,ABB,6,the gym,gift,12622,5278,clean,16.916964,12.993104,3.92386,0.60494387,0.01195651,True,1,Victor,Victor | the | his | them | a,16.9170 | 14.4569 | 14.3088 | 13.8543 | 13.3885
"While Carol and Zach were at the office, Carol delivered the book to","While Victor and Zach were at the office, Victor delivered the book to",Zach,Carol,Victor,BAB,5,the office,book,18825,5074,clean,15.702402,12.913396,2.789006,0.31159604,0.01915764,True,1,Zach,Zach | her | the | a | Carol,15.7024 | 14.7196 | 14.2682 | 13.8806 | 12.9134
"After Harry and Yara left the store, Harry sent the map to","After Tara and Yara left the store, Tara sent the map to",Yara,Harry,Tara,BAB,3,the store,map,575,5850,clean,15.486973,13.615571,1.871402,0.22566848,0.03473213,True,1,Y,Y | the | his | Hermione | Harry,15.4870 | 14.6463 | 14.6333 | 13.6270 | 13.6156
"When David and Xander went to the school, Xander gave the map to","When David and Sam went to the school, Sam gave the map to",David,Xander,Sam,ABB,0,the school,map,3271,46122,clean,14.738356,14.210466,0.527889,0.09858906,0.05815263,True,3,the,the | them | David | his | Xander,15.2810 | 15.1284 | 14.7384 | 14.3486 | 14.2105
"When Victor and Jack went to the restaurant, Jack gave the trophy to","When Victor and Iris went to the restaurant, Iris gave the trophy to",Victor,Jack,Iris,ABB,0,the restaurant,trophy,12622,3619,clean,17.497902,12.354338,5.143564,0.76993978,0.00449402,True,1,Victor,Victor | the | his | a | them,17.4979 | 14.5477 | 13.8794 | 13.4053 | 12.9357
"After Kate and Clara left the gym, Clara sent the phone to","After Kate and Carol left the gym, Carol sent the phone to",Kate,Clara,Carol,ABB,3,the gym,phone,16693,27443,clean,13.527827,13.236387,0.29144,0.05040836,0.03766447,True,3,her,her | the | Kate | Clara | a,14.7568 | 14.0818 | 13.5278 | 13.2364 | 12.8066
"When Ella and Jack went to the office, Ella gave the wallet to","When Wendy and Jack went to the office, Wendy gave the wallet to",Jack,Ella,Wendy,BAB,0,the office,wallet,3619,7122,clean,17.021107,11.810205,5.210901,0.62294346,0.00339925,True,1,Jack,Jack | the | her | them | a,17.0211 | 14.9186 | 14.3018 | 13.6107 | 12.9358
"When Mia and Zach went to the station, Mia gave the jacket to","When Harry and Zach went to the station, Harry gave the jacket to",Zach,Mia,Harry,BAB,0,the station,jacket,18825,32189,clean,17.361765,13.457943,3.903822,0.65326184,0.01317283,True,1,Zach,Zach | the | her | them | a,17.3618 | 14.7752 | 14.4094 | 13.7630 | 13.7362
"Once Harry and Xander were at the hospital, Xander brought the card to","Once Harry and Emma were at the hospital, Emma brought the card to",Harry,Xander,Emma,ABB,4,the hospital,card,5850,46122,clean,16.124485,13.658506,2.465979,0.20246544,0.01719452,True,1,Harry,Harry | the | his | him | them,16.1245 | 15.4610 | 15.2171 | 15.2155 | 15.1915
"As Wendy and Sam walked through the school, Sam offered the note to","As Wendy and Bob walked through the school, Bob offered the note to",Wendy,Sam,Bob,ABB,6,the school,note,28314,3409,clean,18.250963,14.882093,3.36887,0.77241367,0.02659306,True,1,Wendy,Wendy | her | Sam | the | his,18.2510 | 15.1132 | 14.8821 | 14.8193 | 14.4053
"Once Uma and Tara were at the market, Uma brought the book to","Once Frank and Tara were at the market, Frank brought the book to",Tara,Uma,Frank,BAB,4,the market,book,37723,471,clean,14.496336,12.203454,2.292882,0.10691512,0.01079576,True,3,her,her | the | Tara | them | him,15.5334 | 14.6243 | 14.4963 | 13.8032 | 13.2911
"After Wendy and Iris left the hospital, Wendy sent the book to","After Sam and Iris left the hospital, Sam sent the book to",Iris,Wendy,Sam,BAB,3,the hospital,book,34230,28314,clean,15.085131,12.874777,2.210354,0.23616573,0.02589837,True,2,her,her | Iris | the | Wendy | a,15.1994 | 15.0851 | 13.9012 | 12.8748 | 12.6509
"When Quinn and Emma arrived at the park, Quinn passed the pen to","When Olivia and Emma arrived at the park, Olivia passed the pen to",Emma,Quinn,Olivia,BAB,2,the park,pen,18966,16109,clean,16.42889,11.007118,5.421772,0.53013903,0.00234285,True,1,Emma,Emma | her | the | a | his,16.4289 | 15.2044 | 14.2958 | 13.5545 | 12.5590
"When Jack and Gina went to the market, Jack gave the gift to","When Wendy and Gina went to the market, Wendy gave the gift to",Gina,Jack,Wendy,BAB,0,the market,gift,43002,3619,clean,16.501657,10.597507,5.90415,0.5458104,0.00148903,True,1,Gina,Gina | the | his | a | her,16.5017 | 14.6576 | 14.5083 | 13.9289 | 13.8654
"After Victor and Ella left the library, Ella sent the pen to","After Victor and Harry left the library, Harry sent the pen to",Victor,Ella,Harry,ABB,3,the library,pen,12622,7122,clean,16.333157,12.077141,4.256016,0.57386249,0.00813661,True,1,Victor,Victor | the | her | his | him,16.3332 | 13.8672 | 13.2706 | 12.3499 | 12.3492
"When Alice and Zach visited the museum, Alice handed the card to","When Quinn and Zach visited the museum, Quinn handed the card to",Zach,Alice,Quinn,BAB,1,the museum,card,18825,14862,clean,17.96912,12.553808,5.415312,0.71857625,0.00319619,True,1,Zach,Zach | her | the | them | a,17.9691 | 15.3700 | 15.2838 | 14.5096 | 13.8582
"After Brian and Emma left the beach, Emma sent the ticket to","After Brian and Yara left the beach, Yara sent the ticket to",Brian,Emma,Yara,ABB,3,the beach,ticket,8403,18966,clean,15.899705,13.444235,2.45547,0.34913763,0.02996399,True,1,Brian,Brian | the | her | Emma | a,15.8997 | 14.3521 | 14.3471 | 13.4442 | 12.6427
"After Sam and Paul left the mall, Sam sent the card to","After Fred and Paul left the mall, Fred sent the card to",Paul,Sam,Fred,BAB,3,the mall,card,3362,3409,clean,14.881399,12.674974,2.206425,0.19191827,0.02112897,True,1,Paul,Paul | his | the | a | Sam,14.8814 | 14.5392 | 14.2995 | 13.3642 | 12.6750
"While Olivia and Quinn were at the hospital, Olivia delivered the card to","While Gina and Quinn were at the hospital, Gina delivered the card to",Quinn,Olivia,Gina,BAB,5,the hospital,card,16109,33911,clean,14.45718,13.253826,1.203354,0.11573056,0.03474066,True,2,her,her | Quinn | the | Olivia | a,15.1904 | 14.4572 | 14.2061 | 13.2538 | 13.0891
"After Isla and Amy left the school, Amy sent the gift to","After Isla and Jack left the school, Jack sent the gift to",Isla,Amy,Jack,ABB,3,the school,gift,1148,14235,clean,15.362036,15.080411,0.281625,0.17427894,0.13150336,True,2,her,her | Is | Amy | the | a,15.6464 | 15.3620 | 15.0804 | 14.3346 | 13.1689
"When Derek and Jack visited the station, Jack handed the card to","When Derek and Brian visited the station, Brian handed the card to",Derek,Jack,Brian,ABB,1,the station,card,20893,3619,clean,16.837019,12.950381,3.886638,0.56222469,0.01153359,True,1,Derek,Derek | the | them | his | a,16.8370 | 15.0738 | 14.3850 | 13.6687 | 13.4915
"Once Sam and Yara were at the school, Yara brought the bag to","Once Sam and Derek were at the school, Derek brought the bag to",Sam,Yara,Derek,ABB,4,the school,bag,3409,575,clean,14.737515,13.537876,1.199639,0.12505442,0.03767925,True,2,the,the | Sam | her | them | him,14.8699 | 14.7375 | 14.6232 | 14.3336 | 13.5440
"Once Emma and Iris were at the school, Iris brought the pen to","Once Emma and Rose were at the school, Rose brought the pen to",Emma,Iris,Rose,ABB,4,the school,pen,18966,34230,clean,15.531328,13.797425,1.733903,0.14969252,0.02643478,True,2,her,her | Emma | the | them | Iris,16.2687 | 15.5313 | 15.3919 | 13.9352 | 13.7974
"Once Ella and Clara were at the hospital, Ella brought the trophy to","Once Zach and Clara were at the hospital, Zach brought the trophy to",Clara,Ella,Zach,BAB,4,the hospital,trophy,27443,7122,clean,15.265365,11.758315,3.50705,0.19658628,0.00589469,True,1,Clara,Clara | her | the | them | him,15.2654 | 15.0796 | 14.9724 | 12.8081 | 12.5865
"When Carol and Derek arrived at the restaurant, Derek passed the bag to","When Carol and Frank arrived at the restaurant, Frank passed the bag to",Carol,Derek,Frank,ABB,2,the restaurant,bag,5074,20893,clean,17.108284,12.610836,4.497448,0.59520555,0.00662903,True,1,Carol,Carol | the | her | his | them,17.1083 | 14.5866 | 14.3466 | 14.3465 | 14.0686
"When Carol and Ella arrived at the museum, Carol passed the letter to","When Liam and Ella arrived at the museum, Liam passed the letter to",Ella,Carol,Liam,BAB,2,the museum,letter,7122,5074,clean,13.894448,10.563439,3.331009,0.08998738,0.00321768,True,3,her,her | the | Ell | a | them,15.0701 | 13.9831 | 13.8944 | 13.5000 | 13.2706
"When Bob and Frank visited the museum, Frank handed the note to","When Bob and Harry visited the museum, Harry handed the note to",Bob,Frank,Harry,ABB,1,the museum,note,5811,5278,clean,15.395046,12.655948,2.739099,0.23493569,0.01518356,True,1,Bob,Bob | the | them | his | a,15.3950 | 14.8675 | 14.0770 | 14.0247 | 13.6934
"While Yara and Xander were at the store, Xander delivered the bag to","While Yara and Quinn were at the store, Quinn delivered the bag to",Yara,Xander,Quinn,ABB,5,the store,bag,575,46122,clean,15.805264,14.450262,1.355001,0.25407967,0.06553906,True,1,Y,Y | the | Xander | his | her,15.8053 | 14.9068 | 14.4503 | 14.2559 | 13.9419
"While Yara and Harry were at the museum, Harry delivered the note to","While Yara and Uma were at the museum, Uma delivered the note to",Yara,Harry,Uma,ABB,5,the museum,note,575,5850,clean,15.136505,14.688974,0.447531,0.11994784,0.07667121,True,1,Y,Y | the | Harry | his | Hermione,15.1365 | 15.0935 | 14.6890 | 14.6478 | 14.5754
"When Isla and Mia arrived at the museum, Mia passed the phone to","When Isla and David arrived at the museum, David passed the phone to",Isla,Mia,David,ABB,2,the museum,phone,1148,32189,clean,10.430675,13.453209,-3.022534,0.00330859,0.06796937,False,19,her,her | the | a | Mia | an,14.1471 | 14.0154 | 13.6257 | 13.4532 | 12.1283
"When Isla and Yara arrived at the cafe, Yara passed the package to","When Isla and Derek arrived at the cafe, Derek passed the package to",Isla,Yara,Derek,ABB,2,the cafe,package,1148,575,clean,12.034384,14.083629,-2.049245,0.01404534,0.10902046,False,9,Y,Y | her | the | a | them,14.0836 | 14.0655 | 14.0386 | 12.9280 | 12.8049
"As Jack and Isla walked through the gym, Isla offered the pen to","As Jack and Carol walked through the gym, Carol offered the pen to",Jack,Isla,Carol,ABB,6,the gym,pen,3619,1148,clean,17.206585,11.03647,6.170115,0.7867189,0.00164503,True,1,Jack,Jack | the | him | his | her,17.2066 | 13.7862 | 13.1640 | 13.1546 | 13.0686
"While Quinn and Ella were at the cafe, Ella delivered the bag to","While Quinn and Sam were at the cafe, Sam delivered the bag to",Quinn,Ella,Sam,ABB,5,the cafe,bag,16109,7122,clean,14.654218,12.50849,2.145728,0.20399334,0.02386372,True,1,Quinn,Quinn | her | the | a | Ell,14.6542 | 14.3026 | 14.0901 | 12.9261 | 12.5085
"Once Kate and Gina were at the hospital, Kate brought the note to","Once Amy and Gina were at the hospital, Amy brought the note to",Gina,Kate,Amy,BAB,4,the hospital,note,43002,16693,clean,16.016108,13.435366,2.580742,0.286984,0.0217298,True,1,Gina,Gina | her | the | Kate | me,16.0161 | 15.8319 | 14.4856 | 13.4354 | 12.9640
"Once Harry and Gina were at the library, Harry brought the phone to","Once Olivia and Gina were at the library, Olivia brought the phone to",Gina,Harry,Olivia,BAB,4,the library,phone,43002,5850,clean,14.028581,13.232115,0.796466,0.02195037,0.00989786,True,9,his,his | the | her | Hermione | Ginny,16.8192 | 15.7016 | 15.2950 | 14.9088 | 14.8344
"After Gina and Kate left the library, Gina sent the letter to","After Iris and Kate left the library, Iris sent the letter to",Kate,Gina,Iris,BAB,3,the library,letter,16693,43002,clean,14.94292,12.225382,2.717538,0.21137857,0.01395884,True,1,Kate,Kate | her | the | a | Gina,14.9429 | 14.7040 | 14.3744 | 12.3113 | 12.2254
"When Carol and Clara arrived at the beach, Clara passed the ticket to","When Carol and Mia arrived at the beach, Mia passed the ticket to",Carol,Clara,Mia,ABB,2,the beach,ticket,5074,27443,clean,10.936952,10.502023,0.434929,0.00630554,0.00408164,True,11,the,the | her | a | their | them,14.6203 | 13.3090 | 12.9089 | 11.9910 | 11.7623
"When Uma and Zach went to the office, Zach gave the trophy to","When Uma and Rose went to the office, Rose gave the trophy to",Uma,Zach,Rose,ABB,0,the office,trophy,471,18825,clean,16.359404,13.442985,2.916419,0.46269557,0.0250444,True,1,U,U | his | the | her | a,16.3594 | 14.4240 | 14.2451 | 13.5979 | 13.5908
"As Xander and Amy walked through the hospital, Amy offered the wallet to","As Xander and Ella walked through the hospital, Ella offered the wallet to",Xander,Amy,Ella,ABB,6,the hospital,wallet,46122,14235,clean,17.760141,13.625237,4.134905,0.69095248,0.01105813,True,1,Xander,Xander | the | her | them | Buffy,17.7601 | 15.2053 | 14.6540 | 14.1750 | 14.0103
"While Mia and Tara were at the school, Tara delivered the bag to","While Mia and Zach were at the school, Zach delivered the bag to",Mia,Tara,Zach,ABB,5,the school,bag,32189,37723,clean,14.121314,12.955789,1.165525,0.07625351,0.0237727,True,3,her,her | the | Mia | a | them,15.1416 | 14.6201 | 14.1213 | 13.1665 | 13.1029
"While Harry and Tara were at the store, Tara delivered the book to","While Harry and Derek were at the store, Derek delivered the book to",Harry,Tara,Derek,ABB,5,the store,book,5850,37723,clean,16.258093,12.964771,3.293322,0.36185855,0.01343592,True,1,Harry,Harry | the | her | them | him,16.2581 | 14.6525 | 14.6520 | 13.5610 | 13.4335
"Once Jack and Frank were at the museum, Jack brought the gift to","Once Ella and Frank were at the museum, Ella brought the gift to",Frank,Jack,Ella,BAB,4,the museum,gift,5278,3619,clean,15.006158,12.388832,2.617326,0.150892,0.01101479,True,2,his,his | Frank | the | him | them,15.0640 | 15.0062 | 14.8765 | 13.7689 | 13.6323
"As Henry and Zach walked through the store, Zach offered the phone to","As Henry and Gina walked through the store, Gina offered the phone to",Henry,Zach,Gina,ABB,6,the store,phone,8616,18825,clean,16.644207,14.620455,2.023752,0.53424603,0.07060523,True,1,Henry,Henry | Zach | the | his | a,16.6442 | 14.6205 | 14.1021 | 13.6551 | 13.1266
"When Brian and Amy went to the school, Brian gave the card to","When Zach and Amy went to the school, Zach gave the card to",Amy,Brian,Zach,BAB,0,the school,card,14235,8403,clean,18.079651,11.34386,6.735791,0.76799983,0.0009121,True,1,Amy,Amy | the | his | her | a,18.0797 | 15.2533 | 14.7802 | 14.7066 | 13.9513
"As Grace and Brian walked through the park, Brian offered the bag to","As Grace and Olivia walked through the park, Olivia offered the bag to",Grace,Brian,Olivia,ABB,6,the park,bag,16156,8403,clean,17.443243,15.190855,2.252388,0.57332426,0.0602838,True,1,Grace,Grace | Brian | them | the | her,17.4432 | 15.1909 | 15.1744 | 14.8368 | 14.7582
"When Ella and Jack visited the museum, Ella handed the ticket to","When Alice and Jack visited the museum, Alice handed the ticket to",Jack,Ella,Alice,BAB,1,the museum,ticket,3619,7122,clean,16.572329,10.133967,6.438361,0.52125823,0.00083351,True,1,Jack,Jack | the | her | them | their,16.5723 | 15.1796 | 14.1039 | 14.0172 | 13.3263
"When Henry and Rose arrived at the theater, Henry passed the note to","When Bob and Rose arrived at the theater, Bob passed the note to",Rose,Henry,Bob,BAB,2,the theater,note,8049,8616,clean,16.254333,10.954885,5.299449,0.48970476,0.00244575,True,1,Rose,Rose | his | the | her | a,16.2543 | 14.9735 | 14.5619 | 14.1629 | 13.5126
"As Derek and Frank walked through the park, Derek offered the wallet to","As Wendy and Frank walked through the park, Wendy offered the wallet to",Frank,Derek,Wendy,BAB,6,the park,wallet,5278,20893,clean,16.530926,10.901638,5.629288,0.50246423,0.00180442,True,1,Frank,Frank | the | his | a | them,16.5309 | 14.9739 | 14.5136 | 13.8321 | 13.4096
"After Xander and Yara left the store, Xander sent the key to","After Liam and Yara left the store, Liam sent the key to",Yara,Xander,Liam,BAB,3,the store,key,575,46122,clean,15.404958,13.026955,2.378003,0.29493296,0.02735078,True,1,Y,Y | the | his | Xander | a,15.4050 | 14.6254 | 14.0618 | 13.0270 | 12.4926
"When Rose and Isla visited the mall, Isla handed the map to","When Rose and Carol visited the mall, Carol handed the map to",Rose,Isla,Carol,ABB,1,the mall,map,8049,1148,clean,15.857023,11.491163,4.36586,0.42981941,0.00546031,True,1,Rose,Rose | the | her | them | him,15.8570 | 14.4015 | 14.3895 | 13.6249 | 13.1044
"Once Kate and Sam were at the market, Kate brought the trophy to","Once Carol and Sam were at the market, Carol brought the trophy to",Sam,Kate,Carol,BAB,4,the market,trophy,3409,16693,clean,15.336411,12.415752,2.920659,0.18126869,0.00977005,True,2,her,her | Sam | the | them | their,15.6248 | 15.3364 | 15.0236 | 13.6839 | 13.4130
"When Victor and Wendy arrived at the restaurant, Wendy passed the key to","When Victor and Derek arrived at the restaurant, Derek passed the key to",Victor,Wendy,Derek,ABB,2,the restaurant,key,12622,28314,clean,14.955159,10.938089,4.01707,0.14318073,0.00257806,True,2,the,the | Victor | her | their | a,16.1702 | 14.9552 | 14.0507 | 13.9229 | 13.8596
"When Brian and Liam went to the theater, Liam gave the pen to","When Brian and Yara went to the theater, Yara gave the pen to",Brian,Liam,Yara,ABB,0,the theater,pen,8403,31684,clean,16.856253,12.397357,4.458896,0.66640848,0.00771377,True,1,Brian,Brian | the | his | a | them,16.8563 | 14.1374 | 13.9684 | 13.4319 | 12.7758
"After Zach and Xander left the library, Zach sent the pen to","After Rose and Xander left the library, Rose sent the pen to",Xander,Zach,Rose,BAB,3,the library,pen,46122,18825,clean,14.7119,12.35518,2.35672,0.19579726,0.01854796,True,1,Xander,Xander | the | his | a | Zach,14.7119 | 14.0150 | 13.9393 | 12.5994 | 12.3552
"After Frank and Zach left the office, Zach sent the package to","After Frank and Gina left the office, Gina sent the package to",Frank,Zach,Gina,ABB,3,the office,package,5278,18825,clean,14.909218,13.883526,1.025692,0.17405348,0.06240657,True,1,Frank,Frank | his | the | Zach | a,14.9092 | 14.4927 | 14.0359 | 13.8835 | 12.5931
"Once Carol and Emma were at the park, Carol brought the key to","Once Wendy and Emma were at the park, Wendy brought the key to",Emma,Carol,Wendy,BAB,4,the park,key,18966,5074,clean,14.408936,12.037205,2.371731,0.07579345,0.00707297,True,3,the,the | her | Emma | a | their,16.1527 | 15.0894 | 14.4089 | 13.5065 | 13.3350
"When Olivia and Bob went to the restaurant, Olivia gave the package to","When Sam and Bob went to the restaurant, Sam gave the package to",Bob,Olivia,Sam,BAB,0,the restaurant,package,5811,33911,clean,16.709253,12.122965,4.586288,0.49050462,0.00499854,True,1,Bob,Bob | the | her | them | a,16.7093 | 14.9223 | 14.9099 | 14.3430 | 13.7018
"When Noah and Brian visited the museum, Brian handed the bag to","When Noah and Clara visited the museum, Clara handed the bag to",Noah,Brian,Clara,ABB,1,the museum,bag,18394,8403,clean,18.302132,13.84596,4.456172,0.81662375,0.00947831,True,1,Noah,Noah | the | them | his | Brian,18.3021 | 15.0479 | 14.6402 | 13.8629 | 13.8460
"When Yara and Quinn went to the theater, Yara gave the jacket to","When Alice and Quinn went to the theater, Alice gave the jacket to",Quinn,Yara,Alice,BAB,0,the theater,jacket,16109,575,clean,17.373949,12.177902,5.196047,0.81146318,0.00449422,True,1,Quinn,Quinn | her | the | a | his,17.3739 | 14.3203 | 14.1403 | 13.1754 | 12.3579
"After Gina and Emma left the market, Emma sent the book to","After Gina and Tara left the market, Tara sent the book to",Gina,Emma,Tara,ABB,3,the market,book,43002,18966,clean,14.171088,14.977854,-0.806766,0.07095867,0.15899347,False,3,her,her | Emma | Gina | the | a,15.0757 | 14.9779 | 14.1711 | 13.9306 | 13.2895
"When Tara and Gina visited the gym, Gina handed the wallet to","When Tara and Mia visited the gym, Mia handed the wallet to",Tara,Gina,Mia,ABB,1,the gym,wallet,37723,43002,clean,16.349884,12.016222,4.333662,0.44961542,0.00589869,True,1,Tara,Tara | the | her | them | a,16.3499 | 14.8498 | 14.8342 | 14.0091 | 13.2224
"While Isla and Yara were at the station, Yara delivered the trophy to","While Isla and Uma were at the station, Uma delivered the trophy to",Isla,Yara,Uma,ABB,5,the station,trophy,1148,575,clean,14.408248,12.88732,1.520928,0.2167232,0.04735595,True,1,Is,Is | the | her | Y | his,14.4082 | 13.6895 | 13.3325 | 12.8873 | 12.4814
"While Clara and Kate were at the office, Clara delivered the phone to","While Wendy and Kate were at the office, Wendy delivered the phone to",Kate,Clara,Wendy,BAB,5,the office,phone,16693,27443,clean,14.875257,12.514256,2.361002,0.16398726,0.01546821,True,1,Kate,Kate | her | the | a | Clara,14.8753 | 14.6184 | 14.2404 | 13.1972 | 12.5143
"Once Wendy and Tara were at the office, Wendy brought the wallet to","Once Ella and Tara were at the office, Ella brought the wallet to",Tara,Wendy,Ella,BAB,4,the office,wallet,37723,28314,clean,14.650166,12.519587,2.130579,0.07743429,0.00919676,True,3,her,her | the | Tara | them | me,16.0849 | 15.5623 | 14.6502 | 14.2353 | 13.6952
"While Grace and Clara were at the restaurant, Clara delivered the trophy to","While Grace and Kate were at the restaurant, Kate delivered the trophy to",Grace,Clara,Kate,ABB,5,the restaurant,trophy,16156,27443,clean,13.787794,12.646051,1.141743,0.07346959,0.02345606,True,3,her,her | the | Grace | a | Clara,14.6372 | 14.3432 | 13.7878 | 12.8708 | 12.6461
"When David and Mia went to the market, David gave the book to","When Paul and Mia went to the market, Paul gave the book to",Mia,David,Paul,BAB,0,the market,book,32189,3271,clean,15.56304,12.445689,3.117351,0.30025724,0.01329368,True,1,Mia,Mia | his | the | a | her,15.5630 | 14.8422 | 14.2508 | 14.0575 | 13.4557
"After Xander and Sam left the theater, Sam sent the bag to","After Xander and Yara left the theater, Yara sent the bag to",Xander,Sam,Yara,ABB,3,the theater,bag,46122,3409,clean,15.312831,14.012651,1.300179,0.21400386,0.05831239,True,1,Xander,Xander | the | his | Sam | a,15.3128 | 14.7475 | 14.0644 | 14.0127 | 13.1937
"While Liam and Isla were at the museum, Liam delivered the bag to","While Yara and Isla were at the museum, Yara delivered the bag to",Isla,Liam,Yara,BAB,5,the museum,bag,1148,31684,clean,16.691572,12.879308,3.812264,0.64483094,0.01424953,True,1,Is,Is | the | his | Liam | a,16.6916 | 14.2148 | 14.1487 | 12.8793 | 12.6990
"Once Isla and Bob were at the office, Bob brought the jacket to","Once Isla and Gina were at the office, Gina brought the jacket to",Isla,Bob,Gina,ABB,4,the office,jacket,1148,5811,clean,12.036178,14.493367,-2.45719,0.00975535,0.11386411,False,11,the,the | Bob | me | his | him,14.7387 | 14.4934 | 13.8894 | 13.8011 | 13.0263
"When Gina and Mia visited the library, Mia handed the bag to","When Gina and Isla visited the library, Isla handed the bag to",Gina,Mia,Isla,ABB,1,the library,bag,43002,32189,clean,15.89876,13.400052,2.498708,0.31462899,0.02585972,True,1,Gina,Gina | her | the | a | them,15.8988 | 15.0956 | 14.9090 | 13.6132 | 13.4238
"When Mia and Tara went to the cafe, Mia gave the phone to","When Xander and Tara went to the cafe, Xander gave the phone to",Tara,Mia,Xander,BAB,0,the cafe,phone,37723,32189,clean,15.554045,12.742318,2.811727,0.28816873,0.01731927,True,1,Tara,Tara | her | the | a | them,15.5540 | 14.8334 | 14.7210 | 13.8033 | 12.7489
"When Carol and Liam arrived at the theater, Carol passed the phone to","When Sam and Liam arrived at the theater, Sam passed the phone to",Liam,Carol,Sam,BAB,2,the theater,phone,31684,5074,clean,16.50823,11.176092,5.332138,0.54405916,0.00262983,True,1,Liam,Liam | her | a | the | them,16.5082 | 14.6528 | 14.2048 | 14.1125 | 13.1883
"When Quinn and Harry arrived at the library, Quinn passed the jacket to","When Kate and Harry arrived at the library, Kate passed the jacket to",Harry,Quinn,Kate,BAB,2,the library,jacket,5850,16109,clean,17.435555,9.570647,7.864907,0.74091786,0.0002845,True,1,Harry,Harry | the | her | a | Hermione,17.4356 | 14.7520 | 14.3670 | 13.7066 | 13.4634
"When Paul and Ella went to the museum, Paul gave the trophy to","When Tara and Ella went to the museum, Tara gave the trophy to",Ella,Paul,Tara,BAB,0,the museum,trophy,7122,3362,clean,15.784509,12.906149,2.87836,0.41749376,0.02347438,True,1,Ell,Ell | the | his | a | their,15.7845 | 14.1322 | 14.0074 | 13.5092 | 13.1753
"When Xander and Uma visited the hospital, Xander handed the key to","When Quinn and Uma visited the hospital, Quinn handed the key to",Uma,Xander,Quinn,BAB,1,the hospital,key,471,46122,clean,16.413326,13.526793,2.886533,0.39333424,0.02193595,True,1,U,U | the | his | her | their,16.4133 | 15.6995 | 14.6139 | 13.7058 | 13.6430
"As Zach and Frank walked through the school, Frank offered the map to","As Zach and Victor walked through the school, Victor offered the map to",Zach,Frank,Victor,ABB,6,the school,map,18825,5278,clean,15.606949,13.240641,2.366308,0.25488368,0.02391484,True,1,Zach,Zach | them | the | their | his,15.6069 | 15.1459 | 14.8196 | 13.2807 | 13.2469
"When Yara and Zach went to the beach, Zach gave the jacket to","When Yara and Mia went to the beach, Mia gave the jacket to",Yara,Zach,Mia,ABB,0,the beach,jacket,575,18825,clean,16.293407,13.412976,2.880431,0.43549857,0.02443607,True,1,Y,Y | the | his | her | a,16.2934 | 14.3108 | 13.8287 | 13.6044 | 13.5528
"After Tara and Paul left the restaurant, Tara sent the bag to","After Carol and Paul left the restaurant, Carol sent the bag to",Paul,Tara,Carol,BAB,3,the restaurant,bag,3362,37723,clean,14.325167,12.679769,1.645398,0.11242907,0.02169159,True,3,the,the | her | Paul | a | Tara,14.7427 | 14.5839 | 14.3252 | 13.2873 | 12.6798
"While Carol and Wendy were at the office, Wendy delivered the phone to","While Carol and Noah were at the office, Noah delivered the phone to",Carol,Wendy,Noah,ABB,5,the office,phone,5074,28314,clean,15.758855,12.399843,3.359012,0.31801999,0.01105743,True,1,Carol,Carol | her | the | a | their,15.7589 | 14.5730 | 14.4413 | 13.4420 | 12.4771
"When Zach and Clara arrived at the library, Clara passed the ticket to","When Zach and Yara arrived at the library, Yara passed the ticket to",Zach,Clara,Yara,ABB,2,the library,ticket,18825,27443,clean,14.330906,10.476654,3.854252,0.150985,0.00319929,True,1,Zach,Zach | the | her | them | a,14.3309 | 14.2453 | 13.6777 | 13.1238 | 13.0646
"Once Ella and Fred were at the mall, Ella brought the letter to","Once Alice and Fred were at the mall, Alice brought the letter to",Fred,Ella,Alice,BAB,4,the mall,letter,8559,7122,clean,15.150943,12.81875,2.332192,0.20567267,0.01996725,True,1,Fred,Fred | the | her | them | him,15.1509 | 14.4588 | 14.3955 | 13.3175 | 13.1604
"After Amy and Olivia left the market, Olivia sent the trophy to","After Amy and Harry left the market, Harry sent the trophy to",Amy,Olivia,Harry,ABB,3,the market,trophy,14235,33911,clean,13.883361,13.141871,0.741489,0.06551585,0.031212,True,3,her,her | the | Amy | Olivia | a,14.9638 | 13.9265 | 13.8834 | 13.1419 | 12.8780
"As Victor and Mia walked through the museum, Victor offered the book to","As Grace and Mia walked through the museum, Grace offered the book to",Mia,Victor,Grace,BAB,6,the museum,book,32189,12622,clean,16.566433,12.031465,4.534968,0.6282233,0.00673911,True,1,Mia,Mia | the | his | her | him,16.5664 | 14.1130 | 14.0375 | 13.8743 | 13.1848
"When Wendy and Ella arrived at the cafe, Wendy passed the letter to","When Gina and Ella arrived at the cafe, Gina passed the letter to",Ella,Wendy,Gina,BAB,2,the cafe,letter,7122,28314,clean,14.465023,12.805225,1.659798,0.13329832,0.02535034,True,2,her,her | Ell | the | a | them,15.3455 | 14.4650 | 14.2311 | 13.3671 | 13.2503
"Once Olivia and Alice were at the theater, Olivia brought the key to","Once Quinn and Alice were at the theater, Quinn brought the key to",Alice,Olivia,Quinn,BAB,4,the theater,key,14862,33911,clean,14.188169,11.744009,2.44416,0.0469593,0.00407602,True,3,the,the | her | Alice | a | their,16.5760 | 15.4011 | 14.1882 | 13.8191 | 13.4284
"While Emma and Wendy were at the school, Wendy delivered the phone to","While Emma and Paul were at the school, Paul delivered the phone to",Emma,Wendy,Paul,ABB,5,the school,phone,18966,28314,clean,14.945976,12.720971,2.225005,0.16970094,0.01833905,True,2,her,her | Emma | the | a | Wendy,14.9787 | 14.9460 | 14.6356 | 13.6864 | 12.7210
"Once Harry and Alice were at the store, Harry brought the note to","Once Henry and Alice were at the store, Henry brought the note to",Alice,Harry,Henry,BAB,4,the store,note,14862,5850,clean,16.926613,14.363136,2.563477,0.30829743,0.02375014,True,1,Alice,Alice | Hermione | his | them | the,16.9266 | 15.6701 | 15.5549 | 15.4562 | 15.3799
"As Liam and Mia walked through the hospital, Mia offered the trophy to","As Liam and Iris walked through the hospital, Iris offered the trophy to",Liam,Mia,Iris,ABB,6,the hospital,trophy,31684,32189,clean,15.483232,13.571983,1.911248,0.27505794,0.04067988,True,1,Liam,Liam | her | the | Mia | him,15.4832 | 14.4817 | 14.4487 | 13.5720 | 13.5330
"After Amy and Rose left the park, Amy sent the phone to","After Yara and Rose left the park, Yara sent the phone to",Rose,Amy,Yara,BAB,3,the park,phone,8049,14235,clean,13.947741,14.002787,-0.055046,0.06540892,0.06911036,False,4,her,her | the | Amy | Rose | a,15.3426 | 14.6135 | 14.0028 | 13.9477 | 13.2924
"While David and Uma were at the restaurant, David delivered the package to","While Alice and Uma were at the restaurant, Alice delivered the package to",Uma,David,Alice,BAB,5,the restaurant,package,471,3271,clean,16.023821,12.620365,3.403456,0.31418192,0.01044911,True,1,U,U | his | the | her | a,16.0238 | 15.3888 | 14.7747 | 14.2737 | 13.7434
"As Zach and Xander walked through the museum, Xander offered the book to","As Zach and Frank walked through the museum, Frank offered the book to",Zach,Xander,Frank,ABB,6,the museum,book,18825,46122,clean,16.06892,14.891827,1.177094,0.24900639,0.07673708,True,1,Zach,Zach | the | them | Xander | his,16.0689 | 15.0780 | 15.0440 | 14.8918 | 14.1495
"As Ella and Fred walked through the store, Fred offered the gift to","As Ella and Clara walked through the store, Clara offered the gift to",Ella,Fred,Clara,ABB,6,the store,gift,7122,8559,clean,15.484533,13.895512,1.589022,0.22905691,0.04675629,True,1,Ell,Ell | the | her | his | Fred,15.4845 | 14.6417 | 14.6037 | 14.2065 | 13.8955
"While Zach and Frank were at the restaurant, Zach delivered the jacket to","While Gina and Frank were at the restaurant, Gina delivered the jacket to",Frank,Zach,Gina,BAB,5,the restaurant,jacket,5278,18825,clean,15.222261,10.742422,4.479839,0.25330737,0.0028713,True,1,Frank,Frank | the | his | a | their,15.2223 | 14.6802 | 14.5806 | 13.8522 | 12.9148
"When Amy and Sam visited the gym, Sam handed the package to","When Amy and Jack visited the gym, Jack handed the package to",Amy,Sam,Jack,ABB,1,the gym,package,14235,3409,clean,18.367516,15.653927,2.713589,0.75497234,0.0500535,True,1,Amy,Amy | Sam | her | the | his,18.3675 | 15.6539 | 15.2382 | 15.0528 | 14.3561
"After Henry and Bob left the hospital, Bob sent the note to","After Henry and Liam left the hospital, Liam sent the note to",Henry,Bob,Liam,ABB,3,the hospital,note,8616,5811,clean,15.847296,14.185292,1.662004,0.31189635,0.05918496,True,1,Henry,Henry | his | Bob | the | Mary,15.8473 | 14.6862 | 14.1853 | 14.1045 | 12.4383
"While Liam and Iris were at the theater, Iris delivered the ticket to","While Liam and Emma were at the theater, Emma delivered the ticket to",Liam,Iris,Emma,ABB,5,the theater,ticket,31684,34230,clean,14.421351,11.966452,2.4549,0.1504087,0.01291587,True,2,the,the | Liam | her | them | a,14.6069 | 14.4214 | 13.4084 | 12.9762 | 12.7661
"When Bob and Paul went to the park, Paul gave the pen to","When Bob and Noah went to the park, Noah gave the pen to",Bob,Paul,Noah,ABB,0,the park,pen,5811,3362,clean,15.408573,12.1532,3.255373,0.31702793,0.01222664,True,1,Bob,Bob | the | a | his | them,15.4086 | 14.0488 | 13.8426 | 13.7358 | 12.8069
"When Amy and Iris arrived at the cafe, Amy passed the jacket to","When Gina and Iris arrived at the cafe, Gina passed the jacket to",Iris,Amy,Gina,BAB,2,the cafe,jacket,34230,14235,clean,16.267599,12.381371,3.886228,0.38046327,0.0078081,True,1,Iris,Iris | her | the | a | them,16.2676 | 15.6830 | 14.8791 | 14.0802 | 13.0779
"After Victor and Iris left the market, Victor sent the bag to","After Ella and Iris left the market, Ella sent the bag to",Iris,Victor,Ella,BAB,3,the market,bag,34230,12622,clean,15.685562,12.396522,3.289041,0.49988517,0.01864052,True,1,Iris,Iris | the | his | Victor | her,15.6856 | 13.9155 | 13.1810 | 12.3965 | 12.2639
"Once Brian and Wendy were at the store, Wendy brought the trophy to","Once Brian and Emma were at the store, Emma brought the trophy to",Brian,Wendy,Emma,ABB,4,the store,trophy,8403,28314,clean,15.835279,14.312201,1.523079,0.18622589,0.04060461,True,1,Brian,Brian | her | the | them | him,15.8353 | 15.4736 | 15.2832 | 14.6350 | 14.5287
"Once Victor and Olivia were at the station, Victor brought the jacket to","Once Harry and Olivia were at the station, Harry brought the jacket to",Olivia,Victor,Harry,BAB,4,the station,jacket,33911,12622,clean,14.979687,11.886829,3.092857,0.15721282,0.00713308,True,2,the,the | Olivia | her | his | him,15.0599 | 14.9797 | 14.6358 | 14.5793 | 13.8322
"Once Xander and Liam were at the museum, Xander brought the note to","Once Jack and Liam were at the museum, Jack brought the note to",Liam,Xander,Jack,BAB,4,the museum,note,31684,46122,clean,14.913198,12.518707,2.394491,0.10891151,0.00993481,True,1,Liam,Liam | him | the | his | them,14.9132 | 14.8042 | 14.6616 | 14.6418 | 14.5787
"When Olivia and Ella arrived at the beach, Olivia passed the trophy to","When Frank and Ella arrived at the beach, Frank passed the trophy to",Ella,Olivia,Frank,BAB,2,the beach,trophy,7122,33911,clean,14.696087,12.450526,2.245561,0.10953982,0.01159678,True,2,her,her | Ell | the | a | them,15.5357 | 14.6961 | 14.6598 | 14.1657 | 12.5831
"While Gina and Ella were at the park, Ella delivered the key to","While Gina and Kate were at the park, Kate delivered the key to",Gina,Ella,Kate,ABB,5,the park,key,43002,7122,clean,13.645742,10.546631,3.099112,0.08279682,0.00373325,True,2,the,the | Gina | her | a | their,15.0957 | 13.6457 | 13.3588 | 12.6124 | 12.1707
"When Rose and Harry went to the cafe, Harry gave the package to","When Rose and Sam went to the cafe, Sam gave the package to",Rose,Harry,Sam,ABB,0,the cafe,package,8049,5850,clean,16.390499,14.125491,2.265008,0.41127095,0.04270194,True,1,Rose,Rose | the | his | Harry | her,16.3905 | 15.0003 | 14.5464 | 14.1255 | 14.0588
"Once Mia and Xander were at the theater, Mia brought the key to","Once Sam and Xander were at the theater, Sam brought the key to",Xander,Mia,Sam,BAB,4,the theater,key,46122,32189,clean,14.174705,12.42838,1.746325,0.04848419,0.00845631,True,3,the,the | her | Xander | a | their,16.5330 | 15.3298 | 14.1747 | 13.7893 | 13.6128
"Once Liam and Iris were at the mall, Iris brought the map to","Once Liam and Brian were at the mall, Brian brought the map to",Liam,Iris,Brian,ABB,4,the mall,map,31684,34230,clean,14.255762,12.731389,1.524373,0.06544511,0.01425117,True,5,them,them | her | the | him | Liam,15.1873 | 14.9892 | 14.8393 | 14.6709 | 14.2558
"When Quinn and Mia went to the hospital, Mia gave the package to","When Quinn and Brian went to the hospital, Brian gave the package to",Quinn,Mia,Brian,ABB,0,the hospital,package,16109,32189,clean,15.014645,12.153165,2.86148,0.29547718,0.01689659,True,1,Quinn,Quinn | her | the | a | them,15.0146 | 14.3218 | 13.7750 | 12.7460 | 12.6577
"Once Clara and Gina were at the store, Gina brought the jacket to","Once Clara and Olivia were at the store, Olivia brought the jacket to",Clara,Gina,Olivia,ABB,4,the store,jacket,27443,43002,clean,14.798738,14.763013,0.035726,0.08614159,0.08311845,True,3,her,her | the | Clara | Gina | me,15.5999 | 15.3242 | 14.7987 | 14.7630 | 13.8906
"While Iris and Harry were at the school, Harry delivered the note to","While Iris and Frank were at the school, Frank delivered the note to",Iris,Harry,Frank,ABB,5,the school,note,34230,5850,clean,16.150284,13.740134,2.41015,0.35533503,0.03190975,True,1,Iris,Iris | the | his | her | Professor,16.1503 | 14.8378 | 14.5333 | 14.1598 | 13.8183
"When Clara and Harry went to the station, Clara gave the bag to","When Alice and Harry went to the station, Alice gave the bag to",Harry,Clara,Alice,BAB,0,the station,bag,5850,27443,clean,17.37019,10.594019,6.776171,0.62869751,0.00071711,True,1,Harry,Harry | the | her | them | Hermione,17.3702 | 15.2139 | 14.8321 | 14.3641 | 13.3838
"As Frank and Fred walked through the hospital, Fred offered the wallet to","As Frank and Emma walked through the hospital, Emma offered the wallet to",Frank,Fred,Emma,ABB,6,the hospital,wallet,5278,8559,clean,16.859442,15.286091,1.573351,0.50299424,0.10429546,True,1,Frank,Frank | Fred | the | his | a,16.8594 | 15.2861 | 14.9889 | 13.6102 | 13.3885
"Once Alice and Paul were at the theater, Alice brought the jacket to","Once Carol and Paul were at the theater, Carol brought the jacket to",Paul,Alice,Carol,BAB,4,the theater,jacket,3362,14862,clean,14.601764,14.248314,0.35345,0.0675934,0.04746822,True,3,the,the | her | Paul | Alice | me,15.7450 | 15.7395 | 14.6018 | 14.2483 | 13.7246
"When Sam and Henry went to the gym, Henry gave the letter to","When Sam and Zach went to the gym, Zach gave the letter to",Sam,Henry,Zach,ABB,0,the gym,letter,3409,8616,clean,15.045512,11.823732,3.22178,0.26945627,0.010747,True,1,Sam,Sam | the | his | them | a,15.0455 | 14.1967 | 13.8063 | 13.6398 | 12.8937
"Once Victor and Noah were at the market, Noah brought the key to","Once Victor and Quinn were at the market, Quinn brought the key to",Victor,Noah,Quinn,ABB,4,the market,key,12622,18394,clean,14.336862,12.101124,2.235738,0.14681908,0.0156969,True,2,the,the | Victor | his | a | their,15.2216 | 14.3369 | 13.5001 | 12.6480 | 12.2084
"When Ella and Harry went to the school, Ella gave the bag to","When Alice and Harry went to the school, Alice gave the bag to",Harry,Ella,Alice,BAB,0,the school,bag,5850,7122,clean,17.438692,10.22232,7.216372,0.67766637,0.00049772,True,1,Harry,Harry | the | her | Hermione | them,17.4387 | 15.1575 | 14.6580 | 13.5341 | 13.5241
"Once Xander and Victor were at the restaurant, Xander brought the ticket to","Once Quinn and Victor were at the restaurant, Quinn brought the ticket to",Victor,Xander,Quinn,BAB,4,the restaurant,ticket,12622,46122,clean,14.513863,12.254015,2.259848,0.06906518,0.00720808,True,2,the,the | Victor | his | them | him,16.0187 | 14.5139 | 14.4923 | 14.2743 | 14.1447
"As Brian and Grace walked through the library, Grace offered the card to","As Brian and Xander walked through the library, Xander offered the card to",Brian,Grace,Xander,ABB,6,the library,card,8403,16156,clean,17.406265,12.78861,4.617655,0.68248957,0.00674022,True,1,Brian,Brian | the | her | them | a,17.4063 | 14.6943 | 14.0457 | 13.5581 | 13.4903
"When Carol and Victor went to the store, Carol gave the letter to","When Frank and Victor went to the store, Frank gave the letter to",Victor,Carol,Frank,BAB,0,the store,letter,12622,5074,clean,17.209543,11.319304,5.890239,0.71748996,0.0019848,True,1,Victor,Victor | the | her | a | them,17.2095 | 14.6358 | 14.4441 | 13.5331 | 13.4109
"When Rose and Clara visited the park, Clara handed the book to","When Rose and Paul visited the park, Paul handed the book to",Rose,Clara,Paul,ABB,1,the park,book,8049,27443,clean,15.701663,12.520326,3.181337,0.29654455,0.01231552,True,1,Rose,Rose | her | the | a | them,15.7017 | 15.1068 | 14.6624 | 13.1109 | 13.0773
"As Harry and Grace walked through the station, Harry offered the key to","As Rose and Grace walked through the station, Rose offered the key to",Grace,Harry,Rose,BAB,6,the station,key,16156,5850,clean,8.580338,12.558893,-3.978556,0.00023543,0.01258119,False,158,the,the | his | their | a | Harry,16.2127 | 14.6564 | 14.5712 | 13.6000 | 12.5589
"When Victor and Carol went to the store, Carol gave the phone to","When Victor and Bob went to the store, Bob gave the phone to",Victor,Carol,Bob,ABB,0,the store,phone,12622,5074,clean,17.295544,11.022724,6.27282,0.70627171,0.00133266,True,1,Victor,Victor | the | a | her | them,17.2955 | 14.6002 | 13.8132 | 13.7791 | 13.2981
"When David and Uma visited the beach, David handed the jacket to","When Bob and Uma visited the beach, Bob handed the jacket to",Uma,David,Bob,BAB,1,the beach,jacket,471,3271,clean,16.781139,11.987633,4.793507,0.41448623,0.00343334,True,1,U,U | his | the | her | a,16.7811 | 15.5042 | 15.2104 | 14.9137 | 14.1414
"When Quinn and Bob visited the school, Bob handed the map to","When Quinn and Frank visited the school, Frank handed the map to",Quinn,Bob,Frank,ABB,1,the school,map,16109,5811,clean,17.395866,14.096148,3.299718,0.69783294,0.02574555,True,1,Quinn,Quinn | the | them | Bob | her,17.3959 | 14.8458 | 14.2279 | 14.0961 | 13.7779
"As Victor and Derek walked through the store, Victor offered the map to","As Xander and Derek walked through the store, Xander offered the map to",Derek,Victor,Xander,BAB,6,the store,map,20893,12622,clean,16.151144,10.21745,5.933694,0.52433926,0.00138881,True,1,Derek,Derek | the | his | him | them,16.1511 | 14.5276 | 14.0206 | 13.4870 | 13.4336
"While Paul and Iris were at the station, Paul delivered the jacket to","While Quinn and Iris were at the station, Quinn delivered the jacket to",Iris,Paul,Quinn,BAB,5,the station,jacket,34230,3362,clean,16.523188,12.953818,3.569369,0.62202555,0.01752471,True,1,Iris,Iris | the | his | a | Paul,16.5232 | 14.3073 | 13.4999 | 13.0460 | 12.9538
"Once Uma and Wendy were at the hospital, Wendy brought the key to","Once Uma and Emma were at the hospital, Emma brought the key to",Uma,Wendy,Emma,ABB,4,the hospital,key,471,28314,clean,14.091738,12.583804,1.507934,0.05498288,0.01217139,True,3,the,the | her | U | their | a,16.1200 | 15.2422 | 14.0917 | 13.4614 | 13.0161
"When Sam and Carol arrived at the restaurant, Sam passed the gift to","When Bob and Carol arrived at the restaurant, Bob passed the gift to",Carol,Sam,Bob,BAB,2,the restaurant,gift,5074,3409,clean,17.032045,10.885004,6.147041,0.59733498,0.00127818,True,1,Carol,Carol | his | the | her | a,17.0320 | 14.9204 | 14.8068 | 14.2717 | 13.9400
"Once Gina and Fred were at the park, Gina brought the key to","Once Henry and Fred were at the park, Henry brought the key to",Fred,Gina,Henry,BAB,4,the park,key,8559,43002,clean,13.527781,11.882717,1.645063,0.03910419,0.00754712,True,3,the,the | her | Fred | a | their,16.0275 | 14.5238 | 13.5278 | 13.3951 | 13.1937
"After David and Frank left the school, Frank sent the note to","After David and Rose left the school, Rose sent the note to",David,Frank,Rose,ABB,3,the school,note,3271,5278,clean,12.675005,13.170077,-0.495072,0.01699605,0.02788401,False,7,his,his | the | their | her | a,15.5080 | 14.2863 | 13.6561 | 13.4151 | 13.1823
"After Brian and Wendy left the cafe, Wendy sent the jacket to","After Brian and Amy left the cafe, Amy sent the jacket to",Brian,Wendy,Amy,ABB,3,the cafe,jacket,8403,28314,clean,16.171513,14.522699,1.648813,0.39584616,0.07611249,True,1,Brian,Brian | Wendy | the | her | a,16.1715 | 14.5227 | 14.4820 | 14.3624 | 13.0870
"Once Harry and Bob were at the theater, Harry brought the card to","Once Xander and Bob were at the theater, Xander brought the card to",Bob,Harry,Xander,BAB,4,the theater,card,5811,5850,clean,14.590505,14.756264,-0.165759,0.0541737,0.0639406,False,5,the,the | his | Hermione | Harry | Bob,15.6582 | 15.1020 | 15.0003 | 14.7563 | 14.5905
"When Noah and Quinn arrived at the school, Noah passed the card to","When Derek and Quinn arrived at the school, Derek passed the card to",Quinn,Noah,Derek,BAB,2,the school,card,16109,18394,clean,17.012447,11.937454,5.074993,0.69417679,0.00433939,True,1,Quinn,Quinn | his | the | a | her,17.0124 | 14.6125 | 14.4839 | 13.7229 | 13.1970
"When Ella and Fred went to the hospital, Fred gave the card to","When Ella and Bob went to the hospital, Bob gave the card to",Ella,Fred,Bob,ABB,0,the hospital,card,7122,8559,clean,14.574822,13.516304,1.058518,0.13366044,0.04637609,True,1,Ell,Ell | her | the | his | Fred,14.5748 | 14.2602 | 14.0892 | 13.5288 | 13.5163
"As Frank and Isla walked through the office, Frank offered the phone to","As Grace and Isla walked through the office, Grace offered the phone to",Isla,Frank,Grace,BAB,6,the office,phone,1148,5278,clean,14.933027,11.818407,3.11462,0.22349373,0.00992209,True,1,Is,Is | the | his | a | her,14.9330 | 14.0905 | 13.6205 | 12.9849 | 11.9587
"When Sam and Olivia visited the school, Olivia handed the package to","When Sam and Wendy visited the school, Wendy handed the package to",Sam,Olivia,Wendy,ABB,1,the school,package,3409,33911,clean,16.193773,12.350214,3.843559,0.32029447,0.00685982,True,1,Sam,Sam | her | the | them | a,16.1938 | 15.1070 | 15.0865 | 14.6178 | 13.9212
"Once Fred and Isla were at the park, Isla brought the package to","Once Fred and Carol were at the park, Carol brought the package to",Fred,Isla,Carol,ABB,4,the park,package,8559,1148,clean,14.230541,11.179911,3.050631,0.09299657,0.00440144,True,2,the,the | Fred | him | her | his,14.6651 | 14.2305 | 13.9321 | 13.8781 | 13.5323
"As Gina and Victor walked through the theater, Victor offered the package to","As Gina and Frank walked through the theater, Frank offered the package to",Gina,Victor,Frank,ABB,6,the theater,package,43002,12622,clean,17.241062,13.960019,3.281043,0.63295019,0.02379198,True,1,Gina,Gina | her | the | Victor | his,17.2411 | 14.9354 | 14.5212 | 13.9600 | 13.6297
"While David and Sam were at the market, David delivered the ticket to","While Liam and Sam were at the market, Liam delivered the ticket to",Sam,David,Liam,BAB,5,the market,ticket,3409,3271,clean,14.015277,10.710129,3.305148,0.10075048,0.00369692,True,2,the,the | Sam | his | a | their,14.8810 | 14.0153 | 13.9737 | 13.7001 | 12.2756
"Once Grace and Tara were at the office, Grace brought the note to","Once Noah and Tara were at the office, Noah brought the note to",Tara,Grace,Noah,BAB,4,the office,note,37723,16156,clean,15.030087,11.686069,3.344018,0.17663406,0.00623427,True,2,her,her | Tara | the | them | me,15.1674 | 15.0301 | 14.5619 | 13.1964 | 13.0667
"When Yara and Kate arrived at the restaurant, Kate passed the key to","When Yara and Iris arrived at the restaurant, Iris passed the key to",Yara,Kate,Iris,ABB,2,the restaurant,key,575,16693,clean,13.612915,10.818482,2.794433,0.04358453,0.00266518,True,4,the,the | her | their | Y | a,16.1248 | 14.5422 | 13.8165 | 13.6129 | 13.5687
"As Mia and Sam walked through the theater, Sam offered the book to","As Mia and Wendy walked through the theater, Wendy offered the book to",Mia,Sam,Wendy,ABB,6,the theater,book,32189,3409,clean,17.256048,14.951618,2.30443,0.57720882,0.05761449,True,1,Mia,Mia | her | Sam | the | a,17.2560 | 14.9590 | 14.9516 | 14.4511 | 14.1007
"As Ella and Uma walked through the hospital, Ella offered the trophy to","As Derek and Uma walked through the hospital, Derek offered the trophy to",Uma,Ella,Derek,BAB,6,the hospital,trophy,471,7122,clean,16.08004,11.743362,4.336678,0.44713464,0.00584848,True,1,U,U | her | the | a | them,16.0800 | 15.0513 | 14.3603 | 12.5945 | 12.3378
"When Harry and Noah arrived at the market, Harry passed the gift to","When Ella and Noah arrived at the market, Ella passed the gift to",Noah,Harry,Ella,BAB,2,the market,gift,18394,5850,clean,16.435102,11.286613,5.148489,0.50678813,0.00294351,True,1,Noah,Noah | his | the | a | their,16.4351 | 14.9996 | 14.6688 | 13.8692 | 12.8735
"When Quinn and Ella visited the restaurant, Ella handed the card to","When Quinn and Mia visited the restaurant, Mia handed the card to",Quinn,Ella,Mia,ABB,1,the restaurant,card,16109,7122,clean,15.884643,10.83328,5.051363,0.48050219,0.0030755,True,1,Quinn,Quinn | the | her | a | him,15.8846 | 14.3030 | 14.0978 | 12.9533 | 12.5838
"When Mia and Alice arrived at the office, Mia passed the book to","When Harry and Alice arrived at the office, Harry passed the book to",Alice,Mia,Harry,BAB,2,the office,book,14862,32189,clean,16.576916,12.903404,3.673512,0.39575955,0.01004721,True,1,Alice,Alice | her | the | a | them,16.5769 | 15.6884 | 14.9677 | 14.3101 | 13.3499
"When Quinn and Ella visited the cafe, Ella handed the card to","When Quinn and Noah visited the cafe, Noah handed the card to",Quinn,Ella,Noah,ABB,1,the cafe,card,16109,7122,clean,16.052324,10.719803,5.332521,0.52387017,0.00253127,True,1,Quinn,Quinn | the | her | a | him,16.0523 | 14.2705 | 14.2310 | 12.8792 | 12.6439
"As Henry and Sam walked through the library, Sam offered the key to","As Henry and Frank walked through the library, Frank offered the key to",Henry,Sam,Frank,ABB,6,the library,key,8616,3409,clean,12.486589,11.955151,0.531439,0.01555112,0.0091403,True,6,the,the | his | their | a | unlocking,15.7796 | 13.9928 | 13.9816 | 13.6750 | 12.8273
"After Olivia and Iris left the park, Iris sent the wallet to","After Olivia and Gina left the park, Gina sent the wallet to",Olivia,Iris,Gina,ABB,3,the park,wallet,33911,34230,clean,13.817059,13.495756,0.321302,0.09891697,0.07173497,True,3,her,her | the | Olivia | Iris | a,14.1616 | 13.8375 | 13.8171 | 13.4958 | 12.0776
"When Derek and Iris went to the mall, Iris gave the note to","When Derek and Isla went to the mall, Isla gave the note to",Derek,Iris,Isla,ABB,0,the mall,note,20893,34230,clean,15.024127,11.077076,3.947051,0.27086136,0.00523076,True,1,Derek,Derek | the | them | her | him,15.0241 | 14.1919 | 13.8590 | 13.7557 | 12.8808
"When Kate and Jack visited the beach, Kate handed the map to","When Liam and Jack visited the beach, Liam handed the map to",Jack,Kate,Liam,BAB,1,the beach,map,3619,16693,clean,16.980701,12.291281,4.689421,0.5273636,0.00484753,True,1,Jack,Jack | her | them | the | him,16.9807 | 15.2101 | 15.0120 | 14.8955 | 13.5662
"When Uma and Gina arrived at the library, Uma passed the book to","When Yara and Gina arrived at the library, Yara passed the book to",Gina,Uma,Yara,BAB,2,the library,book,43002,471,clean,15.830404,11.990506,3.839898,0.32630858,0.00701426,True,1,Gina,Gina | her | the | a | his,15.8304 | 15.3785 | 14.7143 | 14.3564 | 12.8213
"When Ella and Emma went to the theater, Ella gave the note to","When David and Emma went to the theater, David gave the note to",Emma,Ella,David,BAB,0,the theater,note,18966,7122,clean,16.543844,10.70683,5.837014,0.47987661,0.00140006,True,1,Emma,Emma | her | the | a | their,16.5438 | 15.3213 | 14.9080 | 13.7136 | 12.7011
"When Rose and Isla visited the cafe, Rose handed the gift to","When Amy and Isla visited the cafe, Amy handed the gift to",Isla,Rose,Amy,BAB,1,the cafe,gift,1148,8049,clean,17.701315,11.68006,6.021255,0.80776864,0.00196015,True,1,Is,Is | the | her | his | a,17.7013 | 14.7133 | 14.6453 | 12.8278 | 12.7914
"As Yara and Frank walked through the school, Frank offered the pen to","As Yara and Sam walked through the school, Sam offered the pen to",Yara,Frank,Sam,ABB,6,the school,pen,575,5278,clean,15.833088,12.984804,2.848284,0.41540006,0.02406981,True,1,Y,Y | the | her | a | his,15.8331 | 13.9069 | 13.2628 | 13.2251 | 13.2126
"While Ella and David were at the library, David delivered the gift to","While Ella and Alice were at the library, Alice delivered the gift to",Ella,David,Alice,ABB,5,the library,gift,7122,3271,clean,14.912809,12.803139,2.109671,0.15187679,0.0184193,True,1,Ell,Ell | the | her | his | a,14.9128 | 14.5246 | 14.4035 | 14.0117 | 13.3697
"When Harry and Uma visited the school, Uma handed the jacket to","When Harry and Quinn visited the school, Quinn handed the jacket to",Harry,Uma,Quinn,ABB,1,the school,jacket,5850,471,clean,17.026625,14.393605,2.633019,0.63834995,0.04587257,True,1,Harry,Harry | the | U | them | a,17.0266 | 14.6716 | 14.3936 | 13.6540 | 13.4127
"After Gina and Jack left the park, Jack sent the wallet to","After Gina and David left the park, David sent the wallet to",Gina,Jack,David,ABB,3,the park,wallet,43002,3619,clean,16.627785,13.405711,3.222074,0.49365911,0.01968332,True,1,Gina,Gina | the | her | his | Jack,16.6278 | 14.3388 | 14.1077 | 14.0654 | 13.4057
"When Liam and Brian visited the mall, Liam handed the letter to","When Wendy and Brian visited the mall, Wendy handed the letter to",Brian,Liam,Wendy,BAB,1,the mall,letter,8403,31684,clean,15.721944,12.202519,3.519424,0.30205584,0.00894583,True,1,Brian,Brian | the | his | them | him,15.7219 | 14.8918 | 14.5367 | 14.1170 | 13.7848
"Once Tara and Clara were at the gym, Clara brought the jacket to","Once Tara and Carol were at the gym, Carol brought the jacket to",Tara,Clara,Carol,ABB,4,the gym,jacket,37723,27443,clean,15.173182,13.308293,1.864888,0.13292415,0.02059175,True,3,her,her | the | Tara | them | me,15.9089 | 15.2627 | 15.1732 | 13.4505 | 13.3114
"When Gina and Isla went to the school, Isla gave the bag to","When Gina and Harry went to the school, Harry gave the bag to",Gina,Isla,Harry,ABB,0,the school,bag,43002,1148,clean,16.966196,13.25831,3.707886,0.64079726,0.01571833,True,1,Gina,Gina | her | the | them | Is,16.9662 | 14.7651 | 14.6078 | 13.3884 | 13.2583
"When Tara and Grace arrived at the park, Grace passed the trophy to","When Tara and Iris arrived at the park, Iris passed the trophy to",Tara,Grace,Iris,ABB,2,the park,trophy,37723,16156,clean,15.778066,11.500487,4.277578,0.31510308,0.00437244,True,1,Tara,Tara | her | the | a | their,15.7781 | 14.8983 | 14.5354 | 14.0315 | 12.9291
"After Derek and Henry left the mall, Henry sent the jacket to","After Derek and Jack left the mall, Jack sent the jacket to",Derek,Henry,Jack,ABB,3,the mall,jacket,20893,8616,clean,15.274653,12.595919,2.678735,0.30033389,0.02061791,True,1,Derek,Derek | his | the | a | Henry,15.2747 | 14.1270 | 13.9285 | 12.8773 | 12.5959
"After Carol and Brian left the mall, Brian sent the gift to","After Carol and Bob left the mall, Bob sent the gift to",Carol,Brian,Bob,ABB,3,the mall,gift,5074,8403,clean,17.385126,13.867617,3.517509,0.60142636,0.01784627,True,1,Carol,Carol | her | his | the | Brian,17.3851 | 14.7918 | 14.7531 | 14.4060 | 13.8676
"When Harry and Paul arrived at the school, Harry passed the jacket to","When Rose and Paul arrived at the school, Rose passed the jacket to",Paul,Harry,Rose,BAB,2,the school,jacket,3362,5850,clean,14.481285,13.167536,1.313749,0.07945351,0.02135792,True,3,his,his | the | Paul | a | Hermione,15.2225 | 15.1933 | 14.4813 | 14.2040 | 14.0035
"When Clara and Amy visited the park, Clara handed the pen to","When Fred and Amy visited the park, Fred handed the pen to",Amy,Clara,Fred,BAB,1,the park,pen,14235,27443,clean,17.937136,11.394475,6.542661,0.7481879,0.00107788,True,1,Amy,Amy | her | the | a | them,17.9371 | 15.5943 | 15.1079 | 13.4063 | 12.8161
"While Grace and Clara were at the school, Grace delivered the card to","While Olivia and Clara were at the school, Olivia delivered the card to",Clara,Grace,Olivia,BAB,5,the school,card,27443,16156,clean,13.747088,11.182926,2.564162,0.0632444,0.00486878,True,4,her,her | the | a | Clara | his,14.7530 | 14.7354 | 13.7790 | 13.7471 | 12.0594
"After Jack and Amy left the hospital, Amy sent the wallet to","After Jack and Noah left the hospital, Noah sent the wallet to",Jack,Amy,Noah,ABB,3,the hospital,wallet,3619,14235,clean,16.653349,14.436674,2.216675,0.46145234,0.05028486,True,1,Jack,Jack | her | Amy | the | his,16.6533 | 14.8987 | 14.4367 | 14.4040 | 13.4098
"Once Isla and Quinn were at the museum, Quinn brought the bag to","Once Isla and Brian were at the museum, Brian brought the bag to",Isla,Quinn,Brian,ABB,4,the museum,bag,1148,16109,clean,13.044936,12.955173,0.089763,0.03392105,0.03100886,True,3,the,the | her | Is | Quinn | him,14.6953 | 14.5013 | 13.0449 | 12.9552 | 12.6490
"When Sam and Ella arrived at the library, Ella passed the book to","When Sam and Clara arrived at the library, Clara passed the book to",Sam,Ella,Clara,ABB,2,the library,book,3409,7122,clean,16.635742,11.553102,5.08264,0.47909918,0.0029721,True,1,Sam,Sam | the | her | a | them,16.6357 | 14.6691 | 14.6344 | 14.1194 | 13.5880
"As Bob and Isla walked through the station, Bob offered the bag to","As Yara and Isla walked through the station, Yara offered the bag to",Isla,Bob,Yara,BAB,6,the station,bag,1148,5811,clean,17.440235,12.657751,4.782484,0.75775373,0.00634632,True,1,Is,Is | the | them | his | a,17.4402 | 14.4916 | 13.5505 | 13.4390 | 12.7113
"As Ella and Brian walked through the mall, Ella offered the trophy to","As Gina and Brian walked through the mall, Gina offered the trophy to",Brian,Ella,Gina,BAB,6,the mall,trophy,8403,7122,clean,16.679945,11.614874,5.065071,0.52902931,0.00334001,True,1,Brian,Brian | her | the | a | his,16.6799 | 15.0238 | 14.6089 | 13.2679 | 13.2394
"As Jack and Derek walked through the station, Jack offered the letter to","As Uma and Derek walked through the station, Uma offered the letter to",Derek,Jack,Uma,BAB,6,the station,letter,20893,3619,clean,15.456487,11.664228,3.792258,0.35238653,0.00794443,True,1,Derek,Derek | the | his | a | their,15.4565 | 14.4849 | 14.2636 | 12.7564 | 12.1655
"After Derek and Xander left the cafe, Xander sent the gift to","After Derek and Frank left the cafe, Frank sent the gift to",Derek,Xander,Frank,ABB,3,the cafe,gift,20893,46122,clean,14.54668,13.989268,0.557412,0.12187281,0.06979524,True,2,his,his | Derek | the | Xander | him,14.6348 | 14.5467 | 14.1661 | 13.9893 | 12.9289
"When Rose and Clara visited the gym, Rose handed the book to","When Fred and Clara visited the gym, Fred handed the book to",Clara,Rose,Fred,BAB,1,the gym,book,27443,8049,clean,16.863728,12.362444,4.501284,0.54994637,0.00610151,True,1,Clara,Clara | her | the | a | them,16.8637 | 15.3819 | 14.9337 | 13.7190 | 13.1249
"As Rose and Fred walked through the restaurant, Rose offered the bag to","As Uma and Fred walked through the restaurant, Uma offered the bag to",Fred,Rose,Uma,BAB,6,the restaurant,bag,8559,8049,clean,17.751112,13.299186,4.451926,0.7669692,0.00893986,True,1,Fred,Fred | the | her | them | Rose,17.7511 | 14.8938 | 14.4902 | 13.6853 | 13.2992
"When Xander and Harry arrived at the cafe, Harry passed the letter to","When Xander and Gina arrived at the cafe, Gina passed the letter to",Xander,Harry,Gina,ABB,2,the cafe,letter,46122,5850,clean,14.46206,13.168026,1.294034,0.09655518,0.02647182,True,4,the,the | his | them | Xander | a,14.8683 | 14.6638 | 14.5475 | 14.4621 | 13.5687
"After Iris and Carol left the park, Carol sent the gift to","After Iris and Tara left the park, Tara sent the gift to",Iris,Carol,Tara,ABB,3,the park,gift,34230,5074,clean,15.673719,13.307301,2.366419,0.32745126,0.0307202,True,1,Iris,Iris | her | the | Carol | a,15.6737 | 14.8205 | 13.8169 | 13.3073 | 12.8226
"When Gina and Rose visited the theater, Gina handed the wallet to","When Grace and Rose visited the theater, Grace handed the wallet to",Rose,Gina,Grace,BAB,1,the theater,wallet,8049,43002,clean,15.241948,10.846397,4.395551,0.19839561,0.00244663,True,2,her,her | Rose | the | a | them,15.3905 | 15.2419 | 15.1082 | 13.7629 | 13.0532
"Once Ella and Bob were at the office, Bob brought the phone to","Once Ella and Uma were at the office, Uma brought the phone to",Ella,Bob,Uma,ABB,4,the office,phone,7122,5811,clean,15.12261,13.822929,1.299681,0.12270919,0.03345283,True,3,his,his | the | Ell | her | him,15.2325 | 15.2116 | 15.1226 | 15.0122 | 13.8758
"When Fred and Mia visited the cafe, Mia handed the gift to","When Fred and Henry visited the cafe, Henry handed the gift to",Fred,Mia,Henry,ABB,1,the cafe,gift,8559,32189,clean,17.032753,12.034292,4.998461,0.63974178,0.00431719,True,1,Fred,Fred | the | her | him | his,17.0328 | 14.6836 | 14.3287 | 13.5381 | 13.5156
"When Isla and Rose went to the restaurant, Rose gave the note to","When Isla and Victor went to the restaurant, Victor gave the note to",Isla,Rose,Victor,ABB,0,the restaurant,note,1148,8049,clean,10.726655,13.028105,-2.30145,0.00381732,0.03812992,False,17,the,the | her | a | Rose | their,14.6726 | 14.3893 | 13.1353 | 13.0281 | 12.3936
"When Zach and Emma visited the beach, Emma handed the package to","When Zach and Tara visited the beach, Tara handed the package to",Zach,Emma,Tara,ABB,1,the beach,package,18825,18966,clean,16.759558,13.446987,3.312571,0.50022703,0.01821948,True,1,Zach,Zach | her | the | them | him,16.7596 | 14.8698 | 14.7638 | 14.1908 | 13.9244
"Once Yara and Paul were at the school, Paul brought the phone to","Once Yara and Fred were at the school, Fred brought the phone to",Yara,Paul,Fred,ABB,4,the school,phone,575,3362,clean,14.458644,13.403143,1.055501,0.07224213,0.02514156,True,4,her,her | the | his | Y | him,15.1603 | 15.0835 | 14.9703 | 14.4586 | 14.0604
"While Tara and Alice were at the park, Tara delivered the phone to","While Amy and Alice were at the park, Amy delivered the phone to",Alice,Tara,Amy,BAB,5,the park,phone,14862,37723,clean,14.510555,12.383511,2.127045,0.12643178,0.01506928,True,2,her,her | Alice | the | a | Tara,14.5714 | 14.5106 | 14.4099 | 13.0412 | 12.3835
"While Rose and Sam were at the market, Rose delivered the jacket to","While Iris and Sam were at the market, Iris delivered the jacket to",Sam,Rose,Iris,BAB,5,the market,jacket,3409,8049,clean,15.419139,11.425228,3.993911,0.38363594,0.00706945,True,1,Sam,Sam | the | her | a | his,15.4191 | 14.1325 | 13.5671 | 13.3700 | 12.9717
"When Kate and Uma arrived at the hospital, Uma passed the trophy to","When Kate and Olivia arrived at the hospital, Olivia passed the trophy to",Kate,Uma,Olivia,ABB,2,the hospital,trophy,16693,471,clean,15.482716,14.46372,1.018995,0.2366183,0.08540913,True,2,her,her | Kate | U | the | a,15.4876 | 15.4827 | 14.4637 | 14.2892 | 13.4688
"When Olivia and Uma visited the cafe, Uma handed the book to","When Olivia and David visited the cafe, David handed the book to",Olivia,Uma,David,ABB,1,the cafe,book,33911,471,clean,16.571787,14.477214,2.094573,0.45773074,0.05635709,True,1,Olivia,Olivia | her | the | U | a,16.5718 | 15.3850 | 14.5756 | 14.4772 | 13.6343
"When Clara and Olivia visited the restaurant, Olivia handed the wallet to","When Clara and Isla visited the restaurant, Isla handed the wallet to",Clara,Olivia,Isla,ABB,1,the restaurant,wallet,27443,33911,clean,15.468357,11.418692,4.049665,0.22393696,0.00390282,True,1,Clara,Clara | the | her | a | them,15.4684 | 15.0105 | 14.9788 | 13.8352 | 13.6484
"When Iris and Wendy went to the market, Iris gave the jacket to","When Quinn and Wendy went to the market, Quinn gave the jacket to",Wendy,Iris,Quinn,BAB,0,the market,jacket,28314,34230,clean,17.682827,12.375078,5.307749,0.81240368,0.00402389,True,1,Wendy,Wendy | her | the | them | a,17.6828 | 14.6290 | 14.5100 | 13.3313 | 13.0912
"Once Kate and Rose were at the library, Kate brought the ticket to","Once Emma and Rose were at the library, Emma brought the ticket to",Rose,Kate,Emma,BAB,4,the library,ticket,8049,16693,clean,14.306501,13.38654,0.919961,0.07217315,0.02876349,True,3,the,the | her | Rose | Kate | them,15.5272 | 15.2759 | 14.3065 | 13.3865 | 13.3562
"While Olivia and Noah were at the museum, Olivia delivered the card to","While Rose and Noah were at the museum, Rose delivered the card to",Noah,Olivia,Rose,BAB,5,the museum,card,18394,33911,clean,15.205202,11.911981,3.293221,0.24151897,0.00896857,True,1,Noah,Noah | the | her | a | one,15.2052 | 14.5474 | 14.4200 | 13.6400 | 12.1881
"When Xander and Frank visited the park, Xander handed the note to","When Victor and Frank visited the park, Victor handed the note to",Frank,Xander,Victor,BAB,1,the park,note,5278,46122,clean,16.925648,13.47251,3.453137,0.47544312,0.01504596,True,1,Frank,Frank | the | his | them | a,16.9256 | 15.3765 | 15.1121 | 13.8479 | 13.7625
"When Mia and Xander arrived at the cafe, Mia passed the ticket to","When Rose and Xander arrived at the cafe, Rose passed the ticket to",Xander,Mia,Rose,BAB,2,the cafe,ticket,46122,32189,clean,14.26173,11.065727,3.196003,0.12129971,0.00496425,True,2,the,the | Xander | her | a | them,14.8333 | 14.2617 | 13.9116 | 13.4719 | 13.2696
"Once Ella and Emma were at the park, Ella brought the map to","Once Mia and Emma were at the park, Mia brought the map to",Emma,Ella,Mia,BAB,4,the park,map,18966,7122,clean,15.78692,12.362684,3.424235,0.25544274,0.00832084,True,1,Emma,Emma | her | the | me | them,15.7869 | 15.2604 | 15.0581 | 14.0959 | 14.0788
"As Olivia and Clara walked through the beach, Olivia offered the card to","As Xander and Clara walked through the beach, Xander offered the card to",Clara,Olivia,Xander,BAB,6,the beach,card,27443,33911,clean,16.392088,12.280849,4.111238,0.38236791,0.00626604,True,1,Clara,Clara | her | the | a | one,16.3921 | 15.5653 | 14.8624 | 13.5468 | 12.9824
"When Olivia and David visited the hospital, David handed the phone to","When Olivia and Ella visited the hospital, Ella handed the phone to",Olivia,David,Ella,ABB,1,the hospital,phone,33911,3271,clean,16.818001,12.35912,4.45888,0.43534172,0.00503922,True,1,Olivia,Olivia | her | his | the | a,16.8180 | 15.6019 | 14.7269 | 14.7108 | 14.1158
"While Quinn and Iris were at the school, Iris delivered the book to","While Quinn and Grace were at the school, Grace delivered the book to",Quinn,Iris,Grace,ABB,5,the school,book,16109,34230,clean,13.283328,12.418173,0.865155,0.06288462,0.02647356,True,3,her,her | the | Quinn | a | Iris,14.2434 | 13.8229 | 13.2833 | 12.8075 | 12.4182
"When Brian and Uma arrived at the library, Uma passed the phone to","When Brian and Quinn arrived at the library, Quinn passed the phone to",Brian,Uma,Quinn,ABB,2,the library,phone,8403,471,clean,16.559225,13.981644,2.577581,0.54210943,0.04117727,True,1,Brian,Brian | her | the | U | a,16.5592 | 14.2562 | 14.0363 | 13.9816 | 13.8849
"When Alice and Frank visited the museum, Frank handed the ticket to","When Alice and Paul visited the museum, Paul handed the ticket to",Alice,Frank,Paul,ABB,1,the museum,ticket,14862,5278,clean,17.179873,12.530882,4.648991,0.5880779,0.00562865,True,1,Alice,Alice | the | her | them | a,17.1799 | 15.0437 | 14.4069 | 14.0756 | 13.8210
"When Noah and Ella arrived at the mall, Ella passed the book to","When Noah and Victor arrived at the mall, Victor passed the book to",Noah,Ella,Victor,ABB,2,the mall,book,18394,7122,clean,17.092068,12.231522,4.860546,0.66338277,0.00513873,True,1,Noah,Noah | the | her | a | him,17.0921 | 14.4323 | 13.9913 | 13.8523 | 13.3262
"When Clara and Tara arrived at the beach, Tara passed the pen to","When Clara and Brian arrived at the beach, Brian passed the pen to",Clara,Tara,Brian,ABB,2,the beach,pen,27443,37723,clean,15.409302,12.946871,2.462431,0.27472827,0.02341441,True,1,Clara,Clara | her | the | a | Tara,15.4093 | 14.8011 | 14.2665 | 13.4177 | 12.9469
"While Clara and Rose were at the beach, Clara delivered the card to","While Xander and Rose were at the beach, Xander delivered the card to",Rose,Clara,Xander,BAB,5,the beach,card,8049,27443,clean,14.770163,12.640538,2.129624,0.15198232,0.01806795,True,2,her,her | Rose | the | a | Clara,15.1422 | 14.7702 | 14.5319 | 12.8803 | 12.6405
"While Noah and Mia were at the theater, Mia delivered the ticket to","While Noah and Henry were at the theater, Henry delivered the ticket to",Noah,Mia,Henry,ABB,5,the theater,ticket,18394,32189,clean,14.235567,11.461493,2.774075,0.11523294,0.00719137,True,2,the,the | Noah | a | her | them,14.8419 | 14.2356 | 13.5816 | 13.4622 | 12.1822
"When Quinn and Alice arrived at the park, Quinn passed the note to","When Paul and Alice arrived at the park, Paul passed the note to",Alice,Quinn,Paul,BAB,2,the park,note,14862,16109,clean,17.680784,10.435161,7.245624,0.79301059,0.00056565,True,1,Alice,Alice | her | the | a | his,17.6808 | 15.2180 | 14.4341 | 12.7390 | 12.6913
"After Paul and Zach left the park, Zach sent the jacket to","After Paul and Tara left the park, Tara sent the jacket to",Paul,Zach,Tara,ABB,3,the park,jacket,3362,18825,clean,15.557704,13.413436,2.144268,0.35397846,0.04146991,True,1,Paul,Paul | the | his | Zach | a,15.5577 | 14.0235 | 13.7135 | 13.4134 | 12.5068
"As Amy and Frank walked through the mall, Frank offered the gift to","As Amy and Olivia walked through the mall, Olivia offered the gift to",Amy,Frank,Olivia,ABB,6,the mall,gift,14235,5278,clean,17.139456,13.894793,3.244663,0.49721777,0.01938239,True,1,Amy,Amy | her | the | his | them,17.1395 | 15.2333 | 15.0817 | 14.6093 | 14.4753
"When Derek and David arrived at the school, Derek passed the gift to","When Emma and David arrived at the school, Emma passed the gift to",David,Derek,Emma,BAB,2,the school,gift,3271,20893,clean,15.053893,11.811825,3.242068,0.0965059,0.00377174,True,3,his,his | the | David | their | a,16.4198 | 15.1310 | 15.0539 | 14.7695 | 14.2511
"While Kate and Derek were at the mall, Derek delivered the jacket to","While Kate and Alice were at the mall, Alice delivered the jacket to",Kate,Derek,Alice,ABB,5,the mall,jacket,16693,20893,clean,15.46411,12.863831,2.60028,0.20703158,0.01537267,True,1,Kate,Kate | his | the | them | a,15.4641 | 14.6660 | 14.6583 | 14.1842 | 14.1548
"While Harry and Iris were at the gym, Harry delivered the wallet to","While Isla and Iris were at the gym, Isla delivered the wallet to",Iris,Harry,Isla,BAB,5,the gym,wallet,34230,5850,clean,15.892667,13.553293,2.339374,0.30083483,0.02899687,True,1,Iris,Iris | the | his | them | Harry,15.8927 | 14.9517 | 14.6946 | 13.7553 | 13.5533
"When Isla and Mia visited the store, Isla handed the trophy to","When Paul and Mia visited the store, Paul handed the trophy to",Mia,Isla,Paul,BAB,1,the store,trophy,32189,1148,clean,16.344969,9.730249,6.614719,0.56072521,0.00075165,True,1,Mia,Mia | her | the | a | his,16.3450 | 14.9583 | 14.4412 | 13.2447 | 12.9955
"When Sam and Frank visited the school, Frank handed the card to","When Sam and Quinn visited the school, Quinn handed the card to",Sam,Frank,Quinn,ABB,1,the school,card,3409,5278,clean,16.18821,13.127837,3.060372,0.36444074,0.01708142,True,1,Sam,Sam | the | a | his | them,16.1882 | 15.0529 | 14.2958 | 14.1527 | 13.8751
"While Sam and Clara were at the market, Sam delivered the package to","While Isla and Clara were at the market, Isla delivered the package to",Clara,Sam,Isla,BAB,5,the market,package,27443,3409,clean,16.089113,11.759726,4.329388,0.45374185,0.00597833,True,1,Clara,Clara | the | his | a | her,16.0891 | 14.4432 | 14.3687 | 13.5081 | 13.5066
"When Amy and Liam visited the park, Liam handed the pen to","When Amy and Kate visited the park, Kate handed the pen to",Amy,Liam,Kate,ABB,1,the park,pen,14235,31684,clean,17.317343,14.126493,3.19085,0.61428541,0.02526978,True,1,Amy,Amy | the | her | them | Liam,17.3173 | 14.7927 | 14.5427 | 14.2469 | 14.1265
"When Emma and Kate arrived at the office, Emma passed the bag to","When Fred and Kate arrived at the office, Fred passed the bag to",Kate,Emma,Fred,BAB,2,the office,bag,16693,18966,clean,17.166945,14.146989,3.019956,0.50413442,0.02460346,True,1,Kate,Kate | her | the | Emma | a,17.1669 | 16.0167 | 15.2521 | 14.1470 | 14.1177
"When Xander and Victor visited the beach, Victor handed the card to","When Xander and Jack visited the beach, Jack handed the card to",Xander,Victor,Jack,ABB,1,the beach,card,46122,12622,clean,17.255644,13.531843,3.723801,0.63226324,0.01526412,True,1,Xander,Xander | the | his | them | Victor,17.2556 | 14.8407 | 14.0192 | 13.8779 | 13.5318
"Once Derek and Isla were at the museum, Isla brought the map to","Once Derek and Brian were at the museum, Brian brought the map to",Derek,Isla,Brian,ABB,4,the museum,map,20893,1148,clean,16.063078,11.052351,5.010727,0.378977,0.00252628,True,1,Derek,Derek | him | the | them | me,16.0631 | 14.6299 | 14.5108 | 14.1579 | 13.6033
"After Fred and Frank left the theater, Frank sent the book to","After Fred and Gina left the theater, Gina sent the book to",Fred,Frank,Gina,ABB,3,the theater,book,8559,5278,clean,14.642754,13.601896,1.040857,0.14089909,0.04975877,True,1,Fred,Fred | his | the | Frank | a,14.6428 | 14.3802 | 13.9836 | 13.6019 | 13.1571
"As Mia and Brian walked through the beach, Mia offered the key to","As Jack and Brian walked through the beach, Jack offered the key to",Brian,Mia,Jack,BAB,6,the beach,key,8403,32189,clean,11.57238,11.752473,-0.180093,0.00490837,0.00587693,False,14,the,the | her | their | a | unlocking,15.6616 | 14.7148 | 14.5133 | 14.1254 | 13.3964
"When Bob and Isla arrived at the office, Isla passed the phone to","When Bob and David arrived at the office, David passed the phone to",Bob,Isla,David,ABB,2,the office,phone,5811,1148,clean,15.445461,11.86685,3.578611,0.31591845,0.00881869,True,1,Bob,Bob | the | his | her | a,15.4455 | 13.9627 | 13.8277 | 13.4761 | 13.2791
"When Tara and Olivia visited the store, Olivia handed the book to","When Tara and Mia visited the store, Mia handed the book to",Tara,Olivia,Mia,ABB,1,the store,book,37723,33911,clean,16.010609,11.72561,4.284999,0.27982819,0.00385425,True,1,Tara,Tara | her | the | them | a,16.0106 | 15.5662 | 15.0600 | 14.4942 | 14.0756
"As Yara and Carol walked through the hospital, Yara offered the pen to","As Quinn and Carol walked through the hospital, Quinn offered the pen to",Carol,Yara,Quinn,BAB,6,the hospital,pen,5074,575,clean,16.891785,12.258528,4.633257,0.69157106,0.00672417,True,1,Carol,Carol | her | the | a | his,16.8918 | 14.4439 | 13.9435 | 12.6014 | 12.3316
"While Emma and Kate were at the hospital, Emma delivered the note to","While Tara and Kate were at the hospital, Tara delivered the note to",Kate,Emma,Tara,BAB,5,the hospital,note,16693,18966,clean,16.479588,14.62923,1.850357,0.35262525,0.05542601,True,1,Kate,Kate | her | the | Emma | a,16.4796 | 15.9994 | 14.8875 | 14.6292 | 13.3341
"Once Rose and Frank were at the office, Rose brought the key to","Once Iris and Frank were at the office, Iris brought the key to",Frank,Rose,Iris,BAB,4,the office,key,5278,8049,clean,14.373313,12.889574,1.483739,0.09239579,0.02095427,True,3,the,the | her | Frank | his | their,15.7569 | 14.5952 | 14.3733 | 14.1593 | 13.2984
"When Frank and Harry arrived at the beach, Frank passed the letter to","When Grace and Harry arrived at the beach, Grace passed the letter to",Harry,Frank,Grace,BAB,2,the beach,letter,5850,5278,clean,16.413435,10.964078,5.449357,0.47240126,0.00203089,True,1,Harry,Harry | his | the | Hermione | a,16.4134 | 14.8113 | 14.4732 | 13.9846 | 13.2615
"When Uma and Olivia arrived at the hospital, Uma passed the card to","When Amy and Olivia arrived at the hospital, Amy passed the card to",Olivia,Uma,Amy,BAB,2,the hospital,card,33911,471,clean,16.127825,11.606385,4.52144,0.4111692,0.00447079,True,1,Olivia,Olivia | her | the | a | his,16.1278 | 15.4769 | 14.2614 | 13.6397 | 13.4944
"As Grace and Yara walked through the market, Yara offered the package to","As Grace and Carol walked through the market, Carol offered the package to",Grace,Yara,Carol,ABB,6,the market,package,16156,575,clean,15.884565,13.717188,2.167377,0.4130204,0.04728152,True,1,Grace,Grace | her | the | Y | them,15.8846 | 14.7243 | 14.1222 | 13.7172 | 13.6666
"When Tara and Victor went to the library, Victor gave the map to","When Tara and Wendy went to the library, Wendy gave the map to",Tara,Victor,Wendy,ABB,0,the library,map,37723,12622,clean,16.146164,11.046638,5.099526,0.44186699,0.00269523,True,1,Tara,Tara | them | the | her | their,16.1462 | 14.6973 | 14.4546 | 14.0020 | 12.9594
"When Uma and Frank visited the library, Frank handed the wallet to","When Uma and David visited the library, David handed the wallet to",Uma,Frank,David,ABB,1,the library,wallet,471,5278,clean,16.176163,13.275315,2.900847,0.34544706,0.01899151,True,1,U,U | the | her | a | them,16.1762 | 14.8691 | 14.1707 | 14.0395 | 13.9973
"As David and Iris walked through the museum, David offered the ticket to","As Harry and Iris walked through the museum, Harry offered the ticket to",Iris,David,Harry,BAB,6,the museum,ticket,34230,3271,clean,16.2372,12.886467,3.350733,0.49084026,0.0172082,True,1,Iris,Iris | the | his | a | her,16.2372 | 14.7280 | 13.7612 | 13.2601 | 13.1195
"After Henry and Victor left the store, Henry sent the letter to","After Carol and Victor left the store, Carol sent the letter to",Victor,Henry,Carol,BAB,3,the store,letter,12622,8616,clean,15.621075,12.127289,3.493786,0.42907262,0.01303764,True,1,Victor,Victor | the | his | Henry | a,15.6211 | 14.1942 | 13.8686 | 12.1273 | 11.9933
"As Amy and Jack walked through the office, Amy offered the gift to","As Clara and Jack walked through the office, Clara offered the gift to",Jack,Amy,Clara,BAB,6,the office,gift,3619,14235,clean,16.404242,13.261494,3.142748,0.38427767,0.01658697,True,1,Jack,Jack | her | the | them | a,16.4042 | 15.3914 | 14.8246 | 14.3511 | 13.7065
"When Mia and Yara went to the office, Yara gave the note to","When Mia and Ella went to the office, Ella gave the note to",Mia,Yara,Ella,ABB,0,the office,note,32189,575,clean,15.867533,13.446997,2.420536,0.50255656,0.0446642,True,1,Mia,Mia | her | the | Y | his,15.8675 | 13.9960 | 13.9254 | 13.4470 | 12.3728
"When Alice and David arrived at the office, Alice passed the wallet to","When Clara and David arrived at the office, Clara passed the wallet to",David,Alice,Clara,BAB,2,the office,wallet,3271,14862,clean,16.361176,11.973392,4.387783,0.37345734,0.00464142,True,1,David,David | her | the | a | them,16.3612 | 15.5683 | 15.0470 | 13.9564 | 13.7864
"After Victor and Emma left the library, Victor sent the jacket to","After Kate and Emma left the library, Kate sent the jacket to",Emma,Victor,Kate,BAB,3,the library,jacket,18966,12622,clean,16.413855,12.388752,4.025103,0.57240725,0.0102241,True,1,Emma,Emma | the | his | her | a,16.4139 | 14.1390 | 13.6592 | 13.3965 | 12.5436
"When Sam and Carol arrived at the beach, Carol passed the pen to","When Sam and Alice arrived at the beach, Alice passed the pen to",Sam,Carol,Alice,ABB,2,the beach,pen,3409,5074,clean,16.179329,10.633863,5.545465,0.36977983,0.00144404,True,1,Sam,Sam | her | a | the | his,16.1793 | 14.8896 | 14.7150 | 14.2996 | 13.5173
"Once Henry and Yara were at the station, Henry brought the key to","Once Quinn and Yara were at the station, Quinn brought the key to",Yara,Henry,Quinn,BAB,4,the station,key,575,8616,clean,13.819921,11.587379,2.232542,0.07692829,0.00825098,True,3,the,the | his | Y | their | a,15.5168 | 13.8994 | 13.8199 | 12.7800 | 12.7028
"Once Rose and Alice were at the station, Alice brought the ticket to","Once Rose and David were at the station, David brought the ticket to",Rose,Alice,David,ABB,4,the station,ticket,8049,14862,clean,13.423167,13.052942,0.370225,0.03167311,0.02187279,True,3,the,the | her | Rose | them | Alice,15.8993 | 14.6872 | 13.4232 | 13.3440 | 13.0529
"Once Jack and Iris were at the beach, Jack brought the book to","Once Emma and Iris were at the beach, Emma brought the book to",Iris,Jack,Emma,BAB,4,the beach,book,34230,3619,clean,15.97556,12.940988,3.034573,0.29493228,0.01418483,True,1,Iris,Iris | the | his | her | him,15.9756 | 15.0766 | 14.6680 | 14.5344 | 14.3985
"When Grace and Iris visited the museum, Iris handed the ticket to","When Grace and Frank visited the museum, Frank handed the ticket to",Grace,Iris,Frank,ABB,1,the museum,ticket,16156,34230,clean,16.062393,11.877513,4.18488,0.47993323,0.00730652,True,1,Grace,Grace | the | her | them | a,16.0624 | 14.5330 | 13.9929 | 13.7553 | 12.7973
"When Emma and Quinn arrived at the museum, Emma passed the note to","When Olivia and Quinn arrived at the museum, Olivia passed the note to",Quinn,Emma,Olivia,BAB,2,the museum,note,16109,18966,clean,16.023441,12.130317,3.893125,0.37699866,0.00768382,True,1,Quinn,Quinn | her | the | a | them,16.0234 | 15.6027 | 14.5233 | 13.7746 | 12.7686
"Once Paul and Amy were at the theater, Amy brought the package to","Once Paul and Fred were at the theater, Fred brought the package to",Paul,Amy,Fred,ABB,4,the theater,package,3362,14235,clean,16.475256,14.370534,2.104722,0.31551242,0.03845451,True,1,Paul,Paul | the | her | them | Amy,16.4753 | 15.5992 | 15.1997 | 14.4690 | 14.3705
"When Harry and Quinn arrived at the station, Harry passed the note to","When Mia and Quinn arrived at the station, Mia passed the note to",Quinn,Harry,Mia,BAB,2,the station,note,16109,5850,clean,15.098333,12.551464,2.546869,0.187745,0.01470541,True,1,Quinn,Quinn | his | the | a | Hermione,15.0983 | 14.6218 | 14.6037 | 13.5695 | 13.2360
"As Gina and Kate walked through the market, Gina offered the map to","As Ella and Kate walked through the market, Ella offered the map to",Kate,Gina,Ella,BAB,6,the market,map,16693,43002,clean,16.310406,12.552835,3.75757,0.39711851,0.0092689,True,1,Kate,Kate | her | the | them | me,16.3104 | 15.0481 | 15.0337 | 14.3800 | 13.7411
"Once Kate and Wendy were at the school, Kate brought the phone to","Once Carol and Wendy were at the school, Carol brought the phone to",Wendy,Kate,Carol,BAB,4,the school,phone,28314,16693,clean,16.129215,12.362549,3.766666,0.23804936,0.00550585,True,2,her,her | Wendy | the | them | their,16.4930 | 16.1292 | 15.3433 | 13.6000 | 13.3633
"When Iris and Jack arrived at the museum, Iris passed the pen to","When Mia and Jack arrived at the museum, Mia passed the pen to",Jack,Iris,Mia,BAB,2,the museum,pen,3619,34230,clean,16.472731,12.567599,3.905131,0.5328986,0.01073168,True,1,Jack,Jack | her | the | them | a,16.4727 | 14.6511 | 14.4305 | 13.7465 | 13.0714
"After Tara and Sam left the theater, Sam sent the pen to","After Tara and Noah left the theater, Noah sent the pen to",Tara,Sam,Noah,ABB,3,the theater,pen,37723,3409,clean,15.865079,13.121752,2.743327,0.36972877,0.02379422,True,1,Tara,Tara | the | her | his | Sam,15.8651 | 14.1046 | 13.8706 | 13.7149 | 13.1218
"When Wendy and Jack went to the library, Jack gave the key to","When Wendy and Paul went to the library, Paul gave the key to",Wendy,Jack,Paul,ABB,0,the library,key,28314,3619,clean,16.84214,13.42272,3.41942,0.51545268,0.01687149,True,1,Wendy,Wendy | the | his | a | her,16.8421 | 15.7603 | 14.2514 | 13.9785 | 13.9377
"When Derek and Quinn went to the station, Quinn gave the bag to","When Derek and Liam went to the station, Liam gave the bag to",Derek,Quinn,Liam,ABB,0,the station,bag,20893,16109,clean,16.357876,13.567153,2.790723,0.50615174,0.03106599,True,1,Derek,Derek | the | them | Quinn | her,16.3579 | 14.5224 | 14.1356 | 13.5672 | 13.2323
"When Grace and Carol went to the park, Grace gave the trophy to","When Derek and Carol went to the park, Derek gave the trophy to",Carol,Grace,Derek,BAB,0,the park,trophy,5074,16156,clean,14.535543,11.675258,2.860286,0.12524553,0.00717061,True,2,her,her | Carol | the | a | one,15.0016 | 14.5355 | 14.4822 | 13.7639 | 12.3339
"After Yara and Frank left the school, Yara sent the letter to","After Sam and Frank left the school, Sam sent the letter to",Frank,Yara,Sam,BAB,3,the school,letter,5278,575,clean,14.762877,13.338234,1.424644,0.23739947,0.05711694,True,1,Frank,Frank | the | her | his | Y,14.7629 | 14.1183 | 13.7830 | 13.5252 | 13.3382
"When Fred and Tara went to the theater, Fred gave the jacket to","When Wendy and Tara went to the theater, Wendy gave the jacket to",Tara,Fred,Wendy,BAB,0,the theater,jacket,37723,8559,clean,15.764777,10.685596,5.079181,0.36409539,0.0022665,True,1,Tara,Tara | the | his | a | her,15.7648 | 14.8179 | 13.9015 | 13.8864 | 13.2519
"When Clara and Fred arrived at the hospital, Fred passed the note to","When Clara and Olivia arrived at the hospital, Olivia passed the note to",Clara,Fred,Olivia,ABB,2,the hospital,note,27443,8559,clean,16.784168,12.541988,4.24218,0.55708802,0.00800882,True,1,Clara,Clara | her | the | his | them,16.7842 | 14.8395 | 14.3423 | 14.2549 | 13.4818
"When Gina and Tara arrived at the museum, Tara passed the jacket to","When Gina and Amy arrived at the museum, Amy passed the jacket to",Gina,Tara,Amy,ABB,2,the museum,jacket,43002,37723,clean,16.482723,14.315366,2.167357,0.47935534,0.05487647,True,1,Gina,Gina | her | the | Tara | a,16.4827 | 14.7318 | 14.5076 | 14.3154 | 13.6964
"Once Fred and Bob were at the beach, Bob brought the bag to","Once Fred and Xander were at the beach, Xander brought the bag to",Fred,Bob,Xander,ABB,4,the beach,bag,8559,5811,clean,14.862737,13.586522,1.276215,0.11023958,0.03076696,True,2,the,the | Fred | them | his | him,15.1830 | 14.8627 | 14.3462 | 14.2600 | 14.1783
"While Sam and Olivia were at the office, Olivia delivered the key to","While Sam and Zach were at the office, Zach delivered the key to",Sam,Olivia,Zach,ABB,5,the office,key,3409,33911,clean,12.660145,10.441664,2.218481,0.03137888,0.00341321,True,4,the,the | her | a | Sam | their,15.1037 | 13.6277 | 13.2247 | 12.6601 | 12.3683
"When Frank and Kate visited the hospital, Kate handed the gift to","When Frank and Paul visited the hospital, Paul handed the gift to",Frank,Kate,Paul,ABB,1,the hospital,gift,5278,16693,clean,16.281076,12.637392,3.643684,0.41153279,0.01076397,True,1,Frank,Frank | her | the | a | their,16.2811 | 15.1657 | 14.7094 | 13.4482 | 13.3589
"As Liam and Carol walked through the market, Carol offered the letter to","As Liam and Zach walked through the market, Zach offered the letter to",Liam,Carol,Zach,ABB,6,the market,letter,31684,5074,clean,15.287455,11.084302,4.203153,0.31361261,0.004688,True,1,Liam,Liam | the | her | a | them,15.2875 | 13.9875 | 13.1638 | 12.7806 | 12.1495
"Once Derek and Sam were at the hospital, Sam brought the note to","Once Derek and Yara were at the hospital, Yara brought the note to",Derek,Sam,Yara,ABB,4,the hospital,note,20893,3409,clean,16.591204,13.545847,3.045357,0.45605806,0.02169894,True,1,Derek,Derek | him | the | his | them,16.5912 | 14.7018 | 14.2535 | 14.0634 | 14.0081
"When Liam and Brian went to the gym, Brian gave the phone to","When Liam and Fred went to the gym, Fred gave the phone to",Liam,Brian,Fred,ABB,0,the gym,phone,31684,8403,clean,16.72711,12.183814,4.543296,0.58415395,0.0062144,True,1,Liam,Liam | the | his | them | a,16.7271 | 14.3349 | 14.1450 | 13.9810 | 13.5640
"When Alice and Isla visited the school, Alice handed the phone to","When Emma and Isla visited the school, Emma handed the phone to",Isla,Alice,Emma,BAB,1,the school,phone,1148,14862,clean,16.016626,13.905939,2.110687,0.31267312,0.03788181,True,1,Is,Is | her | the | Alice | a,16.0166 | 15.2996 | 15.0647 | 13.9059 | 13.1254
"After Paul and Ella left the museum, Ella sent the trophy to","After Paul and Emma left the museum, Emma sent the trophy to",Paul,Ella,Emma,ABB,3,the museum,trophy,3362,7122,clean,15.766482,12.492425,3.274057,0.41269237,0.01562145,True,1,Paul,Paul | the | her | his | a,15.7665 | 13.9669 | 13.9573 | 12.9390 | 12.5597
"As Olivia and Henry walked through the gym, Olivia offered the jacket to","As Amy and Henry walked through the gym, Amy offered the jacket to",Henry,Olivia,Amy,BAB,6,the gym,jacket,8616,33911,clean,16.880978,12.11905,4.761928,0.56854022,0.00486051,True,1,Henry,Henry | the | her | a | them,16.8810 | 14.8025 | 14.7675 | 13.4943 | 13.3886
"While Tara and Emma were at the cafe, Tara delivered the package to","While Brian and Emma were at the cafe, Brian delivered the package to",Emma,Tara,Brian,BAB,5,the cafe,package,18966,37723,clean,15.692384,11.839453,3.852931,0.25787327,0.00547141,True,2,her,her | Emma | the | a | them,15.7249 | 15.6924 | 14.8176 | 13.4644 | 12.6554
"While Harry and Sam were at the park, Harry delivered the book to","While Xander and Sam were at the park, Xander delivered the book to",Sam,Harry,Xander,BAB,5,the park,book,3409,5850,clean,14.824605,14.018799,0.805806,0.11551596,0.05160417,True,2,the,the | Sam | his | Harry | a,15.0048 | 14.8246 | 14.8132 | 14.0188 | 13.8131
"As Derek and Grace walked through the cafe, Grace offered the bag to","As Derek and Ella walked through the cafe, Ella offered the bag to",Derek,Grace,Ella,ABB,6,the cafe,bag,20893,16156,clean,16.547993,11.626113,4.92188,0.47545928,0.00346392,True,1,Derek,Derek | the | them | her | me,16.5480 | 14.7296 | 14.3579 | 14.2475 | 13.6610
"After Isla and Carol left the mall, Carol sent the map to","After Isla and Liam left the mall, Liam sent the map to",Isla,Carol,Liam,ABB,3,the mall,map,1148,5074,clean,14.651093,13.425067,1.226027,0.17079142,0.05011982,True,1,Is,Is | her | the | Carol | a,14.6511 | 14.2476 | 13.9117 | 13.4251 | 12.6311
"After Rose and Uma left the mall, Rose sent the map to","After Harry and Uma left the mall, Harry sent the map to",Uma,Rose,Harry,BAB,3,the mall,map,471,8049,clean,14.801565,12.562984,2.238581,0.23084167,0.02460996,True,1,U,U | her | the | Rose | a,14.8016 | 14.5420 | 13.9102 | 12.5630 | 12.3724
"As David and Gina walked through the library, Gina offered the gift to","As David and Frank walked through the library, Frank offered the gift to",David,Gina,Frank,ABB,6,the library,gift,3271,43002,clean,15.095489,11.686675,3.408813,0.17667919,0.00584462,True,2,her,her | David | the | a | them,15.1755 | 15.0955 | 14.6784 | 13.8339 | 13.0143
"When Jack and Rose went to the library, Rose gave the wallet to","When Jack and Emma went to the library, Emma gave the wallet to",Jack,Rose,Emma,ABB,0,the library,wallet,3619,8049,clean,17.644732,12.825399,4.819332,0.79412514,0.00641032,True,1,Jack,Jack | the | them | her | a,17.6447 | 14.5345 | 13.7316 | 13.4606 | 13.1383
"As Isla and Mia walked through the restaurant, Isla offered the bag to","As Liam and Mia walked through the restaurant, Liam offered the bag to",Mia,Isla,Liam,BAB,6,the restaurant,bag,32189,1148,clean,16.826611,11.48429,5.34232,0.68865007,0.00329502,True,1,Mia,Mia | her | the | a | them,16.8266 | 14.7396 | 14.2900 | 12.7879 | 12.7416
"Once Grace and Zach were at the school, Grace brought the map to","Once Alice and Zach were at the school, Alice brought the map to",Zach,Grace,Alice,BAB,4,the school,map,18825,16156,clean,14.363087,11.463001,2.900085,0.09265458,0.00509772,True,3,the,the | her | Zach | them | school,14.8956 | 14.5848 | 14.3631 | 13.9668 | 13.8834
"When Victor and Zach went to the store, Victor gave the gift to","When Brian and Zach went to the store, Brian gave the gift to",Zach,Victor,Brian,BAB,0,the store,gift,18825,12622,clean,16.868847,11.644692,5.224154,0.68518996,0.00368969,True,1,Zach,Zach | the | his | a | Zack,16.8688 | 14.3996 | 14.0107 | 13.1416 | 13.0201
"Once Xander and Yara were at the library, Yara brought the phone to","Once Xander and Carol were at the library, Carol brought the phone to",Xander,Yara,Carol,ABB,4,the library,phone,46122,575,clean,17.003645,13.996068,3.007577,0.34734452,0.01716273,True,1,Xander,Xander | her | the | his | him,17.0036 | 16.6532 | 15.5014 | 15.2500 | 15.0516
"When Ella and Sam visited the restaurant, Sam handed the jacket to","When Ella and Carol visited the restaurant, Carol handed the jacket to",Ella,Sam,Carol,ABB,1,the restaurant,jacket,7122,3409,clean,16.517591,14.938066,1.579525,0.40081826,0.08259781,True,1,Ell,Ell | Sam | the | her | a,16.5176 | 14.9381 | 14.8476 | 14.3630 | 14.0720
"When Bob and Sam visited the hospital, Bob handed the pen to","When Tara and Sam visited the hospital, Tara handed the pen to",Sam,Bob,Tara,BAB,1,the hospital,pen,3409,5811,clean,17.188475,12.586514,4.601961,0.55409867,0.0055588,True,1,Sam,Sam | the | his | a | him,17.1885 | 15.0868 | 15.0249 | 14.3902 | 13.7417
"While Paul and Iris were at the gym, Paul delivered the map to","While Jack and Iris were at the gym, Jack delivered the map to",Iris,Paul,Jack,BAB,5,the gym,map,34230,3362,clean,16.646383,13.037071,3.609312,0.64914846,0.01757275,True,1,Iris,Iris | the | his | Paul | them,16.6464 | 14.2316 | 13.6637 | 13.0371 | 12.9165
"When Fred and Xander arrived at the theater, Xander passed the gift to","When Fred and Harry arrived at the theater, Harry passed the gift to",Fred,Xander,Harry,ABB,2,the theater,gift,8559,46122,clean,16.230762,15.013082,1.217681,0.30257815,0.08953761,True,1,Fred,Fred | his | the | Xander | a,16.2308 | 15.2961 | 15.0609 | 15.0131 | 14.1189
"When Grace and Paul visited the hospital, Paul handed the ticket to","When Grace and Mia visited the hospital, Mia handed the ticket to",Grace,Paul,Mia,ABB,1,the hospital,ticket,16156,3362,clean,17.741699,13.767837,3.973863,0.75510269,0.01419644,True,1,Grace,Grace | the | her | a | Paul,17.7417 | 14.8618 | 14.1621 | 13.9887 | 13.7678
"While Henry and Noah were at the museum, Henry delivered the bag to","While Paul and Noah were at the museum, Paul delivered the bag to",Noah,Henry,Paul,BAB,5,the museum,bag,18394,8616,clean,15.930512,11.449792,4.480721,0.47898576,0.00542463,True,1,Noah,Noah | the | his | a | them,15.9305 | 14.2889 | 13.8842 | 13.3707 | 12.1420
"While Paul and Amy were at the school, Amy delivered the gift to","While Paul and Liam were at the school, Liam delivered the gift to",Paul,Amy,Liam,ABB,5,the school,gift,3362,14235,clean,16.331905,13.219842,3.112063,0.43365878,0.01930173,True,1,Paul,Paul | her | the | a | Amy,16.3319 | 14.9620 | 14.8522 | 13.6617 | 13.2198
"After Uma and Paul left the library, Paul sent the phone to","After Uma and Quinn left the library, Quinn sent the phone to",Uma,Paul,Quinn,ABB,3,the library,phone,471,3362,clean,13.774837,12.685066,1.089771,0.077503,0.02606374,True,3,the,the | his | U | her | a,14.1150 | 13.9686 | 13.7748 | 13.4506 | 12.9788
"When Fred and Uma arrived at the hospital, Uma passed the trophy to","When Fred and Ella arrived at the hospital, Ella passed the trophy to",Fred,Uma,Ella,ABB,2,the hospital,trophy,8559,471,clean,16.199635,13.942564,2.257071,0.47058073,0.04924939,True,1,Fred,Fred | his | her | the | U,16.1996 | 14.2045 | 14.1516 | 14.0918 | 13.9426
"When Carol and Fred went to the office, Carol gave the pen to","When Frank and Fred went to the office, Frank gave the pen to",Fred,Carol,Frank,BAB,0,the office,pen,8559,5074,clean,17.201567,13.679153,3.522413,0.66048545,0.01950287,True,1,Fred,Fred | the | her | a | Carol,17.2016 | 14.6445 | 14.4755 | 13.8826 | 13.6792
"While Iris and Mia were at the library, Iris delivered the trophy to","While Victor and Mia were at the library, Victor delivered the trophy to",Mia,Iris,Victor,BAB,5,the library,trophy,32189,34230,clean,14.672968,12.922297,1.75067,0.19678394,0.034173,True,2,her,her | Mia | the | Iris | a,14.7507 | 14.6730 | 14.2215 | 12.9223 | 12.6097
"When Rose and Derek visited the gym, Derek handed the bag to","When Rose and Xander visited the gym, Xander handed the bag to",Rose,Derek,Xander,ABB,1,the gym,bag,8049,20893,clean,16.899258,12.363102,4.536156,0.60553277,0.00648799,True,1,Rose,Rose | the | his | her | them,16.8993 | 14.8400 | 14.2338 | 13.9000 | 13.7380
"When Iris and Brian arrived at the restaurant, Iris passed the map to","When Paul and Brian arrived at the restaurant, Paul passed the map to",Brian,Iris,Paul,BAB,2,the restaurant,map,8403,34230,clean,16.716373,11.715918,5.000456,0.59546649,0.00401039,True,1,Brian,Brian | the | her | them | their,16.7164 | 14.6202 | 14.6148 | 14.2968 | 13.2527
"Once Frank and Emma were at the beach, Frank brought the trophy to","Once Victor and Emma were at the beach, Victor brought the trophy to",Emma,Frank,Victor,BAB,4,the beach,trophy,18966,5278,clean,16.537901,11.440099,5.097802,0.43369403,0.00264994,True,1,Emma,Emma | the | his | her | them,16.5379 | 15.1380 | 14.7891 | 14.3281 | 13.6154
"When Amy and Ella went to the library, Amy gave the jacket to","When Kate and Ella went to the library, Kate gave the jacket to",Ella,Amy,Kate,BAB,0,the library,jacket,7122,14235,clean,14.761791,14.881279,-0.119488,0.08450522,0.09523058,False,4,her,her | the | Amy | Ell | a,15.6471 | 14.9567 | 14.8813 | 14.7618 | 14.3802
"While Ella and Zach were at the park, Zach delivered the ticket to","While Ella and Brian were at the park, Brian delivered the ticket to",Ella,Zach,Brian,ABB,5,the park,ticket,7122,18825,clean,14.35026,13.34132,1.00894,0.12171407,0.0443776,True,2,the,the | Ell | Zach | her | his,14.3656 | 14.3503 | 13.3413 | 13.1922 | 13.1036
"Once Henry and Carol were at the museum, Carol brought the phone to","Once Henry and Wendy were at the museum, Wendy brought the phone to",Henry,Carol,Wendy,ABB,4,the museum,phone,8616,5074,clean,14.564594,14.068707,0.495887,0.08717385,0.05309154,True,3,her,her | the | Henry | Carol | him,15.0636 | 14.9849 | 14.5646 | 14.0687 | 13.9567
"Once Quinn and Alice were at the park, Alice brought the book to","Once Quinn and Noah were at the park, Noah brought the book to",Quinn,Alice,Noah,ABB,4,the park,book,16109,14862,clean,13.850319,14.400667,-0.550348,0.03481253,0.06035994,False,5,her,her | the | Alice | them | Quinn,16.1586 | 15.0767 | 14.4007 | 13.8985 | 13.8503
"When Jack and Tara visited the theater, Tara handed the card to","When Jack and Yara visited the theater, Yara handed the card to",Jack,Tara,Yara,ABB,1,the theater,card,3619,37723,clean,17.648262,12.494257,5.154005,0.7381134,0.00426351,True,1,Jack,Jack | the | her | them | him,17.6483 | 14.7714 | 13.9839 | 13.9353 | 13.5311
"Once Quinn and Noah were at the school, Noah brought the book to","Once Quinn and Amy were at the school, Amy brought the book to",Quinn,Noah,Amy,ABB,4,the school,book,16109,18394,clean,15.074306,14.519945,0.554361,0.17058994,0.09799352,True,1,Quinn,Quinn | Noah | the | them | him,15.0743 | 14.5199 | 14.4584 | 14.1835 | 14.0810
"As Tara and Kate walked through the gym, Kate offered the card to","As Tara and Liam walked through the gym, Liam offered the card to",Tara,Kate,Liam,ABB,6,the gym,card,37723,16693,clean,16.644089,12.790054,3.854034,0.49765578,0.01054735,True,1,Tara,Tara | her | the | them | a,16.6441 | 15.0491 | 14.6182 | 13.7013 | 13.1966
"When Alice and Derek went to the hospital, Derek gave the package to","When Alice and Grace went to the hospital, Grace gave the package to",Alice,Derek,Grace,ABB,0,the hospital,package,14862,20893,clean,16.598167,12.708399,3.889769,0.43105039,0.00881501,True,1,Alice,Alice | her | the | his | them,16.5982 | 15.1712 | 14.5833 | 14.3078 | 14.1388
"When Yara and Mia went to the station, Mia gave the note to","When Yara and Quinn went to the station, Quinn gave the note to",Yara,Mia,Quinn,ABB,0,the station,note,575,32189,clean,14.521634,12.963024,1.55861,0.17602871,0.03704144,True,1,Y,Y | the | her | Mia | a,14.5216 | 14.1942 | 13.6057 | 12.9630 | 12.5971
"While Tara and Olivia were at the office, Olivia delivered the jacket to","While Tara and Sam were at the office, Sam delivered the jacket to",Tara,Olivia,Sam,ABB,5,the office,jacket,37723,33911,clean,14.633652,11.667767,2.965885,0.13959166,0.00719104,True,1,Tara,Tara | her | the | a | them,14.6337 | 14.5294 | 14.3830 | 13.3426 | 12.6290
"Once Grace and Amy were at the office, Grace brought the package to","Once Quinn and Amy were at the office, Quinn brought the package to",Amy,Grace,Quinn,BAB,4,the office,package,14235,16156,clean,16.072115,11.893326,4.178789,0.29394937,0.00450244,True,1,Amy,Amy | the | her | them | me,16.0721 | 15.5739 | 15.5000 | 13.3851 | 13.2880
"While Jack and Ella were at the school, Jack delivered the phone to","While Noah and Ella were at the school, Noah delivered the phone to",Ella,Jack,Noah,BAB,5,the school,phone,7122,3619,clean,14.407335,12.997983,1.409352,0.13483872,0.0329413,True,1,Ell,Ell | the | his | a | Jack,14.4073 | 14.1529 | 14.0822 | 13.4803 | 12.9980
"When Noah and Quinn visited the cafe, Noah handed the package to","When Olivia and Quinn visited the cafe, Olivia handed the package to",Quinn,Noah,Olivia,BAB,1,the cafe,package,16109,18394,clean,17.958607,12.120783,5.837824,0.83846813,0.00244428,True,1,Quinn,Quinn | the | his | her | a,17.9586 | 14.8336 | 14.4750 | 13.5566 | 13.4585
"When Bob and Grace visited the store, Bob handed the phone to","When Yara and Grace visited the store, Yara handed the phone to",Grace,Bob,Yara,BAB,1,the store,phone,16156,5811,clean,15.878488,13.116866,2.761621,0.2715016,0.01715598,True,1,Grace,Grace | the | his | her | a,15.8785 | 14.8547 | 14.5821 | 14.4467 | 14.4134
"When Yara and Frank visited the office, Yara handed the jacket to","When Tara and Frank visited the office, Tara handed the jacket to",Frank,Yara,Tara,BAB,1,the office,jacket,5278,575,clean,17.128428,12.620254,4.508174,0.71463358,0.00787424,True,1,Frank,Frank | the | her | his | a,17.1284 | 14.7756 | 14.1363 | 13.5292 | 13.0789
"Once Bob and Amy were at the gym, Bob brought the phone to","Once Olivia and Amy were at the gym, Olivia brought the phone to",Amy,Bob,Olivia,BAB,4,the gym,phone,14235,5811,clean,17.251188,12.973359,4.277829,0.4215236,0.00584769,True,1,Amy,Amy | his | the | her | him,17.2512 | 16.1959 | 15.6767 | 15.6156 | 14.5922
"Once Harry and Uma were at the cafe, Uma brought the jacket to","Once Harry and Clara were at the cafe, Clara brought the jacket to",Harry,Uma,Clara,ABB,4,the cafe,jacket,5850,471,clean,16.709435,13.20134,3.508095,0.3813687,0.01142349,True,1,Harry,Harry | her | the | Hermione | him,16.7094 | 15.2672 | 15.1353 | 14.8400 | 14.7868
"Once Ella and Frank were at the hospital, Ella brought the map to","Once Iris and Frank were at the hospital, Iris brought the map to",Frank,Ella,Iris,BAB,4,the hospital,map,5278,7122,clean,14.331159,12.231035,2.100123,0.09643725,0.0118079,True,3,the,the | her | Frank | them | me,14.5926 | 14.5452 | 14.3312 | 13.7722 | 13.1617
"When Derek and Victor visited the museum, Derek handed the note to","When Emma and Victor visited the museum, Emma handed the note to",Victor,Derek,Emma,BAB,1,the museum,note,12622,20893,clean,18.020941,8.661068,9.359873,0.81662709,7.032e-05,True,1,Victor,Victor | the | his | a | them,18.0209 | 14.9521 | 14.9420 | 13.5964 | 13.3498
"While Paul and Clara were at the mall, Paul delivered the bag to","While Carol and Clara were at the mall, Carol delivered the bag to",Clara,Paul,Carol,BAB,5,the mall,bag,27443,3362,clean,16.921965,12.604423,4.317542,0.60626644,0.00808312,True,1,Clara,Clara | the | his | a | her,16.9220 | 14.6693 | 14.3367 | 13.7855 | 13.5440
"Once Quinn and Paul were at the beach, Paul brought the package to","Once Quinn and Fred were at the beach, Fred brought the package to",Quinn,Paul,Fred,ABB,4,the beach,package,16109,3362,clean,15.272445,13.117523,2.154922,0.22299512,0.02584787,True,1,Quinn,Quinn | the | her | his | him,15.2724 | 14.6012 | 14.2732 | 13.7870 | 13.4911
"As Mia and Gina walked through the park, Gina offered the key to","As Mia and Iris walked through the park, Iris offered the key to",Mia,Gina,Iris,ABB,6,the park,key,32189,43002,clean,12.049198,11.060838,0.98836,0.00975887,0.00363212,True,7,the,the | her | their | a | unlocking,15.6521 | 14.6727 | 13.8352 | 13.6925 | 12.9131
"When Frank and Uma went to the restaurant, Uma gave the note to","When Frank and Yara went to the restaurant, Yara gave the note to",Frank,Uma,Yara,ABB,0,the restaurant,note,5278,471,clean,16.174229,14.572379,1.60185,0.48076847,0.09688612,True,1,Frank,Frank | U | the | his | her,16.1742 | 14.5724 | 14.3867 | 13.6808 | 13.4817
"When Olivia and Fred arrived at the gym, Olivia passed the package to","When Emma and Fred arrived at the gym, Emma passed the package to",Fred,Olivia,Emma,BAB,2,the gym,package,8559,33911,clean,16.770563,12.151105,4.619458,0.49404281,0.00487034,True,1,Fred,Fred | her | the | them | a,16.7706 | 15.5121 | 14.6667 | 13.9531 | 13.8135
"After Tara and Carol left the station, Tara sent the card to","After Sam and Carol left the station, Sam sent the card to",Carol,Tara,Sam,BAB,3,the station,card,5074,37723,clean,15.342279,12.930258,2.412022,0.24933551,0.02234892,True,1,Carol,Carol | her | the | Tara | a,15.3423 | 14.4937 | 14.0858 | 12.9303 | 12.6155
"Once Rose and Wendy were at the office, Rose brought the ticket to","Once Olivia and Wendy were at the office, Olivia brought the ticket to",Wendy,Rose,Olivia,BAB,4,the office,ticket,28314,8049,clean,15.904631,12.187515,3.717115,0.27899244,0.00678063,True,1,Wendy,Wendy | the | her | them | their,15.9046 | 15.8635 | 15.1420 | 13.0887 | 12.7443
"Once Clara and Quinn were at the market, Clara brought the wallet to","Once Yara and Quinn were at the market, Yara brought the wallet to",Quinn,Clara,Yara,BAB,4,the market,wallet,16109,27443,clean,15.218146,11.899464,3.318683,0.2296069,0.00831188,True,1,Quinn,Quinn | her | the | them | a,15.2181 | 15.0671 | 14.9375 | 13.0010 | 12.6582
"When Mia and Henry went to the school, Henry gave the package to","When Mia and Derek went to the school, Derek gave the package to",Mia,Henry,Derek,ABB,0,the school,package,32189,8616,clean,16.47155,11.707787,4.763763,0.5434494,0.00463749,True,1,Mia,Mia | the | her | his | them,16.4715 | 14.4755 | 14.2279 | 13.7745 | 13.7430
"When Yara and Iris arrived at the hospital, Yara passed the phone to","When Amy and Iris arrived at the hospital, Amy passed the phone to",Iris,Yara,Amy,BAB,2,the hospital,phone,34230,575,clean,16.157181,11.495714,4.661467,0.58003765,0.00548286,True,1,Iris,Iris | her | the | his | a,16.1572 | 14.6381 | 13.7145 | 12.8103 | 12.5215
"Once Sam and Mia were at the cafe, Mia brought the phone to","Once Sam and Liam were at the cafe, Liam brought the phone to",Sam,Mia,Liam,ABB,4,the cafe,phone,3409,32189,clean,15.093276,13.524852,1.568424,0.10820868,0.0225478,True,3,her,her | the | Sam | his | him,16.0943 | 15.4154 | 15.0933 | 14.5252 | 13.7154
"When Harry and Uma visited the hospital, Harry handed the gift to","When Olivia and Uma visited the hospital, Olivia handed the gift to",Uma,Harry,Olivia,BAB,1,the hospital,gift,471,5850,clean,16.027391,13.466692,2.560699,0.27607748,0.02132718,True,1,U,U | his | the | her | them,16.0274 | 15.5182 | 15.0580 | 14.5521 | 13.9026
"When Alice and Grace visited the library, Grace handed the wallet to","When Alice and Brian visited the library, Brian handed the wallet to",Alice,Grace,Brian,ABB,1,the library,wallet,14862,16156,clean,17.295361,11.355066,5.940294,0.6365456,0.00167491,True,1,Alice,Alice | the | her | them | a,17.2954 | 14.9219 | 14.7213 | 13.6446 | 13.5303
"When Brian and Noah visited the hospital, Brian handed the map to","When Grace and Noah visited the hospital, Grace handed the map to",Noah,Brian,Grace,BAB,1,the hospital,map,18394,8403,clean,17.390553,11.182594,6.207958,0.70649779,0.00142242,True,1,Noah,Noah | the | his | them | him,17.3906 | 14.7807 | 14.4394 | 14.3617 | 14.2726
"While Victor and Kate were at the beach, Victor delivered the pen to","While Amy and Kate were at the beach, Amy delivered the pen to",Kate,Victor,Amy,BAB,5,the beach,pen,16693,12622,clean,16.118717,12.915473,3.203244,0.44635579,0.01813551,True,1,Kate,Kate | the | his | her | a,16.1187 | 14.3265 | 14.1302 | 14.0384 | 13.2671
"While Derek and Zach were at the park, Zach delivered the bag to","While Derek and Amy were at the park, Amy delivered the bag to",Derek,Zach,Amy,ABB,5,the park,bag,20893,18825,clean,15.554688,13.429865,2.124824,0.28190261,0.03367441,True,1,Derek,Derek | the | his | Zach | a,15.5547 | 14.4685 | 14.2629 | 13.4299 | 13.0830
"After Gina and Henry left the park, Henry sent the key to","After Gina and Wendy left the park, Wendy sent the key to",Gina,Henry,Wendy,ABB,3,the park,key,43002,8616,clean,15.255579,12.16244,3.093139,0.28287774,0.01283115,True,1,Gina,Gina | the | his | her | a,15.2556 | 14.4794 | 13.4885 | 13.4676 | 12.7660
"Once Fred and Emma were at the gym, Fred brought the book to","Once Derek and Emma were at the gym, Derek brought the book to",Emma,Fred,Derek,BAB,4,the gym,book,18966,8559,clean,16.260918,11.760283,4.500635,0.24658397,0.00273756,True,1,Emma,Emma | the | him | her | his,16.2609 | 15.4774 | 15.3497 | 15.1373 | 15.1201
"As Gina and Uma walked through the station, Gina offered the ticket to","As Fred and Uma walked through the station, Fred offered the ticket to",Uma,Gina,Fred,BAB,6,the station,ticket,471,43002,clean,15.350389,12.697544,2.652845,0.25066236,0.01765928,True,1,U,U | the | her | a | them,15.3504 | 14.7676 | 14.1925 | 13.0688 | 12.9050
"After Clara and Uma left the park, Uma sent the ticket to","After Clara and Jack left the park, Jack sent the ticket to",Clara,Uma,Jack,ABB,3,the park,ticket,27443,471,clean,14.586472,13.22777,1.358702,0.18267457,0.04694631,True,1,Clara,Clara | the | her | U | a,14.5865 | 14.2276 | 14.1026 | 13.2278 | 12.4113
"When Sam and Olivia visited the restaurant, Olivia handed the book to","When Sam and Xander visited the restaurant, Xander handed the book to",Sam,Olivia,Xander,ABB,1,the restaurant,book,3409,33911,clean,16.490147,12.10858,4.381567,0.36527997,0.0045681,True,1,Sam,Sam | her | the | them | a,16.4901 | 15.1816 | 15.0337 | 14.6494 | 14.3925
"After Clara and Frank left the station, Frank sent the bag to","After Clara and Carol left the station, Carol sent the bag to",Clara,Frank,Carol,ABB,3,the station,bag,27443,5278,clean,15.046078,13.370791,1.675286,0.21803035,0.04082718,True,1,Clara,Clara | the | her | Frank | his,15.0461 | 14.3068 | 13.8118 | 13.3708 | 13.1218
"When Sam and Yara visited the cafe, Yara handed the trophy to","When Sam and Amy visited the cafe, Amy handed the trophy to",Sam,Yara,Amy,ABB,1,the cafe,trophy,3409,575,clean,15.81426,14.400557,1.413704,0.37198174,0.09048109,True,1,Sam,Sam | the | Y | her | his,15.8143 | 14.5819 | 14.4006 | 13.7128 | 13.6034
"When Brian and Liam went to the hospital, Liam gave the letter to","When Brian and Grace went to the hospital, Grace gave the letter to",Brian,Liam,Grace,ABB,0,the hospital,letter,8403,31684,clean,15.571026,11.968384,3.602642,0.32038951,0.00873114,True,1,Brian,Brian | the | his | them | him,15.5710 | 14.3506 | 14.2815 | 13.0439 | 12.8080
"When Fred and Noah visited the station, Noah handed the trophy to","When Fred and Isla visited the station, Isla handed the trophy to",Fred,Noah,Isla,ABB,1,the station,trophy,8559,18394,clean,16.861084,14.994498,1.866586,0.5284307,0.08172222,True,1,Fred,Fred | Noah | the | his | a,16.8611 | 14.9945 | 14.9562 | 14.3528 | 13.5754
"As Henry and Derek walked through the market, Derek offered the phone to","As Henry and Iris walked through the market, Iris offered the phone to",Henry,Derek,Iris,ABB,6,the market,phone,8616,20893,clean,15.796672,14.486073,1.310599,0.33943406,0.09153124,True,1,Henry,Henry | Derek | the | his | them,15.7967 | 14.4861 | 14.1831 | 13.8026 | 13.5268
"Once Tara and Zach were at the hospital, Zach brought the ticket to","Once Tara and Rose were at the hospital, Rose brought the ticket to",Tara,Zach,Rose,ABB,4,the hospital,ticket,37723,18825,clean,14.648991,12.810381,1.83861,0.10089342,0.01604593,True,3,the,the | her | Tara | them | him,15.1561 | 14.7491 | 14.6490 | 14.0222 | 13.3126
"While Gina and Zach were at the station, Gina delivered the card to","While Sam and Zach were at the station, Sam delivered the card to",Zach,Gina,Sam,BAB,5,the station,card,18825,43002,clean,15.706551,11.809122,3.897429,0.36190844,0.00734458,True,1,Zach,Zach | the | her | a | their,15.7066 | 14.4609 | 14.2862 | 13.2344 | 12.5474
"When Clara and Sam visited the hospital, Clara handed the map to","When Iris and Sam visited the hospital, Iris handed the map to",Sam,Clara,Iris,BAB,1,the hospital,map,3409,27443,clean,16.72506,13.418765,3.306294,0.44724202,0.0163922,True,1,Sam,Sam | her | the | them | Dean,16.7251 | 15.3414 | 15.1342 | 14.5687 | 13.5802
"After Brian and Henry left the park, Brian sent the package to","After Iris and Henry left the park, Iris sent the package to",Henry,Brian,Iris,BAB,3,the park,package,8616,8403,clean,14.582584,12.030539,2.552046,0.15365864,0.0119734,True,1,Henry,Henry | his | the | their | a,14.5826 | 14.5086 | 14.2858 | 12.9310 | 12.8820
"When Paul and Kate visited the hospital, Paul handed the letter to","When Harry and Kate visited the hospital, Harry handed the letter to",Kate,Paul,Harry,BAB,1,the hospital,letter,16693,3362,clean,17.068378,12.55827,4.510108,0.59388238,0.00653109,True,1,Kate,Kate | the | his | her | a,17.0684 | 14.9796 | 14.6648 | 14.4994 | 13.7879
"While Brian and Olivia were at the park, Brian delivered the book to","While Frank and Olivia were at the park, Frank delivered the book to",Olivia,Brian,Frank,BAB,5,the park,book,33911,8403,clean,16.040268,11.682909,4.357359,0.37129024,0.00475704,True,1,Olivia,Olivia | the | his | her | a,16.0403 | 14.4480 | 14.4075 | 13.8692 | 13.7714
"While Yara and Sam were at the cafe, Sam delivered the phone to","While Yara and Quinn were at the cafe, Quinn delivered the phone to",Yara,Sam,Quinn,ABB,5,the cafe,phone,575,3409,clean,14.531329,12.770942,1.760387,0.16591324,0.02853346,True,1,Y,Y | the | his | her | a,14.5313 | 14.0263 | 13.5942 | 13.4601 | 13.0701
"When Fred and Xander visited the cafe, Fred handed the ticket to","When Clara and Xander visited the cafe, Clara handed the ticket to",Xander,Fred,Clara,BAB,1,the cafe,ticket,46122,8559,clean,16.070505,11.45014,4.620365,0.36949113,0.00363919,True,1,Xander,Xander | the | them | his | a,16.0705 | 15.3313 | 14.2062 | 14.0835 | 13.7174
"While Clara and Henry were at the beach, Clara delivered the card to","While Derek and Henry were at the beach, Derek delivered the card to",Henry,Clara,Derek,BAB,5,the beach,card,8616,27443,clean,16.59849,12.906616,3.691874,0.5118773,0.01275868,True,1,Henry,Henry | her | the | a | Clara,16.5985 | 14.7074 | 14.5565 | 12.9737 | 12.9066
"While Harry and Quinn were at the station, Quinn delivered the gift to","While Harry and Alice were at the station, Alice delivered the gift to",Harry,Quinn,Alice,ABB,5,the station,gift,5850,16109,clean,15.517044,11.384644,4.132401,0.27283692,0.00437748,True,1,Harry,Harry | the | her | Hermione | his,15.5170 | 14.5047 | 13.6367 | 13.4251 | 12.8502
"When Derek and Ella went to the school, Derek gave the bag to","When Carol and Ella went to the school, Carol gave the bag to",Ella,Derek,Carol,BAB,0,the school,bag,7122,20893,clean,16.680973,12.674035,4.006938,0.54615521,0.00993402,True,1,Ell,Ell | the | his | them | their,16.6810 | 14.7099 | 14.4377 | 13.9728 | 13.7471
"While Victor and Clara were at the beach, Victor delivered the letter to","While Tara and Clara were at the beach, Tara delivered the letter to",Clara,Victor,Tara,BAB,5,the beach,letter,27443,12622,clean,17.479368,13.237434,4.241934,0.76679116,0.01102627,True,1,Clara,Clara | the | his | her | Victor,17.4794 | 14.5482 | 14.0508 | 13.5608 | 13.2374
"When Paul and Uma visited the restaurant, Uma handed the book to","When Paul and Bob visited the restaurant, Bob handed the book to",Paul,Uma,Bob,ABB,1,the restaurant,book,3362,471,clean,16.097851,14.589494,1.508357,0.42249003,0.09348573,True,1,Paul,Paul | U | the | her | them,16.0979 | 14.5895 | 14.5375 | 13.8556 | 13.7740
"As Harry and Brian walked through the restaurant, Brian offered the package to","As Harry and Henry walked through the restaurant, Henry offered the package to",Harry,Brian,Henry,ABB,6,the restaurant,package,5850,8403,clean,17.389479,14.110892,3.278586,0.61527568,0.0231845,True,1,Harry,Harry | the | them | his | Brian,17.3895 | 15.0547 | 14.5709 | 14.2554 | 14.1109
"When Frank and Yara arrived at the cafe, Yara passed the bag to","When Frank and Grace arrived at the cafe, Grace passed the bag to",Frank,Yara,Grace,ABB,2,the cafe,bag,5278,575,clean,16.698521,13.941324,2.757196,0.6147083,0.0390152,True,1,Frank,Frank | the | Y | her | his,16.6985 | 14.3492 | 13.9413 | 13.6979 | 13.5134
"As Derek and Emma walked through the mall, Emma offered the ticket to","As Derek and Henry walked through the mall, Henry offered the ticket to",Derek,Emma,Henry,ABB,6,the mall,ticket,20893,18966,clean,13.678776,13.22088,0.457896,0.03234529,0.02046206,True,5,the,the | her | a | them | Derek,15.4044 | 14.1668 | 14.1490 | 13.7138 | 13.6788
"When Olivia and Henry arrived at the park, Henry passed the jacket to","When Olivia and Mia arrived at the park, Mia passed the jacket to",Olivia,Henry,Mia,ABB,2,the park,jacket,33911,8616,clean,16.435303,12.167924,4.267379,0.48710984,0.00682854,True,1,Olivia,Olivia | her | the | a | his,16.4353 | 14.4156 | 14.3796 | 13.8939 | 13.8573
"When Zach and Yara arrived at the gym, Zach passed the map to","When Henry and Yara arrived at the gym, Henry passed the map to",Yara,Zach,Henry,BAB,2,the gym,map,575,18825,clean,16.346542,11.13635,5.210193,0.45593077,0.00248967,True,1,Y,Y | his | the | them | a,16.3465 | 14.7181 | 14.6080 | 13.7886 | 13.6453
"After Uma and Noah left the mall, Noah sent the trophy to","After Uma and Fred left the mall, Fred sent the trophy to",Uma,Noah,Fred,ABB,3,the mall,trophy,471,18394,clean,13.667554,14.580396,-0.912842,0.06737278,0.16785203,False,4,Noah,Noah | his | the | U | her,14.5804 | 14.2749 | 13.7987 | 13.6676 | 12.8151
"As Victor and Alice walked through the station, Victor offered the jacket to","As Yara and Alice walked through the station, Yara offered the jacket to",Alice,Victor,Yara,BAB,6,the station,jacket,14862,12622,clean,18.006153,11.416354,6.589799,0.86268455,0.0011856,True,1,Alice,Alice | the | her | his | them,18.0062 | 14.4976 | 13.8381 | 13.1713 | 12.5843
"When Iris and Yara visited the library, Yara handed the map to","When Iris and Jack visited the library, Jack handed the map to",Iris,Yara,Jack,ABB,1,the library,map,34230,575,clean,17.652763,14.174696,3.478067,0.81274378,0.02508697,True,1,Iris,Iris | the | her | Y | them,17.6528 | 14.2830 | 14.2750 | 14.1747 | 13.2210
"Once Victor and Bob were at the office, Bob brought the book to","Once Victor and Olivia were at the office, Olivia brought the book to",Victor,Bob,Olivia,ABB,4,the office,book,12622,5811,clean,16.251314,13.530019,2.721295,0.32827374,0.02159696,True,1,Victor,Victor | the | him | his | them,16.2513 | 15.0535 | 14.8320 | 14.4355 | 14.2729
"When Liam and Fred arrived at the museum, Liam passed the package to","When Gina and Fred arrived at the museum, Gina passed the package to",Fred,Liam,Gina,BAB,2,the museum,package,8559,31684,clean,16.473774,9.655457,6.818317,0.46116826,0.00050431,True,1,Fred,Fred | his | the | them | a,16.4738 | 14.9772 | 14.7749 | 14.2616 | 13.8099
"When Henry and Bob visited the office, Bob handed the letter to","When Henry and Rose visited the office, Rose handed the letter to",Henry,Bob,Rose,ABB,1,the office,letter,8616,5811,clean,16.556877,12.53365,4.023227,0.59195,0.01059302,True,1,Henry,Henry | the | them | his | a,16.5569 | 14.4674 | 13.4114 | 13.2230 | 12.9562
"As Harry and Fred walked through the hospital, Fred offered the ticket to","As Harry and Iris walked through the hospital, Iris offered the ticket to",Harry,Fred,Iris,ABB,6,the hospital,ticket,5850,8559,clean,16.562126,13.976134,2.585992,0.39778531,0.02996172,True,1,Harry,Harry | the | Fred | them | Hermione,16.5621 | 15.2644 | 13.9761 | 13.9287 | 13.4707
"When Olivia and Jack arrived at the hospital, Jack passed the trophy to","When Olivia and Bob arrived at the hospital, Bob passed the trophy to",Olivia,Jack,Bob,ABB,2,the hospital,trophy,33911,3619,clean,16.500597,12.41962,4.080977,0.402944,0.00680611,True,1,Olivia,Olivia | her | his | the | a,16.5006 | 15.1214 | 15.0300 | 14.4766 | 13.6459
"After Kate and Iris left the library, Iris sent the trophy to","After Kate and Isla left the library, Isla sent the trophy to",Kate,Iris,Isla,ABB,3,the library,trophy,16693,34230,clean,13.938745,14.18675,-0.248005,0.08192969,0.10499013,False,3,her,her | Iris | Kate | the | them,14.7276 | 14.1868 | 13.9387 | 13.5604 | 12.2957
"After Wendy and David left the beach, David sent the trophy to","After Wendy and Sam left the beach, Sam sent the trophy to",Wendy,David,Sam,ABB,3,the beach,trophy,28314,3271,clean,16.809492,12.395162,4.41433,0.49456319,0.00598553,True,1,Wendy,Wendy | her | his | the | a,16.8095 | 15.0014 | 14.7527 | 14.2195 | 13.3044
"When Olivia and Gina went to the museum, Gina gave the map to","When Olivia and Wendy went to the museum, Wendy gave the map to",Olivia,Gina,Wendy,ABB,0,the museum,map,33911,43002,clean,14.992929,11.248206,3.744723,0.16560185,0.00391519,True,1,Olivia,Olivia | her | the | them | a,14.9929 | 14.8094 | 14.7673 | 14.2484 | 13.0175
"Once Wendy and Victor were at the restaurant, Wendy brought the trophy to","Once Clara and Victor were at the restaurant, Clara brought the trophy to",Victor,Wendy,Clara,BAB,4,the restaurant,trophy,12622,28314,clean,16.548372,14.867513,1.68086,0.29675311,0.05525954,True,1,Victor,Victor | her | the | Wendy | them,16.5484 | 16.0840 | 15.6364 | 14.8675 | 14.3299
"As Noah and Carol walked through the gym, Noah offered the note to","As Harry and Carol walked through the gym, Harry offered the note to",Carol,Noah,Harry,BAB,6,the gym,note,5074,18394,clean,17.772676,10.135745,7.636931,0.80769187,0.00038955,True,1,Carol,Carol | the | his | her | their,17.7727 | 14.6401 | 14.5162 | 13.1955 | 12.8742
"When Harry and Carol visited the theater, Harry handed the ticket to","When Brian and Carol visited the theater, Brian handed the ticket to",Carol,Harry,Brian,BAB,1,the theater,ticket,5074,5850,clean,16.631733,11.712421,4.919312,0.51999724,0.00379814,True,1,Carol,Carol | the | a | his | them,16.6317 | 15.1495 | 14.0747 | 13.7409 | 13.1874
"After Henry and Mia left the gym, Mia sent the note to","After Henry and Bob left the gym, Bob sent the note to",Henry,Mia,Bob,ABB,3,the gym,note,8616,32189,clean,15.424773,12.821765,2.603008,0.30385476,0.02250059,True,1,Henry,Henry | her | the | his | Mia,15.4248 | 14.3809 | 13.7771 | 13.0898 | 12.8218
"When Fred and Amy went to the station, Amy gave the bag to","When Fred and Rose went to the station, Rose gave the bag to",Fred,Amy,Rose,ABB,0,the station,bag,8559,14235,clean,17.576715,13.507481,4.069235,0.68676353,0.0117371,True,1,Fred,Fred | the | them | her | Amy,17.5767 | 14.9411 | 14.2553 | 14.1563 | 13.5075
"After Zach and Isla left the cafe, Zach sent the package to","After Noah and Isla left the cafe, Noah sent the package to",Isla,Zach,Noah,BAB,3,the cafe,package,1148,18825,clean,15.783649,13.783381,2.000269,0.37843266,0.05120152,True,1,Is,Is | his | the | Zach | their,15.7836 | 14.5283 | 14.0992 | 13.7834 | 12.5359
"As Brian and Wendy walked through the library, Brian offered the package to","As Uma and Wendy walked through the library, Uma offered the package to",Wendy,Brian,Uma,BAB,6,the library,package,28314,8403,clean,18.706131,11.165308,7.540823,0.85978723,0.00045651,True,1,Wendy,Wendy | her | the | his | them,18.7061 | 15.2565 | 14.9790 | 14.7132 | 14.0979
"As Henry and Rose walked through the museum, Rose offered the map to","As Henry and Olivia walked through the museum, Olivia offered the map to",Henry,Rose,Olivia,ABB,6,the museum,map,8616,8049,clean,16.949638,13.316607,3.633031,0.65278977,0.01725711,True,1,Henry,Henry | the | them | her | Rose,16.9496 | 14.5092 | 13.8294 | 13.5281 | 13.3166
"Once Wendy and Paul were at the store, Wendy brought the phone to","Once Zach and Paul were at the store, Zach brought the phone to",Paul,Wendy,Zach,BAB,4,the store,phone,3362,28314,clean,14.374387,13.92581,0.448577,0.04578141,0.02923309,True,3,her,her | the | Paul | me | Wendy,16.2593 | 15.9088 | 14.3744 | 14.1406 | 13.9258
"When David and Emma arrived at the hospital, Emma passed the wallet to","When David and Zach arrived at the hospital, Zach passed the wallet to",David,Emma,Zach,ABB,2,the hospital,wallet,3271,18966,clean,16.495708,12.685117,3.810592,0.37646589,0.0083331,True,1,David,David | her | the | a | him,16.4957 | 15.7979 | 14.9682 | 14.2198 | 13.6891
"When Bob and Zach visited the station, Bob handed the letter to","When Olivia and Zach visited the station, Olivia handed the letter to",Zach,Bob,Olivia,BAB,1,the station,letter,18825,5811,clean,16.578144,12.283907,4.294237,0.55175877,0.00752984,True,1,Zach,Zach | the | his | a | them,16.5781 | 14.7322 | 13.8368 | 13.4822 | 13.4696
"While Grace and Quinn were at the beach, Grace delivered the ticket to","While Mia and Quinn were at the beach, Mia delivered the ticket to",Quinn,Grace,Mia,BAB,5,the beach,ticket,16109,16156,clean,14.364302,11.356598,3.007704,0.16416934,0.00811078,True,2,the,the | Quinn | her | a | their,14.5659 | 14.3643 | 13.8701 | 13.0527 | 11.7502
"When Uma and Paul visited the school, Paul handed the card to","When Uma and Tara visited the school, Tara handed the card to",Uma,Paul,Tara,ABB,1,the school,card,471,3362,clean,16.406796,12.897528,3.509268,0.39678416,0.01187131,True,1,U,U | the | her | a | his,16.4068 | 15.0940 | 14.3396 | 14.1788 | 14.1475
"After Bob and Olivia left the store, Bob sent the bag to","After Harry and Olivia left the store, Harry sent the bag to",Olivia,Bob,Harry,BAB,3,the store,bag,33911,5811,clean,14.824757,13.442532,1.382225,0.16700809,0.04192227,True,1,Olivia,Olivia | the | his | a | Bob,14.8248 | 14.3914 | 14.3470 | 13.4569 | 13.4425
"Once Derek and Olivia were at the theater, Derek brought the pen to","Once Victor and Olivia were at the theater, Victor brought the pen to",Olivia,Derek,Victor,BAB,4,the theater,pen,33911,20893,clean,15.150993,12.740938,2.410055,0.12098342,0.01086556,True,3,his,his | the | Olivia | her | him,15.9193 | 15.4734 | 15.1510 | 14.5175 | 13.9135
"While Harry and Clara were at the office, Clara delivered the jacket to","While Harry and Henry were at the office, Henry delivered the jacket to",Harry,Clara,Henry,ABB,5,the office,jacket,5850,27443,clean,15.852662,11.031278,4.821384,0.3270539,0.00263462,True,1,Harry,Harry | the | her | a | Ron,15.8527 | 14.6565 | 14.1527 | 13.0450 | 12.9602
"After Xander and Victor left the beach, Victor sent the key to","After Xander and Henry left the beach, Henry sent the key to",Xander,Victor,Henry,ABB,3,the beach,key,46122,12622,clean,14.344171,14.394858,-0.050688,0.12692858,0.13352816,False,3,the,the | Victor | Xander | his | a,14.5612 | 14.3949 | 14.3442 | 13.9069 | 12.4535
"As Kate and Bob walked through the beach, Bob offered the phone to","As Kate and Jack walked through the beach, Jack offered the phone to",Kate,Bob,Jack,ABB,6,the beach,phone,16693,5811,clean,17.094957,14.384043,2.710915,0.46024784,0.03059543,True,1,Kate,Kate | her | them | the | Bob,17.0950 | 14.9273 | 14.7782 | 14.6397 | 14.3840
"When Bob and Amy went to the library, Bob gave the pen to","When Paul and Amy went to the library, Paul gave the pen to",Amy,Bob,Paul,BAB,0,the library,pen,14235,5811,clean,18.195293,12.061384,6.133909,0.80727881,0.00175025,True,1,Amy,Amy | the | his | a | her,18.1953 | 14.9509 | 14.5719 | 14.3154 | 13.9857
"When Isla and Ella went to the theater, Ella gave the phone to","When Isla and Quinn went to the theater, Quinn gave the phone to",Isla,Ella,Quinn,ABB,0,the theater,phone,1148,7122,clean,10.512859,12.466665,-1.953806,0.00321467,0.02268108,False,22,the,the | her | a | Ell | their,14.4077 | 14.0162 | 13.3339 | 12.4667 | 11.8986
"When Noah and Victor arrived at the cafe, Victor passed the jacket to","When Noah and Jack arrived at the cafe, Jack passed the jacket to",Noah,Victor,Jack,ABB,2,the cafe,jacket,18394,12622,clean,17.135494,12.365375,4.77012,0.74977696,0.00635763,True,1,Noah,Noah | the | his | a | Victor,17.1355 | 13.9747 | 13.3910 | 13.3043 | 12.3654
"When Paul and Noah visited the hospital, Noah handed the bag to","When Paul and Zach visited the hospital, Zach handed the bag to",Paul,Noah,Zach,ABB,1,the hospital,bag,3362,18394,clean,17.382637,14.51087,2.871767,0.63977325,0.03621041,True,1,Paul,Paul | the | them | Noah | him,17.3826 | 14.9928 | 14.8320 | 14.5109 | 14.1791
"Once Derek and Xander were at the park, Derek brought the card to","Once Frank and Xander were at the park, Frank brought the card to",Xander,Derek,Frank,BAB,4,the park,card,46122,20893,clean,15.581825,12.233366,3.348459,0.20130567,0.00707357,True,1,Xander,Xander | the | his | them | him,15.5818 | 15.1901 | 15.1666 | 14.2769 | 14.2494
"As Clara and Frank walked through the theater, Clara offered the package to","As Henry and Frank walked through the theater, Henry offered the package to",Frank,Clara,Henry,BAB,6,the theater,package,5278,27443,clean,16.598946,12.264938,4.334007,0.46687612,0.00612303,True,1,Frank,Frank | her | the | them | a,16.5989 | 15.4259 | 14.8719 | 13.3365 | 13.2009
"As Bob and Rose walked through the theater, Rose offered the letter to","As Bob and Carol walked through the theater, Carol offered the letter to",Bob,Rose,Carol,ABB,6,the theater,letter,5811,8049,clean,14.844899,12.436898,2.408001,0.24385774,0.02194598,True,1,Bob,Bob | the | his | her | Rose,14.8449 | 14.2354 | 12.9725 | 12.7420 | 12.4369
"After Noah and Frank left the park, Noah sent the gift to","After Kate and Frank left the park, Kate sent the gift to",Frank,Noah,Kate,BAB,3,the park,gift,5278,18394,clean,15.600309,14.023212,1.577097,0.27472958,0.05675197,True,1,Frank,Frank | his | the | Noah | a,15.6003 | 15.1066 | 14.8117 | 14.0232 | 13.4773
"When Derek and Iris went to the restaurant, Iris gave the note to","When Derek and Frank went to the restaurant, Frank gave the note to",Derek,Iris,Frank,ABB,0,the restaurant,note,20893,34230,clean,15.265834,11.075321,4.190513,0.32314903,0.004892,True,1,Derek,Derek | the | them | her | him,15.2658 | 14.3362 | 13.7100 | 13.5914 | 12.8537
"After Clara and Olivia left the market, Clara sent the wallet to","After Xander and Olivia left the market, Xander sent the wallet to",Olivia,Clara,Xander,BAB,3,the market,wallet,33911,27443,clean,14.111296,11.208731,2.902565,0.13181381,0.00723424,True,2,her,her | Olivia | the | a | his,14.2751 | 14.1113 | 13.8423 | 12.6235 | 11.4540
"After Grace and Liam left the gym, Liam sent the trophy to","After Grace and Iris left the gym, Iris sent the trophy to",Grace,Liam,Iris,ABB,3,the gym,trophy,16156,31684,clean,13.614767,13.600133,0.014634,0.06345201,0.0625302,True,3,his,his | the | Grace | Liam | her,14.2098 | 13.6271 | 13.6148 | 13.6001 | 13.5217
"As Tara and Iris walked through the mall, Tara offered the trophy to","As Kate and Iris walked through the mall, Kate offered the trophy to",Iris,Tara,Kate,BAB,6,the mall,trophy,34230,37723,clean,16.211163,11.864478,4.346684,0.44154352,0.00571785,True,1,Iris,Iris | her | the | a | them,16.2112 | 15.4346 | 14.6561 | 12.9477 | 12.5286
"When Yara and Jack went to the library, Jack gave the card to","When Yara and Fred went to the library, Fred gave the card to",Yara,Jack,Fred,ABB,0,the library,card,575,3619,clean,16.258902,12.816589,3.442312,0.41872367,0.01339523,True,1,Y,Y | the | her | his | them,16.2589 | 14.4282 | 14.0886 | 13.7923 | 13.5805
"When Sam and Mia visited the school, Sam handed the gift to","When Clara and Mia visited the school, Clara handed the gift to",Mia,Sam,Clara,BAB,1,the school,gift,32189,3409,clean,16.404856,11.023708,5.381147,0.48942485,0.0022526,True,1,Mia,Mia | his | the | her | a,16.4049 | 14.9177 | 14.8120 | 14.1749 | 13.6865
"After Rose and Iris left the mall, Iris sent the jacket to","After Rose and Sam left the mall, Sam sent the jacket to",Rose,Iris,Sam,ABB,3,the mall,jacket,8049,34230,clean,13.893508,13.994281,-0.100773,0.10763316,0.119045,False,3,Iris,Iris | her | Rose | the | a,13.9943 | 13.9173 | 13.8935 | 13.7786 | 12.0450
"When Yara and Ella arrived at the restaurant, Ella passed the wallet to","When Yara and Alice arrived at the restaurant, Alice passed the wallet to",Yara,Ella,Alice,ABB,2,the restaurant,wallet,575,7122,clean,16.089369,12.034756,4.054613,0.46312821,0.00803166,True,1,Y,Y | the | her | a | his,16.0894 | 14.2761 | 14.0229 | 13.2768 | 12.1828
"When Carol and Clara visited the station, Clara handed the book to","When Carol and David visited the station, David handed the book to",Carol,Clara,David,ABB,1,the station,book,5074,27443,clean,15.53697,14.279653,1.257318,0.20868076,0.05935213,True,1,Carol,Carol | her | the | Clara | them,15.5370 | 14.9179 | 14.6947 | 14.2797 | 13.5463
"Once Amy and Isla were at the store, Amy brought the map to","Once Olivia and Isla were at the store, Olivia brought the map to",Isla,Amy,Olivia,BAB,4,the store,map,1148,14235,clean,12.135637,15.295395,-3.159758,0.00545206,0.12847723,False,11,her,her | Amy | the | them | me,15.9596 | 15.2954 | 15.2794 | 14.6684 | 14.3931
"When Bob and Iris arrived at the restaurant, Bob passed the trophy to","When Fred and Iris arrived at the restaurant, Fred passed the trophy to",Iris,Bob,Fred,BAB,2,the restaurant,trophy,34230,5811,clean,17.017481,10.354181,6.6633,0.66363031,0.00084741,True,1,Iris,Iris | his | the | her | a,17.0175 | 14.5659 | 14.5448 | 13.9973 | 13.4403
"Once Amy and Alice were at the station, Alice brought the key to","Once Amy and Bob were at the station, Bob brought the key to",Amy,Alice,Bob,ABB,4,the station,key,14235,14862,clean,13.537699,12.281887,1.255812,0.03139671,0.00894318,True,3,the,the | her | Amy | a | their,16.2352 | 15.2751 | 13.5377 | 13.3162 | 13.3049
"When Harry and Alice went to the museum, Harry gave the letter to","When Amy and Alice went to the museum, Amy gave the letter to",Alice,Harry,Amy,BAB,0,the museum,letter,14862,5850,clean,17.07991,12.945679,4.134232,0.54056394,0.00865711,True,1,Alice,Alice | the | his | Hermione | them,17.0799 | 15.1129 | 14.6124 | 14.1231 | 13.9005
"When Gina and Derek arrived at the market, Derek passed the book to","When Gina and Fred arrived at the market, Fred passed the book to",Gina,Derek,Fred,ABB,2,the market,book,43002,20893,clean,16.630541,12.721018,3.909523,0.43757313,0.00877337,True,1,Gina,Gina | the | his | a | her,16.6305 | 14.8286 | 14.4716 | 14.3305 | 14.2033
"After Paul and David left the park, Paul sent the ticket to","After Frank and David left the park, Frank sent the ticket to",David,Paul,Frank,BAB,3,the park,ticket,3271,3362,clean,13.67355,13.314907,0.358643,0.05629403,0.03932836,True,3,the,the | his | David | a | Paul,14.6923 | 14.3211 | 13.6735 | 13.3922 | 13.3149
"As Kate and Iris walked through the school, Kate offered the ticket to","As Brian and Iris walked through the school, Brian offered the ticket to",Iris,Kate,Brian,BAB,6,the school,ticket,34230,16693,clean,15.078859,11.421407,3.657453,0.22158071,0.00571637,True,1,Iris,Iris | the | her | a | them,15.0789 | 14.8224 | 14.4773 | 12.9994 | 12.7538
"When Yara and Ella arrived at the library, Yara passed the phone to","When Tara and Ella arrived at the library, Tara passed the phone to",Ella,Yara,Tara,BAB,2,the library,phone,7122,575,clean,15.593556,12.71679,2.876766,0.39831057,0.02243149,True,1,Ell,Ell | her | the | a | Y,15.5936 | 14.5324 | 13.9609 | 13.3656 | 12.7168
"After Olivia and Fred left the market, Fred sent the book to","After Olivia and Rose left the market, Rose sent the book to",Olivia,Fred,Rose,ABB,3,the market,book,33911,8559,clean,14.081399,13.469913,0.611485,0.08985099,0.04874814,True,1,Olivia,Olivia | the | her | his | Fred,14.0814 | 13.8035 | 13.7823 | 13.7077 | 13.4699
"As Derek and Zach walked through the museum, Derek offered the jacket to","As Rose and Zach walked through the museum, Rose offered the jacket to",Zach,Derek,Rose,BAB,6,the museum,jacket,18825,20893,clean,17.260662,11.221322,6.03934,0.65240502,0.00155477,True,1,Zach,Zach | the | his | a | Zack,17.2607 | 14.8355 | 14.1488 | 13.8846 | 13.4301
"Once Uma and Xander were at the cafe, Uma brought the key to","Once Fred and Xander were at the cafe, Fred brought the key to",Xander,Uma,Fred,BAB,4,the cafe,key,46122,471,clean,13.34777,12.191319,1.15645,0.02935702,0.00923575,True,5,the,the | her | his | their | Xander,16.0849 | 14.7491 | 14.0472 | 13.5531 | 13.3478
"After Quinn and Brian left the beach, Quinn sent the bag to","After Isla and Brian left the beach, Isla sent the bag to",Brian,Quinn,Isla,BAB,3,the beach,bag,8403,16109,clean,14.837593,14.011351,0.826242,0.20773493,0.09092367,True,1,Brian,Brian | the | Quinn | her | his,14.8376 | 14.0485 | 14.0114 | 13.7706 | 13.3719
"Once Clara and Ella were at the museum, Clara brought the wallet to","Once Liam and Ella were at the museum, Liam brought the wallet to",Ella,Clara,Liam,BAB,4,the museum,wallet,7122,27443,clean,14.966152,13.930606,1.035546,0.13945879,0.04951239,True,3,her,her | the | Ell | Clara | them,15.3440 | 15.1281 | 14.9662 | 13.9306 | 13.2100
"When Carol and Isla arrived at the museum, Carol passed the map to","When Gina and Isla arrived at the museum, Gina passed the map to",Isla,Carol,Gina,BAB,2,the museum,map,1148,5074,clean,16.640577,10.980939,5.659638,0.57851064,0.0020154,True,1,Is,Is | her | the | a | them,16.6406 | 14.9912 | 14.4811 | 13.2625 | 12.7867
"While Carol and Uma were at the mall, Uma delivered the wallet to","While Carol and Ella were at the mall, Ella delivered the wallet to",Carol,Uma,Ella,ABB,5,the mall,wallet,5074,471,clean,16.154762,13.63063,2.524133,0.48287383,0.03869161,True,1,Carol,Carol | her | the | U | a,16.1548 | 14.4888 | 13.9902 | 13.6306 | 13.0428
"As Olivia and Uma walked through the theater, Olivia offered the key to","As Bob and Uma walked through the theater, Bob offered the key to",Uma,Olivia,Bob,BAB,6,the theater,key,471,33911,clean,12.065134,11.182335,0.882799,0.01069892,0.00442533,True,9,the,the | her | unlocking | their | a,14.8839 | 14.5555 | 14.1553 | 13.8177 | 13.4663
"When Ella and Liam went to the beach, Ella gave the gift to","When Emma and Liam went to the beach, Emma gave the gift to",Liam,Ella,Emma,BAB,0,the beach,gift,31684,7122,clean,17.141638,10.912384,6.229254,0.66833234,0.00131723,True,1,Liam,Liam | the | her | a | his,17.1416 | 14.8081 | 14.7697 | 13.4915 | 12.9904
"When Fred and Clara arrived at the office, Clara passed the wallet to","When Fred and Amy arrived at the office, Amy passed the wallet to",Fred,Clara,Amy,ABB,2,the office,wallet,8559,27443,clean,17.456724,11.921517,5.535207,0.72073704,0.00284359,True,1,Fred,Fred | her | the | a | him,17.4567 | 14.5711 | 14.5117 | 13.3107 | 13.0224
"When Paul and Tara went to the museum, Paul gave the pen to","When Grace and Tara went to the museum, Grace gave the pen to",Tara,Paul,Grace,BAB,0,the museum,pen,37723,3362,clean,15.859804,11.494075,4.365729,0.45718068,0.00580866,True,1,Tara,Tara | the | his | a | their,15.8598 | 14.4191 | 13.7159 | 13.6660 | 12.7689
"When Amy and Clara visited the cafe, Amy handed the book to","When Kate and Clara visited the cafe, Kate handed the book to",Clara,Amy,Kate,BAB,1,the cafe,book,27443,14235,clean,16.387766,13.264233,3.123533,0.30784678,0.0135457,True,1,Clara,Clara | her | the | a | them,16.3878 | 16.1507 | 15.2555 | 14.3593 | 14.1672
"As Derek and Quinn walked through the market, Quinn offered the trophy to","As Derek and Alice walked through the market, Alice offered the trophy to",Derek,Quinn,Alice,ABB,6,the market,trophy,20893,16109,clean,15.439791,13.621387,1.818403,0.31943601,0.05183957,True,1,Derek,Derek | the | Quinn | his | a,15.4398 | 14.2200 | 13.6214 | 13.5681 | 13.4024
"Once Kate and Alice were at the park, Kate brought the note to","Once Rose and Alice were at the park, Rose brought the note to",Alice,Kate,Rose,BAB,4,the park,note,14862,16693,clean,16.808475,13.185172,3.623303,0.40731847,0.0108731,True,1,Alice,Alice | her | the | them | me,16.8085 | 16.2256 | 14.6794 | 13.6216 | 13.4715
"When Sam and Carol arrived at the mall, Carol passed the ticket to","When Sam and Frank arrived at the mall, Frank passed the ticket to",Sam,Carol,Frank,ABB,2,the mall,ticket,3409,5074,clean,14.193569,11.215963,2.977606,0.11054834,0.00562852,True,2,the,the | Sam | a | her | them,14.5325 | 14.1936 | 13.9358 | 13.4879 | 12.7156
"When Noah and Isla went to the station, Noah gave the map to","When Brian and Isla went to the station, Brian gave the map to",Isla,Noah,Brian,BAB,0,the station,map,1148,18394,clean,17.022419,13.91573,3.106689,0.62856442,0.02812754,True,1,Is,Is | the | them | his | Noah,17.0224 | 14.9460 | 14.0749 | 13.9403 | 13.9157
"As Brian and Grace walked through the school, Grace offered the phone to","As Brian and Henry walked through the school, Henry offered the phone to",Brian,Grace,Henry,ABB,6,the school,phone,8403,16156,clean,16.780136,13.095749,3.684387,0.52882588,0.01328017,True,1,Brian,Brian | the | her | a | them,16.7801 | 14.5212 | 14.4783 | 13.6147 | 13.3121
"When Wendy and Fred visited the mall, Wendy handed the trophy to","When Mia and Fred visited the mall, Mia handed the trophy to",Fred,Wendy,Mia,BAB,1,the mall,trophy,8559,28314,clean,17.365482,14.294313,3.071169,0.63199967,0.02930388,True,1,Fred,Fred | the | her | Wendy | them,17.3655 | 15.1679 | 15.1603 | 14.2943 | 13.9646
"When Yara and Jack went to the museum, Jack gave the note to","When Yara and Noah went to the museum, Noah gave the note to",Yara,Jack,Noah,ABB,0,the museum,note,575,3619,clean,15.6294,12.704802,2.924599,0.29814458,0.01600626,True,1,Y,Y | the | his | her | a,15.6294 | 14.6394 | 13.9993 | 13.7185 | 13.2450
"As Ella and Clara walked through the office, Clara offered the map to","As Ella and Quinn walked through the office, Quinn offered the map to",Ella,Clara,Quinn,ABB,6,the office,map,7122,27443,clean,14.72203,13.226248,1.495782,0.17008577,0.03811169,True,1,Ell,Ell | the | her | Clara | them,14.7220 | 14.4793 | 14.1035 | 13.2262 | 12.9423
"Once Liam and Derek were at the beach, Liam brought the gift to","Once Tara and Derek were at the beach, Tara brought the gift to",Derek,Liam,Tara,BAB,4,the beach,gift,20893,31684,clean,14.568222,11.402933,3.165289,0.09915739,0.00418463,True,3,his,his | him | Derek | the | them,15.0319 | 14.7078 | 14.5682 | 14.4646 | 14.3378
"When Xander and Isla went to the museum, Isla gave the key to","When Xander and Wendy went to the museum, Wendy gave the key to",Xander,Isla,Wendy,ABB,0,the museum,key,46122,1148,clean,16.312719,13.292657,3.020062,0.45512125,0.02220908,True,1,Xander,Xander | the | her | his | Is,16.3127 | 15.4496 | 13.7928 | 13.4700 | 13.2927
"Once Wendy and Uma were at the hospital, Uma brought the gift to","Once Wendy and Brian were at the hospital, Brian brought the gift to",Wendy,Uma,Brian,ABB,4,the hospital,gift,28314,471,clean,14.872634,13.049029,1.823605,0.1267264,0.02045906,True,2,her,her | Wendy | the | them | him,15.8703 | 14.8726 | 14.5076 | 13.8907 | 13.4309
"When Jack and Sam went to the beach, Sam gave the bag to","When Jack and Brian went to the beach, Brian gave the bag to",Jack,Sam,Brian,ABB,0,the beach,bag,3619,3409,clean,18.517645,15.01225,3.505395,0.82425827,0.02475652,True,1,Jack,Jack | Sam | the | his | a,18.5176 | 15.0122 | 14.8926 | 14.2606 | 13.8731
"While Bob and Emma were at the store, Bob delivered the map to","While Gina and Emma were at the store, Gina delivered the map to",Emma,Bob,Gina,BAB,5,the store,map,18966,5811,clean,16.611164,12.3245,4.286664,0.48915032,0.00672617,True,1,Emma,Emma | the | her | his | them,16.6112 | 14.7706 | 14.1770 | 14.1251 | 13.7582
"As Quinn and Noah walked through the school, Quinn offered the gift to","As Ella and Noah walked through the school, Ella offered the gift to",Noah,Quinn,Ella,BAB,6,the school,gift,18394,16109,clean,16.943083,9.132254,7.810829,0.73500007,0.00029791,True,1,Noah,Noah | her | the | his | a,16.9431 | 14.2574 | 14.2461 | 13.2100 | 13.0836
"When Gina and Grace arrived at the park, Gina passed the wallet to","When Henry and Grace arrived at the park, Henry passed the wallet to",Grace,Gina,Henry,BAB,2,the park,wallet,16156,43002,clean,15.159174,12.66371,2.495464,0.19139698,0.01578224,True,2,her,her | Grace | the | a | them,15.3873 | 15.1592 | 14.5946 | 14.0764 | 13.1143
"While David and Grace were at the gym, Grace delivered the wallet to","While David and Zach were at the gym, Zach delivered the wallet to",David,Grace,Zach,ABB,5,the gym,wallet,3271,16156,clean,15.258572,11.266936,3.991635,0.2596927,0.00479639,True,1,David,David | the | her | a | his,15.2586 | 14.4186 | 14.3168 | 13.5450 | 12.6794
"As Sam and Isla walked through the market, Sam offered the pen to","As Kate and Isla walked through the market, Kate offered the pen to",Isla,Sam,Kate,BAB,6,the market,pen,1148,3409,clean,17.689316,13.679577,4.009739,0.82737625,0.01500706,True,1,Is,Is | the | Sam | his | a,17.6893 | 14.0888 | 13.6796 | 13.6516 | 12.9527
"Once Clara and Tara were at the store, Tara brought the bag to","Once Clara and Rose were at the store, Rose brought the bag to",Clara,Tara,Rose,ABB,4,the store,bag,27443,37723,clean,13.832198,13.849741,-0.017543,0.03148235,0.03203951,False,5,her,her | the | them | Tara | Clara,16.0998 | 15.5122 | 14.2853 | 13.8497 | 13.8322
"When Zach and Brian went to the museum, Zach gave the phone to","When Fred and Brian went to the museum, Fred gave the phone to",Brian,Zach,Fred,BAB,0,the museum,phone,8403,18825,clean,16.676998,11.376939,5.300059,0.52188599,0.00260489,True,1,Brian,Brian | his | the | a | their,16.6770 | 14.8670 | 14.8372 | 13.8151 | 13.4212
"When Mia and Quinn visited the school, Mia handed the wallet to","When Henry and Quinn visited the school, Henry handed the wallet to",Quinn,Mia,Henry,BAB,1,the school,wallet,16109,32189,clean,15.899284,13.321115,2.578169,0.34709364,0.02634888,True,1,Quinn,Quinn | her | the | a | Mia,15.8993 | 15.0040 | 14.8755 | 13.7290 | 13.3211
"When Paul and Xander visited the market, Xander handed the map to","When Paul and Sam visited the market, Sam handed the map to",Paul,Xander,Sam,ABB,1,the market,map,3362,46122,clean,16.795155,13.707154,3.088,0.56768417,0.02588245,True,1,Paul,Paul | the | them | Xander | him,16.7952 | 14.8835 | 14.8138 | 13.7072 | 13.4411
"After Olivia and Wendy left the theater, Olivia sent the trophy to","After Tara and Wendy left the theater, Tara sent the trophy to",Wendy,Olivia,Tara,BAB,3,the theater,trophy,28314,33911,clean,15.881021,13.333195,2.547827,0.32171404,0.02517462,True,1,Wendy,Wendy | her | the | Olivia | a,15.8810 | 15.4629 | 14.2018 | 13.3332 | 13.0352
"When Quinn and Rose visited the beach, Quinn handed the map to","When Iris and Rose visited the beach, Iris handed the map to",Rose,Quinn,Iris,BAB,1,the beach,map,8049,16109,clean,17.192122,13.266064,3.926058,0.66066575,0.01302916,True,1,Rose,Rose | her | the | Quinn | him,17.1921 | 15.4806 | 14.7361 | 13.2661 | 12.8238
"Once Gina and Iris were at the gym, Iris brought the letter to","Once Gina and Uma were at the gym, Uma brought the letter to",Gina,Iris,Uma,ABB,4,the gym,letter,43002,34230,clean,15.368291,13.21508,2.153211,0.22844855,0.02652534,True,1,Gina,Gina | her | the | them | Iris,15.3683 | 14.9175 | 14.2443 | 13.5829 | 13.2151
"While Noah and Wendy were at the cafe, Noah delivered the card to","While Amy and Wendy were at the cafe, Amy delivered the card to",Wendy,Noah,Amy,BAB,5,the cafe,card,28314,18394,clean,17.985516,11.470013,6.515503,0.81521237,0.00120677,True,1,Wendy,Wendy | the | his | a | her,17.9855 | 15.0111 | 14.7783 | 13.8203 | 13.6315
"While David and Derek were at the store, Derek delivered the note to","While David and Tara were at the store, Tara delivered the note to",David,Derek,Tara,ABB,5,the store,note,3271,20893,clean,13.570962,13.532793,0.038169,0.04730744,0.04553579,True,3,his,his | the | David | Derek | a,14.8253 | 14.6966 | 13.5710 | 13.5328 | 13.4554
"When Brian and Paul visited the library, Brian handed the wallet to","When Yara and Paul visited the library, Yara handed the wallet to",Paul,Brian,Yara,BAB,1,the library,wallet,3362,8403,clean,16.17539,12.176819,3.998571,0.33391866,0.00612468,True,1,Paul,Paul | the | them | his | him,16.1754 | 15.0248 | 14.9210 | 14.5361 | 14.3218
"While Alice and Carol were at the school, Alice delivered the letter to","While Iris and Carol were at the school, Iris delivered the letter to",Carol,Alice,Iris,BAB,5,the school,letter,5074,14862,clean,14.979861,12.883118,2.096744,0.16308111,0.02003547,True,1,Carol,Carol | her | the | a | Alice,14.9799 | 14.7493 | 14.6798 | 13.2366 | 12.8831
"As Iris and Tara walked through the cafe, Iris offered the wallet to","As Yara and Tara walked through the cafe, Yara offered the wallet to",Tara,Iris,Yara,BAB,6,the cafe,wallet,37723,34230,clean,14.848414,10.761209,4.087206,0.23126052,0.00388196,True,1,Tara,Tara | the | her | them | a,14.8484 | 14.7498 | 14.4046 | 13.3176 | 12.7082
"When Ella and Sam went to the cafe, Sam gave the gift to","When Ella and Isla went to the cafe, Isla gave the gift to",Ella,Sam,Isla,ABB,0,the cafe,gift,7122,3409,clean,15.968594,13.901497,2.067097,0.40608388,0.051391,True,1,Ell,Ell | the | her | Sam | a,15.9686 | 14.2534 | 14.0503 | 13.9015 | 13.6477
"When Grace and Jack arrived at the beach, Jack passed the package to","When Grace and Rose arrived at the beach, Rose passed the package to",Grace,Jack,Rose,ABB,2,the beach,package,16156,3619,clean,17.659349,12.878801,4.780548,0.68870175,0.00577917,True,1,Grace,Grace | his | her | the | them,17.6593 | 14.6509 | 14.6105 | 14.5899 | 14.0843
"When Liam and Uma visited the school, Liam handed the pen to","When Wendy and Uma visited the school, Wendy handed the pen to",Uma,Liam,Wendy,BAB,1,the school,pen,471,31684,clean,16.002831,11.433487,4.569344,0.34811708,0.00360815,True,1,U,U | his | the | her | them,16.0028 | 15.0189 | 14.8570 | 13.8950 | 13.8336
"When Xander and Victor visited the theater, Xander handed the pen to","When Sam and Victor visited the theater, Sam handed the pen to",Victor,Xander,Sam,BAB,1,the theater,pen,12622,46122,clean,17.576807,13.858246,3.718561,0.69752461,0.01692813,True,1,Victor,Victor | the | his | Xander | a,17.5768 | 14.9546 | 14.3161 | 13.8582 | 13.5828
"When Ella and Rose went to the school, Rose gave the trophy to","When Ella and Carol went to the school, Carol gave the trophy to",Ella,Rose,Carol,ABB,0,the school,trophy,7122,8049,clean,14.659424,13.100307,1.559116,0.18902852,0.03975683,True,1,Ell,Ell | her | the | Rose | a,14.6594 | 14.6205 | 14.0880 | 13.1003 | 13.0623
"While Alice and Harry were at the station, Harry delivered the jacket to","While Alice and Isla were at the station, Isla delivered the jacket to",Alice,Harry,Isla,ABB,5,the station,jacket,14862,5850,clean,15.553089,13.722292,1.830797,0.18505973,0.02966244,True,1,Alice,Alice | the | Hermione | his | her,15.5531 | 14.9256 | 14.3670 | 14.3374 | 14.1405
"When Fred and Tara visited the school, Fred handed the pen to","When Grace and Tara visited the school, Grace handed the pen to",Tara,Fred,Grace,BAB,1,the school,pen,37723,8559,clean,15.560943,10.762639,4.798304,0.30192599,0.00248899,True,1,Tara,Tara | the | his | her | a,15.5609 | 15.1158 | 14.1688 | 13.5184 | 13.4150
"When Emma and Grace arrived at the gym, Emma passed the gift to","When Gina and Grace arrived at the gym, Gina passed the gift to",Grace,Emma,Gina,BAB,2,the gym,gift,16156,18966,clean,15.661367,14.089039,1.572329,0.20847294,0.04327091,True,2,her,her | Grace | the | Emma | a,16.1598 | 15.6614 | 14.8362 | 14.0890 | 14.0694
"After Uma and Ella left the gym, Uma sent the key to","After Liam and Ella left the gym, Liam sent the key to",Ella,Uma,Liam,BAB,3,the gym,key,7122,471,clean,13.536884,12.917132,0.619752,0.08594514,0.04624518,True,3,the,the | her | Ell | U | his,14.2521 | 14.0228 | 13.5369 | 12.9171 | 12.8386
"When Amy and Mia arrived at the school, Amy passed the key to","When Isla and Mia arrived at the school, Isla passed the key to",Mia,Amy,Isla,BAB,2,the school,key,32189,14235,clean,11.485579,11.754966,-0.269387,0.0050228,0.00657565,False,10,the,the | her | their | a | an,16.1570 | 14.7113 | 14.1037 | 13.9726 | 12.1821
"When Quinn and Yara went to the school, Yara gave the package to","When Quinn and Xander went to the school, Xander gave the package to",Quinn,Yara,Xander,ABB,0,the school,package,16109,575,clean,16.022903,12.81645,3.206453,0.58475327,0.02368251,True,1,Quinn,Quinn | her | the | them | Y,16.0229 | 13.9643 | 13.7462 | 12.8442 | 12.8165
"After Isla and Paul left the museum, Paul sent the key to","After Isla and Kate left the museum, Kate sent the key to",Isla,Paul,Kate,ABB,3,the museum,key,1148,3362,clean,14.354625,13.485151,0.869473,0.1563293,0.0655289,True,2,the,the | Is | his | Paul | a,14.4545 | 14.3546 | 13.5782 | 13.4852 | 12.4925
"When Victor and Amy arrived at the library, Amy passed the wallet to","When Victor and Paul arrived at the library, Paul passed the wallet to",Victor,Amy,Paul,ABB,2,the library,wallet,12622,14235,clean,17.418892,12.450675,4.968217,0.66066551,0.00459528,True,1,Victor,Victor | the | her | a | them,17.4189 | 14.8706 | 14.5504 | 14.1980 | 13.7955
"After Zach and Brian left the store, Zach sent the book to","After Ella and Brian left the store, Ella sent the book to",Brian,Zach,Ella,BAB,3,the store,book,8403,18825,clean,15.365631,12.518135,2.847496,0.25561038,0.01482268,True,1,Brian,Brian | his | the | him | a,15.3656 | 14.7736 | 14.1693 | 13.4436 | 13.2885
"When Noah and Wendy arrived at the market, Noah passed the key to","When Clara and Wendy arrived at the market, Clara passed the key to",Wendy,Noah,Clara,BAB,2,the market,key,28314,18394,clean,13.16625,11.152479,2.013771,0.0368098,0.00491353,True,5,the,the | his | their | a | Wendy,15.8648 | 13.7593 | 13.7063 | 13.6350 | 13.1663
"When Liam and Henry visited the store, Henry handed the bag to","When Liam and Bob visited the store, Bob handed the bag to",Liam,Henry,Bob,ABB,1,the store,bag,31684,8616,clean,16.29789,12.024083,4.273807,0.41483134,0.00577805,True,1,Liam,Liam | them | the | a | his,16.2979 | 15.0998 | 14.9029 | 13.6783 | 13.3100
"When Zach and Gina went to the store, Gina gave the letter to","When Zach and Carol went to the store, Carol gave the letter to",Zach,Gina,Carol,ABB,0,the store,letter,18825,43002,clean,14.833893,9.794824,5.039069,0.24900296,0.00161348,True,1,Zach,Zach | the | her | them | a,14.8339 | 14.1405 | 13.3925 | 13.2203 | 12.6323
"As David and Ella walked through the hospital, Ella offered the letter to","As David and Gina walked through the hospital, Gina offered the letter to",David,Ella,Gina,ABB,6,the hospital,letter,3271,7122,clean,14.642157,11.592106,3.050051,0.15702353,0.00743609,True,1,David,David | the | her | his | Dr,14.6422 | 14.4236 | 14.0077 | 13.2397 | 12.9588
"While Uma and Brian were at the school, Brian delivered the note to","While Uma and Zach were at the school, Zach delivered the note to",Uma,Brian,Zach,ABB,5,the school,note,471,8403,clean,15.228575,12.971589,2.256986,0.1830579,0.01915985,True,1,U,U | the | his | her | a,15.2286 | 14.7879 | 14.5236 | 14.4682 | 13.6310
"After Zach and Carol left the cafe, Zach sent the key to","After Emma and Carol left the cafe, Emma sent the key to",Carol,Zach,Emma,BAB,3,the cafe,key,5074,18825,clean,15.713314,11.493063,4.220251,0.41195542,0.00605367,True,1,Carol,Carol | the | his | a | their,15.7133 | 14.4988 | 13.7485 | 12.8547 | 12.7648
"While David and Paul were at the gym, David delivered the phone to","While Zach and Paul were at the gym, Zach delivered the phone to",Paul,David,Zach,BAB,5,the gym,phone,3362,3271,clean,14.642917,12.410721,2.232196,0.15316625,0.0164336,True,1,Paul,Paul | his | the | a | David,14.6429 | 14.6294 | 14.1467 | 13.7611 | 12.4107
"When Isla and Ella arrived at the mall, Isla passed the pen to","When Fred and Ella arrived at the mall, Fred passed the pen to",Ella,Isla,Fred,BAB,2,the mall,pen,7122,1148,clean,15.984983,9.385876,6.599108,0.4427191,0.0006028,True,1,Ell,Ell | her | a | the | his,15.9850 | 14.8618 | 14.1401 | 14.0771 | 12.8542
"After Gina and Yara left the school, Gina sent the ticket to","After Fred and Yara left the school, Fred sent the ticket to",Yara,Gina,Fred,BAB,3,the school,ticket,575,43002,clean,14.889051,12.351433,2.537619,0.20934086,0.01654932,True,1,Y,Y | her | the | a | Gina,14.8891 | 14.5486 | 14.1166 | 12.7223 | 12.3514
"When Yara and Victor arrived at the museum, Yara passed the map to","When Clara and Victor arrived at the museum, Clara passed the map to",Victor,Yara,Clara,BAB,2,the museum,map,12622,575,clean,17.544733,11.758729,5.786004,0.8303566,0.00254938,True,1,Victor,Victor | the | her | his | a,17.5447 | 14.3896 | 14.0149 | 13.0860 | 12.9066
"When Jack and Fred arrived at the store, Jack passed the note to","When David and Fred arrived at the store, David passed the note to",Fred,Jack,David,BAB,2,the store,note,8559,3619,clean,16.601156,10.524319,6.076838,0.53044444,0.0012176,True,1,Fred,Fred | his | the | a | them,16.6012 | 14.9955 | 14.6786 | 13.5657 | 13.3283
"When Paul and David visited the school, David handed the package to","When Paul and Harry visited the school, Harry handed the package to",Paul,David,Harry,ABB,1,the school,package,3362,3271,clean,16.668304,12.064557,4.603747,0.43888378,0.00439509,True,1,Paul,Paul | the | them | his | their,16.6683 | 15.2496 | 14.7125 | 14.7065 | 13.8858
"When Ella and Isla arrived at the museum, Ella passed the package to","When Jack and Isla arrived at the museum, Jack passed the package to",Isla,Ella,Jack,BAB,2,the museum,package,1148,7122,clean,15.995285,11.197912,4.797373,0.45124304,0.00372339,True,1,Is,Is | her | the | a | their,15.9953 | 14.7635 | 14.4176 | 12.8017 | 12.3516
"As Liam and Carol walked through the beach, Liam offered the package to","As Uma and Carol walked through the beach, Uma offered the package to",Carol,Liam,Uma,BAB,6,the beach,package,5074,31684,clean,17.9879,10.092701,7.895199,0.7702834,0.00028695,True,1,Carol,Carol | the | her | his | them,17.9879 | 14.8166 | 14.7728 | 14.4081 | 14.0824
"When Quinn and Alice went to the mall, Quinn gave the book to","When Noah and Alice went to the mall, Noah gave the book to",Alice,Quinn,Noah,BAB,0,the mall,book,14862,16109,clean,17.774853,11.939247,5.835606,0.78284794,0.00228721,True,1,Alice,Alice | her | the | a | them,17.7749 | 15.1609 | 14.4305 | 13.4750 | 12.9301
"When Tara and Jack went to the hospital, Tara gave the map to","When Alice and Jack went to the hospital, Alice gave the map to",Jack,Tara,Alice,BAB,0,the hospital,map,3619,37723,clean,16.649773,12.693644,3.956129,0.44479588,0.00851208,True,1,Jack,Jack | them | her | the | their,16.6498 | 15.1577 | 14.9499 | 14.9043 | 13.1574
"When Clara and Emma visited the restaurant, Emma handed the bag to","When Clara and Sam visited the restaurant, Sam handed the bag to",Clara,Emma,Sam,ABB,1,the restaurant,bag,27443,18966,clean,16.704845,13.738486,2.966359,0.43364304,0.02232847,True,1,Clara,Clara | her | the | them | Emma,16.7048 | 15.5805 | 15.1741 | 14.0739 | 13.7385
"Once Yara and Paul were at the library, Paul brought the package to","Once Yara and Fred were at the library, Fred brought the package to",Yara,Paul,Fred,ABB,4,the library,package,575,3362,clean,15.396409,13.358803,2.037606,0.16715449,0.02178697,True,1,Y,Y | the | her | them | his,15.3964 | 15.2106 | 15.1443 | 14.4383 | 14.2657
"When Fred and Jack visited the museum, Jack handed the key to","When Fred and Emma visited the museum, Emma handed the key to",Fred,Jack,Emma,ABB,1,the museum,key,8559,3619,clean,15.875299,12.556132,3.319166,0.34677008,0.01254718,True,1,Fred,Fred | the | his | a | their,15.8753 | 15.4562 | 13.6915 | 13.4378 | 13.1441
"While Yara and Victor were at the library, Victor delivered the map to","While Yara and Zach were at the library, Zach delivered the map to",Yara,Victor,Zach,ABB,5,the library,map,575,12622,clean,15.502321,14.900972,0.601349,0.27064663,0.1483338,True,1,Y,Y | Victor | the | her | his,15.5023 | 14.9010 | 14.2049 | 13.6198 | 13.0859
"When Iris and Frank arrived at the station, Frank passed the note to","When Iris and Sam arrived at the station, Sam passed the note to",Iris,Frank,Sam,ABB,2,the station,note,34230,5278,clean,16.284712,12.434408,3.850304,0.52423036,0.0111521,True,1,Iris,Iris | her | the | them | his,16.2847 | 14.3351 | 14.1707 | 13.6526 | 13.3656
"As Brian and Noah walked through the station, Noah offered the jacket to","As Brian and Isla walked through the station, Isla offered the jacket to",Brian,Noah,Isla,ABB,6,the station,jacket,8403,18394,clean,16.656532,13.854156,2.802377,0.53006315,0.03215665,True,1,Brian,Brian | the | Noah | his | them,16.6565 | 14.4330 | 13.8542 | 13.5786 | 13.5462
"Once Liam and Ella were at the hospital, Liam brought the ticket to","Once Xander and Ella were at the hospital, Xander brought the ticket to",Ella,Liam,Xander,BAB,4,the hospital,ticket,7122,31684,clean,14.43487,12.958587,1.476283,0.09189334,0.02099628,True,2,the,the | Ell | them | her | him,15.0003 | 14.4349 | 14.2388 | 14.1296 | 14.1027
"As Paul and Yara walked through the theater, Yara offered the note to","As Paul and Olivia walked through the theater, Olivia offered the note to",Paul,Yara,Olivia,ABB,6,the theater,note,3362,575,clean,17.413206,14.015392,3.397814,0.76214427,0.02549092,True,1,Paul,Paul | the | Y | her | them,17.4132 | 14.4340 | 14.0154 | 13.4099 | 13.0703
"Once Victor and Rose were at the office, Rose brought the gift to","Once Victor and Alice were at the office, Alice brought the gift to",Victor,Rose,Alice,ABB,4,the office,gift,12622,8049,clean,16.055227,13.311975,2.743253,0.37480783,0.02412288,True,1,Victor,Victor | the | her | him | Rose,16.0552 | 14.6766 | 14.6730 | 13.7864 | 13.3120
"While Brian and Derek were at the school, Brian delivered the card to","While Harry and Derek were at the school, Harry delivered the card to",Derek,Brian,Harry,BAB,5,the school,card,20893,8403,clean,14.348333,12.221647,2.126686,0.11769018,0.01403241,True,3,his,his | the | Derek | a | their,14.5905 | 14.5709 | 14.3483 | 13.9275 | 12.9558
"Once Noah and Zach were at the restaurant, Noah brought the card to","Once Carol and Zach were at the restaurant, Carol brought the card to",Zach,Noah,Carol,BAB,4,the restaurant,card,18825,18394,clean,15.435858,13.603882,1.831976,0.24388584,0.03904537,True,1,Zach,Zach | the | his | him | Noah,15.4359 | 14.8395 | 14.3137 | 13.6156 | 13.6039
"When Emma and Clara went to the school, Clara gave the card to","When Emma and Grace went to the school, Grace gave the card to",Emma,Clara,Grace,ABB,0,the school,card,18966,27443,clean,16.194374,12.878932,3.315442,0.40831277,0.0148291,True,1,Emma,Emma | her | the | a | them,16.1944 | 15.1471 | 14.5459 | 13.3448 | 13.0191
"When Jack and Brian went to the restaurant, Brian gave the bag to","When Jack and Iris went to the restaurant, Iris gave the bag to",Jack,Brian,Iris,ABB,0,the restaurant,bag,3619,8403,clean,17.420034,13.244223,4.175812,0.62855238,0.00965627,True,1,Jack,Jack | the | them | his | a,17.4200 | 14.9458 | 14.7929 | 14.1916 | 13.8915
"When Iris and Grace visited the gym, Iris handed the card to","When Fred and Grace visited the gym, Fred handed the card to",Grace,Iris,Fred,BAB,1,the gym,card,16156,34230,clean,15.643386,12.476194,3.167192,0.29538202,0.012442,True,1,Grace,Grace | her | the | them | a,15.6434 | 15.2155 | 14.8261 | 14.0679 | 13.0955
"After Liam and Isla left the restaurant, Liam sent the letter to","After Kate and Isla left the restaurant, Kate sent the letter to",Isla,Liam,Kate,BAB,3,the restaurant,letter,1148,31684,clean,13.889898,12.783384,1.106514,0.10770816,0.03562015,True,3,the,the | his | Is | Liam | her,14.2297 | 14.1453 | 13.8899 | 12.7834 | 12.5981
"When Gina and Brian visited the station, Brian handed the map to","When Gina and Clara visited the station, Clara handed the map to",Gina,Brian,Clara,ABB,1,the station,map,43002,8403,clean,17.209719,13.054085,4.155634,0.62566382,0.00980781,True,1,Gina,Gina | the | them | her | their,17.2097 | 14.9431 | 14.6092 | 14.2989 | 13.4514
"As Derek and Uma walked through the mall, Uma offered the note to","As Derek and Victor walked through the mall, Victor offered the note to",Derek,Uma,Victor,ABB,6,the mall,note,20893,471,clean,15.328381,14.957604,0.370776,0.25270367,0.17441568,True,1,Derek,Derek | U | the | her | his,15.3284 | 14.9576 | 14.2754 | 13.7912 | 13.6147
"While Clara and Brian were at the market, Brian delivered the bag to","While Clara and Kate were at the market, Kate delivered the bag to",Clara,Brian,Kate,ABB,5,the market,bag,27443,8403,clean,16.102896,13.740381,2.362514,0.3051348,0.02873854,True,1,Clara,Clara | her | the | his | them,16.1029 | 14.8237 | 14.5388 | 13.9799 | 13.7947
"While Liam and Iris were at the beach, Liam delivered the note to","While Alice and Iris were at the beach, Alice delivered the note to",Iris,Liam,Alice,BAB,5,the beach,note,34230,31684,clean,15.952816,11.608415,4.344401,0.45078662,0.00585088,True,1,Iris,Iris | his | the | her | a,15.9528 | 14.3968 | 14.1773 | 13.5380 | 12.5079
"Once Noah and Paul were at the market, Paul brought the card to","Once Noah and Frank were at the market, Frank brought the card to",Noah,Paul,Frank,ABB,4,the market,card,18394,3362,clean,16.183224,12.798388,3.384836,0.43232322,0.01464849,True,1,Noah,Noah | the | his | them | a,16.1832 | 15.0961 | 13.8585 | 13.0579 | 13.0356
"Once Clara and Carol were at the museum, Carol brought the key to","Once Clara and Wendy were at the museum, Wendy brought the key to",Clara,Carol,Wendy,ABB,4,the museum,key,27443,5074,clean,12.893809,11.642977,1.250833,0.02108386,0.0060356,True,5,the,the | her | a | their | Clara,15.9893 | 14.7079 | 13.5321 | 13.0750 | 12.8938
"As Jack and Emma walked through the theater, Emma offered the gift to","As Jack and Sam walked through the theater, Sam offered the gift to",Jack,Emma,Sam,ABB,6,the theater,gift,3619,18966,clean,17.30691,12.180969,5.12594,0.66573411,0.00395488,True,1,Jack,Jack | her | the | them | him,17.3069 | 14.8884 | 14.5580 | 13.6906 | 13.1918
"As Iris and Olivia walked through the museum, Iris offered the bag to","As Mia and Olivia walked through the museum, Mia offered the bag to",Olivia,Iris,Mia,BAB,6,the museum,bag,33911,34230,clean,15.819674,12.720675,3.098999,0.35854921,0.01616853,True,1,Olivia,Olivia | her | the | them | a,15.8197 | 15.2201 | 14.4752 | 13.4299 | 12.7522
"When Tara and Sam went to the market, Sam gave the jacket to","When Tara and Clara went to the market, Clara gave the jacket to",Tara,Sam,Clara,ABB,0,the market,jacket,37723,3409,clean,17.841389,13.965094,3.876295,0.79459864,0.01647002,True,1,Tara,Tara | the | her | Sam | a,17.8414 | 14.5057 | 14.1189 | 13.9651 | 13.7422
"When Frank and Rose arrived at the park, Frank passed the bag to","When Xander and Rose arrived at the park, Xander passed the bag to",Rose,Frank,Xander,BAB,2,the park,bag,8049,5278,clean,16.260845,10.711036,5.549809,0.48718905,0.00189429,True,1,Rose,Rose | his | the | a | her,16.2608 | 14.6830 | 14.6391 | 13.4107 | 13.3123
"When Alice and Olivia arrived at the cafe, Alice passed the phone to","When Victor and Olivia arrived at the cafe, Victor passed the phone to",Olivia,Alice,Victor,BAB,2,the cafe,phone,33911,14862,clean,15.800253,12.091941,3.708312,0.29235232,0.00716815,True,1,Olivia,Olivia | her | the | a | an,15.8003 | 15.5673 | 14.5558 | 14.1602 | 12.5916
"As Jack and Quinn walked through the museum, Jack offered the gift to","As Brian and Quinn walked through the museum, Brian offered the gift to",Quinn,Jack,Brian,BAB,6,the museum,gift,16109,3619,clean,16.953478,11.421122,5.532356,0.6778326,0.00268195,True,1,Quinn,Quinn | his | the | a | her,16.9535 | 14.6207 | 14.4027 | 13.3472 | 13.2314
"As Clara and Mia walked through the museum, Clara offered the jacket to","As Noah and Mia walked through the museum, Noah offered the jacket to",Mia,Clara,Noah,BAB,6,the museum,jacket,32189,27443,clean,16.688412,10.461236,6.227176,0.62187088,0.00122821,True,1,Mia,Mia | her | the | a | me,16.6884 | 14.8185 | 14.3661 | 12.9333 | 12.0425
"Once Uma and Liam were at the store, Uma brought the map to","Once Clara and Liam were at the store, Clara brought the map to",Liam,Uma,Clara,BAB,4,the store,map,31684,471,clean,13.816356,12.180895,1.635461,0.0502683,0.00979541,True,6,her,her | them | the | him | me,14.9983 | 14.6490 | 14.6281 | 14.4391 | 13.9437
"When Wendy and Xander visited the office, Xander handed the card to","When Wendy and Brian visited the office, Brian handed the card to",Wendy,Xander,Brian,ABB,1,the office,card,28314,46122,clean,17.919725,13.641301,4.278424,0.68968207,0.00956209,True,1,Wendy,Wendy | her | the | them | his,17.9197 | 15.4835 | 15.3183 | 14.4924 | 14.1213
"Once Rose and Iris were at the station, Iris brought the pen to","Once Rose and Grace were at the station, Grace brought the pen to",Rose,Iris,Grace,ABB,4,the station,pen,8049,34230,clean,14.988264,14.253803,0.734461,0.12478403,0.05986689,True,3,her,her | the | Rose | Iris | them,15.7516 | 15.3155 | 14.9883 | 14.2538 | 13.1880
"When Sam and Isla arrived at the school, Sam passed the trophy to","When Jack and Isla arrived at the school, Jack passed the trophy to",Isla,Sam,Jack,BAB,2,the school,trophy,1148,3409,clean,17.235689,12.346001,4.889688,0.74766541,0.00562526,True,1,Is,Is | his | the | a | her,17.2357 | 14.4127 | 14.2460 | 12.9344 | 12.7935
"As David and Amy walked through the school, David offered the letter to","As Rose and Amy walked through the school, Rose offered the letter to",Amy,David,Rose,BAB,6,the school,letter,14235,3271,clean,17.293451,11.174025,6.119427,0.62819773,0.00138186,True,1,Amy,Amy | the | his | her | a,17.2935 | 14.9145 | 14.8403 | 14.5401 | 13.4129
"While Fred and Kate were at the beach, Fred delivered the bag to","While Frank and Kate were at the beach, Frank delivered the bag to",Kate,Fred,Frank,BAB,5,the beach,bag,16693,8559,clean,16.320427,12.316927,4.0035,0.42027199,0.00767066,True,1,Kate,Kate | the | his | a | her,16.3204 | 14.8123 | 14.5821 | 13.9560 | 13.8752
"When Sam and Frank visited the park, Sam handed the book to","When Ella and Frank visited the park, Ella handed the book to",Frank,Sam,Ella,BAB,1,the park,book,5278,3409,clean,17.132027,12.247232,4.884794,0.59371233,0.00448887,True,1,Frank,Frank | the | his | a | him,17.1320 | 15.0894 | 14.9614 | 14.1502 | 13.5266
"As David and Frank walked through the restaurant, Frank offered the book to","As David and Brian walked through the restaurant, Brian offered the book to",David,Frank,Brian,ABB,6,the restaurant,book,3271,5278,clean,14.038212,14.151881,-0.113669,0.05455644,0.06112405,False,6,the,the | a | his | them | Frank,14.6939 | 14.4132 | 14.3456 | 14.3216 | 14.1519
"When Olivia and Paul arrived at the library, Olivia passed the gift to","When Wendy and Paul arrived at the library, Wendy passed the gift to",Paul,Olivia,Wendy,BAB,2,the library,gift,3362,33911,clean,15.534282,12.337632,3.19665,0.18113333,0.00740817,True,2,her,her | Paul | the | a | them,15.9966 | 15.5343 | 15.1193 | 14.3567 | 14.1162
"While Grace and Frank were at the restaurant, Frank delivered the key to","While Grace and Uma were at the restaurant, Uma delivered the key to",Grace,Frank,Uma,ABB,5,the restaurant,key,16156,5278,clean,12.967501,12.233132,0.734368,0.0350621,0.01682309,True,6,the,the | his | a | their | her,15.3282 | 13.4128 | 13.2346 | 13.1802 | 13.1393
"When Grace and Gina visited the school, Gina handed the ticket to","When Grace and Noah visited the school, Noah handed the ticket to",Grace,Gina,Noah,ABB,1,the school,ticket,16156,43002,clean,15.365559,13.017099,2.348459,0.25117046,0.02399085,True,1,Grace,Grace | the | her | a | Gina,15.3656 | 14.7200 | 14.5875 | 13.5498 | 13.0171
"When David and Ella arrived at the museum, David passed the letter to","When Frank and Ella arrived at the museum, Frank passed the letter to",Ella,David,Frank,BAB,2,the museum,letter,7122,3271,clean,14.841762,11.938997,2.902764,0.18848172,0.01034224,True,1,Ell,Ell | his | her | the | them,14.8418 | 14.2981 | 14.2686 | 14.0958 | 13.8082
"After Gina and Uma left the beach, Gina sent the trophy to","After Yara and Uma left the beach, Yara sent the trophy to",Uma,Gina,Yara,BAB,3,the beach,trophy,471,43002,clean,15.551675,11.828978,3.722697,0.30967459,0.00748443,True,1,U,U | her | the | a | Gina,15.5517 | 15.2170 | 13.7026 | 12.4086 | 11.8290
"When Mia and Xander went to the museum, Xander gave the card to","When Mia and Sam went to the museum, Sam gave the card to",Mia,Xander,Sam,ABB,0,the museum,card,32189,46122,clean,16.364735,12.790524,3.574211,0.43323344,0.0121468,True,1,Mia,Mia | the | her | them | his,16.3647 | 14.7072 | 14.5775 | 14.3607 | 13.8502
