prompt_clean,prompt_corrupted,io_name,s_name,distractor_name,template_type,template_idx,place,object_noun,io_token_id,s_token_id,prompt_type,logit_io,logit_s,logit_diff,prob_io,prob_s,is_correct,rank_io,top_1_prediction,top_k_predictions,top_k_logits
"When David and Henry visited the restaurant, Henry handed the letter to","When David and Harry visited the restaurant, Harry handed the letter to",David,Henry,Harry,ABB,1,the restaurant,letter,3271,8616,corrupted,15.394979,8.841785,6.553194,0.22920315,0.00032674,True,1,David,David | the | his | a | Harry,15.3950 | 15.0127 | 14.5695 | 13.7033 | 13.4761
"While Bob and Kate were at the gym, Bob delivered the map to","While Carol and Kate were at the gym, Carol delivered the map to",Kate,Bob,Carol,BAB,5,the gym,map,16693,5811,corrupted,14.934275,10.65589,4.278384,0.15436198,0.00214024,True,2,her,her | Kate | the | them | Carol,15.1471 | 14.9343 | 14.5390 | 13.5164 | 13.4098
"When Isla and Ella arrived at the hospital, Ella passed the wallet to","When Isla and Wendy arrived at the hospital, Wendy passed the wallet to",Isla,Ella,Wendy,ABB,2,the hospital,wallet,1148,7122,corrupted,11.958575,9.331335,2.62724,0.00878948,0.00063528,True,8,her,her | the | a | Wendy | their,15.0160 | 14.6839 | 13.8011 | 13.6154 | 13.1044
"When Clara and Kate went to the museum, Clara gave the package to","When Derek and Kate went to the museum, Derek gave the package to",Kate,Clara,Derek,BAB,0,the museum,package,16693,27443,corrupted,18.066429,6.427705,11.638724,0.75264758,6.64e-06,True,1,Kate,Kate | the | his | them | their,18.0664 | 15.2325 | 15.0479 | 14.7014 | 14.3699
"After Grace and Victor left the school, Victor sent the card to","After Grace and Sam left the school, Sam sent the card to",Grace,Victor,Sam,ABB,3,the school,card,16156,12622,corrupted,15.603396,6.922748,8.680649,0.26556298,4.51e-05,True,1,Grace,Grace | his | her | Sam | the,15.6034 | 14.3559 | 14.2837 | 14.0888 | 14.0605
"When Kate and Clara went to the hospital, Kate gave the phone to","When Olivia and Clara went to the hospital, Olivia gave the phone to",Clara,Kate,Olivia,BAB,0,the hospital,phone,27443,16693,corrupted,15.260077,8.480974,6.779102,0.17841822,0.00020291,True,1,Clara,Clara | her | the | a | them,15.2601 | 15.2433 | 14.7790 | 13.9429 | 12.7208
"As Xander and Isla walked through the station, Xander offered the ticket to","As Carol and Isla walked through the station, Carol offered the ticket to",Isla,Xander,Carol,BAB,6,the station,ticket,1148,46122,corrupted,13.339704,4.420298,8.919406,0.05264856,7.04e-06,True,3,the,the | her | Is | Carol | a,14.5854 | 13.6082 | 13.3397 | 13.2143 | 13.0779
"After Emma and Victor left the gym, Emma sent the bag to","After Liam and Victor left the gym, Liam sent the bag to",Victor,Emma,Liam,BAB,3,the gym,bag,12622,18966,corrupted,14.770018,10.173864,4.596153,0.19538052,0.0019715,True,1,Victor,Victor | his | the | a | him,14.7700 | 14.3090 | 14.2775 | 12.9430 | 12.8600
"When Isla and Liam visited the station, Liam handed the ticket to","When Isla and Mia visited the station, Mia handed the ticket to",Isla,Liam,Mia,ABB,1,the station,ticket,1148,31684,corrupted,12.013474,7.709409,4.304065,0.01735315,0.0002345,True,6,the,the | Mia | her | a | them,14.4194 | 13.2090 | 13.0112 | 12.9451 | 12.2421
"When Noah and Emma arrived at the theater, Emma passed the letter to","When Noah and Olivia arrived at the theater, Olivia passed the letter to",Noah,Emma,Olivia,ABB,2,the theater,letter,18394,18966,corrupted,15.228169,9.592817,5.635352,0.26848981,0.00095835,True,1,Noah,Noah | her | the | them | a,15.2282 | 14.3292 | 14.3059 | 13.3577 | 13.2008
"When Victor and Emma visited the restaurant, Emma handed the phone to","When Victor and Gina visited the restaurant, Gina handed the phone to",Victor,Emma,Gina,ABB,1,the restaurant,phone,12622,18966,corrupted,16.965895,7.667791,9.298103,0.62788624,5.751e-05,True,1,Victor,Victor | the | her | a | him,16.9659 | 14.5776 | 14.0651 | 13.4996 | 13.4048
"Once Carol and Ella were at the theater, Carol brought the gift to","Once Isla and Ella were at the theater, Isla brought the gift to",Ella,Carol,Isla,BAB,4,the theater,gift,7122,5074,corrupted,15.090437,5.745042,9.345395,0.28517452,2.491e-05,True,1,Ell,Ell | her | the | a | his,15.0904 | 14.7703 | 14.0739 | 12.5662 | 12.4498
"When Bob and David visited the library, David handed the wallet to","When Bob and Victor visited the library, Victor handed the wallet to",Bob,David,Victor,ABB,1,the library,wallet,5811,3271,corrupted,16.360069,9.524141,6.835928,0.46946663,0.00050443,True,1,Bob,Bob | the | them | his | him,16.3601 | 14.6331 | 13.7548 | 13.7104 | 13.3534
"After Mia and Yara left the office, Yara sent the letter to","After Mia and Fred left the office, Fred sent the letter to",Mia,Yara,Fred,ABB,3,the office,letter,32189,575,corrupted,13.86305,8.97062,4.89243,0.09082549,0.00068148,True,2,the,the | Mia | her | his | Fred,13.9646 | 13.8631 | 13.5556 | 13.1768 | 12.5605
"When Clara and Carol went to the office, Carol gave the wallet to","When Clara and Iris went to the office, Iris gave the wallet to",Clara,Carol,Iris,ABB,0,the office,wallet,27443,5074,corrupted,15.520572,7.386009,8.134562,0.32299453,9.471e-05,True,1,Clara,Clara | the | her | them | Iris,15.5206 | 14.4462 | 14.3392 | 13.6380 | 12.9918
"When Grace and Iris visited the hospital, Grace handed the map to","When Bob and Iris visited the hospital, Bob handed the map to",Iris,Grace,Bob,BAB,1,the hospital,map,34230,16156,corrupted,17.390202,7.796902,9.5933,0.67402405,4.596e-05,True,1,Iris,Iris | the | them | her | his,17.3902 | 14.8141 | 14.7305 | 14.3010 | 14.0646
"While Fred and Mia were at the office, Fred delivered the map to","While Paul and Mia were at the office, Paul delivered the map to",Mia,Fred,Paul,BAB,5,the office,map,32189,8559,corrupted,14.343058,8.332046,6.011012,0.14272285,0.0003499,True,2,the,the | Mia | his | Paul | a,14.4058 | 14.3431 | 13.6278 | 13.0948 | 12.8632
"After Sam and Olivia left the park, Olivia sent the wallet to","After Sam and Frank left the park, Frank sent the wallet to",Sam,Olivia,Frank,ABB,3,the park,wallet,3409,33911,corrupted,15.331601,7.562963,7.768638,0.26213145,0.00011083,True,1,Sam,Sam | the | Frank | his | a,15.3316 | 14.2297 | 13.9967 | 13.9366 | 13.1510
"When Alice and Fred went to the cafe, Alice gave the ticket to","When Isla and Fred went to the cafe, Isla gave the ticket to",Fred,Alice,Isla,BAB,0,the cafe,ticket,8559,14862,corrupted,17.724997,8.836202,8.888795,0.8536455,0.00011774,True,1,Fred,Fred | the | a | his | them,17.7250 | 14.6890 | 13.0705 | 13.0701 | 12.5962
"After David and Sam left the museum, David sent the wallet to","After Yara and Sam left the museum, Yara sent the wallet to",Sam,David,Yara,BAB,3,the museum,wallet,3409,3271,corrupted,13.970934,8.469943,5.500991,0.12543195,0.0005121,True,2,the,the | Sam | her | Y | his,14.0861 | 13.9709 | 13.5093 | 13.2922 | 12.9959
"As Isla and Rose walked through the office, Isla offered the pen to","As David and Rose walked through the office, David offered the pen to",Rose,Isla,David,BAB,6,the office,pen,8049,1148,corrupted,15.593239,6.380202,9.213037,0.30452862,3.037e-05,True,1,Rose,Rose | his | the | a | David,15.5932 | 14.9049 | 14.3800 | 13.3898 | 13.2436
"After Liam and David left the gym, David sent the package to","After Liam and Quinn left the gym, Quinn sent the package to",Liam,David,Quinn,ABB,3,the gym,package,31684,3271,corrupted,15.1472,9.015027,6.132173,0.26531553,0.00057623,True,1,Liam,Liam | her | the | his | Quinn,15.1472 | 14.0319 | 13.8157 | 13.4175 | 13.3494
"When Ella and Noah visited the store, Ella handed the book to","When Victor and Noah visited the store, Victor handed the book to",Noah,Ella,Victor,BAB,1,the store,book,18394,7122,corrupted,18.320364,6.622731,11.697633,0.90491784,7.52e-06,True,1,Noah,Noah | the | his | him | a,18.3204 | 14.6443 | 13.9549 | 13.7385 | 13.2196
"While Liam and Isla were at the market, Liam delivered the jacket to","While Bob and Isla were at the market, Bob delivered the jacket to",Isla,Liam,Bob,BAB,5,the market,jacket,1148,31684,corrupted,15.83585,6.78446,9.05139,0.43371341,5.084e-05,True,1,Is,Is | the | his | Bob | a,15.8358 | 14.0712 | 13.8243 | 13.3061 | 13.2281
"When Quinn and Rose visited the library, Quinn handed the card to","When Tara and Rose visited the library, Tara handed the card to",Rose,Quinn,Tara,BAB,1,the library,card,8049,16109,corrupted,16.119162,8.634917,7.484244,0.2936281,0.00016498,True,1,Rose,Rose | her | the | a | them,16.1192 | 15.8202 | 15.3567 | 13.8008 | 13.5451
"After Amy and Wendy left the school, Amy sent the ticket to","After Quinn and Wendy left the school, Quinn sent the ticket to",Wendy,Amy,Quinn,BAB,3,the school,ticket,28314,14235,corrupted,15.834253,9.579443,6.25481,0.39720696,0.00076311,True,1,Wendy,Wendy | her | the | a | Quinn,15.8343 | 14.6199 | 14.3696 | 13.0200 | 12.9646
"When Jack and Zach visited the station, Zach handed the phone to","When Jack and Emma visited the station, Emma handed the phone to",Jack,Zach,Emma,ABB,1,the station,phone,3619,18825,corrupted,17.336548,9.821042,7.515506,0.6512183,0.00035464,True,1,Jack,Jack | the | her | him | them,17.3365 | 14.7702 | 14.5634 | 13.9717 | 13.9431
"When Xander and Olivia arrived at the mall, Olivia passed the gift to","When Xander and Bob arrived at the mall, Bob passed the gift to",Xander,Olivia,Bob,ABB,2,the mall,gift,46122,33911,corrupted,16.502932,11.101406,5.401525,0.36684042,0.00165434,True,1,Xander,Xander | his | the | a | them,16.5029 | 15.2605 | 14.9526 | 14.4402 | 14.1411
"While Wendy and Victor were at the school, Wendy delivered the package to","While Iris and Victor were at the school, Iris delivered the package to",Victor,Wendy,Iris,BAB,5,the school,package,12622,28314,corrupted,16.079914,7.636601,8.443313,0.51219064,0.00011029,True,1,Victor,Victor | the | her | them | a,16.0799 | 14.4049 | 14.3041 | 12.7380 | 12.5565
"Once Tara and Iris were at the station, Tara brought the package to","Once Uma and Iris were at the station, Uma brought the package to",Iris,Tara,Uma,BAB,4,the station,package,34230,37723,corrupted,14.696866,7.101213,7.595654,0.17499104,8.796e-05,True,2,her,her | Iris | the | him | them,14.7359 | 14.6969 | 14.5494 | 12.9788 | 12.8243
"Once Emma and Gina were at the hospital, Gina brought the package to","Once Emma and Henry were at the hospital, Henry brought the package to",Emma,Gina,Henry,ABB,4,the hospital,package,18966,43002,corrupted,16.510445,6.923669,9.586775,0.337751,2.318e-05,True,1,Emma,Emma | the | her | them | his,16.5104 | 15.4009 | 15.3721 | 14.6219 | 14.4210
"After Uma and Derek left the school, Derek sent the package to","After Uma and Clara left the school, Clara sent the package to",Uma,Derek,Clara,ABB,3,the school,package,471,20893,corrupted,14.114405,6.722166,7.392239,0.09969646,6.141e-05,True,2,her,her | U | the | Clara | a,14.6704 | 14.1144 | 14.0141 | 13.1317 | 12.4144
"After Gina and Liam left the store, Gina sent the note to","After Henry and Liam left the store, Henry sent the note to",Liam,Gina,Henry,BAB,3,the store,note,31684,43002,corrupted,15.183294,6.63094,8.552354,0.27753448,5.359e-05,True,1,Liam,Liam | his | the | a | their,15.1833 | 14.5302 | 14.0445 | 12.5116 | 12.4468
"As Mia and David walked through the theater, Mia offered the letter to","As Rose and David walked through the theater, Rose offered the letter to",David,Mia,Rose,BAB,6,the theater,letter,3271,32189,corrupted,15.626109,8.449205,7.176904,0.35502654,0.00027125,True,1,David,David | the | her | a | his,15.6261 | 14.4817 | 14.2291 | 13.1914 | 13.1086
"Once Jack and Derek were at the museum, Derek brought the note to","Once Jack and David were at the museum, David brought the note to",Jack,Derek,David,ABB,4,the museum,note,3619,20893,corrupted,15.892015,8.96752,6.924496,0.24167475,0.00023766,True,1,Jack,Jack | his | the | them | him,15.8920 | 14.6616 | 14.6605 | 14.5824 | 14.5719
"When Derek and Victor arrived at the restaurant, Victor passed the jacket to","When Derek and Kate arrived at the restaurant, Kate passed the jacket to",Derek,Victor,Kate,ABB,2,the restaurant,jacket,20893,12622,corrupted,16.378305,7.46092,8.917386,0.52147454,6.99e-05,True,1,Derek,Derek | the | her | a | his,16.3783 | 14.4824 | 14.2130 | 14.0284 | 12.9792
"When Clara and Wendy went to the station, Clara gave the note to","When Mia and Wendy went to the station, Mia gave the note to",Wendy,Clara,Mia,BAB,0,the station,note,28314,27443,corrupted,16.321173,7.083603,9.237569,0.47200629,4.593e-05,True,1,Wendy,Wendy | the | her | a | Mia,16.3212 | 14.8876 | 14.5544 | 13.4117 | 12.9194
"When Olivia and Grace arrived at the station, Olivia passed the ticket to","When Iris and Grace arrived at the station, Iris passed the ticket to",Grace,Olivia,Iris,BAB,2,the station,ticket,16156,33911,corrupted,14.072357,8.153237,5.91912,0.15459578,0.00041549,True,2,the,the | Grace | her | them | a,14.1118 | 14.0724 | 13.9054 | 13.1174 | 12.5563
"When Uma and Isla visited the library, Isla handed the package to","When Uma and Frank visited the library, Frank handed the package to",Uma,Isla,Frank,ABB,1,the library,package,471,1148,corrupted,16.035061,9.095634,6.939427,0.31375009,0.00030397,True,1,U,U | the | her | them | a,16.0351 | 14.7155 | 14.4484 | 14.1610 | 13.8651
"When Amy and Sam went to the cafe, Amy gave the jacket to","When Frank and Sam went to the cafe, Frank gave the jacket to",Sam,Amy,Frank,BAB,0,the cafe,jacket,3409,14235,corrupted,17.072573,9.803058,7.269515,0.57116759,0.00039779,True,1,Sam,Sam | the | a | his | them,17.0726 | 15.0420 | 14.3996 | 14.3442 | 13.8624
"When Harry and Carol arrived at the market, Harry passed the phone to","When Henry and Carol arrived at the market, Henry passed the phone to",Carol,Harry,Henry,BAB,2,the market,phone,5074,5850,corrupted,16.353001,7.96812,8.384881,0.54511064,0.00012445,True,1,Carol,Carol | his | the | a | her,16.3530 | 14.2371 | 14.1928 | 13.6634 | 13.3881
"While Rose and Harry were at the office, Harry delivered the key to","While Rose and Fred were at the office, Fred delivered the key to",Rose,Harry,Fred,ABB,5,the office,key,8049,5850,corrupted,13.622169,10.697067,2.925101,0.07352749,0.00394543,True,2,the,the | Rose | his | her | a,15.2032 | 13.6222 | 13.3305 | 13.0320 | 12.7281
"After Victor and Isla left the store, Isla sent the package to","After Victor and Derek left the store, Derek sent the package to",Victor,Isla,Derek,ABB,3,the store,package,12622,1148,corrupted,15.645823,7.365092,8.280731,0.31343713,7.941e-05,True,1,Victor,Victor | his | the | Derek | him,15.6458 | 14.5834 | 14.2498 | 13.0390 | 13.0228
"When Frank and Yara went to the gym, Frank gave the bag to","When Grace and Yara went to the gym, Grace gave the bag to",Yara,Frank,Grace,BAB,0,the gym,bag,575,5278,corrupted,15.605752,8.589558,7.016194,0.29367977,0.0002635,True,1,Y,Y | her | the | them | a,15.6058 | 14.9944 | 14.4739 | 13.7371 | 13.4937
"When Olivia and Alice visited the store, Olivia handed the ticket to","When Frank and Alice visited the store, Frank handed the ticket to",Alice,Olivia,Frank,BAB,1,the store,ticket,14862,33911,corrupted,18.422546,8.850309,9.572237,0.84989309,5.918e-05,True,1,Alice,Alice | the | them | a | his,18.4225 | 15.1597 | 14.0636 | 13.6361 | 13.5864
"While Isla and Gina were at the park, Isla delivered the wallet to","While Uma and Gina were at the park, Uma delivered the wallet to",Gina,Isla,Uma,BAB,5,the park,wallet,43002,1148,corrupted,15.322504,7.640314,7.68219,0.30963537,0.00014273,True,1,Gina,Gina | her | the | a | his,15.3225 | 14.5186 | 14.4732 | 13.3544 | 12.5415
"After Yara and Victor left the cafe, Victor sent the bag to","After Yara and Bob left the cafe, Bob sent the bag to",Yara,Victor,Bob,ABB,3,the cafe,bag,575,12622,corrupted,14.584044,8.533113,6.050931,0.15072244,0.00035505,True,1,Y,Y | the | his | Bob | her,14.5840 | 14.2621 | 13.8341 | 13.6694 | 13.4066
"After Zach and Rose left the hospital, Zach sent the wallet to","After Noah and Rose left the hospital, Noah sent the wallet to",Rose,Zach,Noah,BAB,3,the hospital,wallet,8049,18825,corrupted,15.756922,7.628197,8.128725,0.39475858,0.00011643,True,1,Rose,Rose | his | the | her | a,15.7569 | 14.7535 | 14.3757 | 13.2744 | 12.7882
"When Noah and Victor visited the office, Victor handed the letter to","When Noah and Fred visited the office, Fred handed the letter to",Noah,Victor,Fred,ABB,1,the office,letter,18394,12622,corrupted,16.514429,7.835343,8.679086,0.57724124,9.819e-05,True,1,Noah,Noah | the | his | a | them,16.5144 | 14.5076 | 13.2446 | 13.0519 | 13.0133
"When Wendy and Frank visited the school, Wendy handed the bag to","When Olivia and Frank visited the school, Olivia handed the bag to",Frank,Wendy,Olivia,BAB,1,the school,bag,5278,28314,corrupted,16.083174,8.865139,7.218035,0.27296966,0.00020015,True,1,Frank,Frank | her | the | them | a,16.0832 | 15.6661 | 15.4417 | 14.5124 | 13.7410
"While Sam and Xander were at the park, Sam delivered the ticket to","While Tara and Xander were at the park, Tara delivered the ticket to",Xander,Sam,Tara,BAB,5,the park,ticket,46122,3409,corrupted,15.240424,9.706597,5.533827,0.20108803,0.00079447,True,1,Xander,Xander | the | her | a | their,15.2404 | 15.2402 | 14.3019 | 13.2064 | 12.8779
"When Gina and Yara visited the park, Gina handed the map to","When Tara and Yara visited the park, Tara handed the map to",Yara,Gina,Tara,BAB,1,the park,map,575,43002,corrupted,15.748533,7.615608,8.132926,0.23698957,6.961e-05,True,1,Y,Y | her | the | them | a,15.7485 | 15.4090 | 15.1093 | 14.9496 | 13.0191
"As Jack and Emma walked through the restaurant, Emma offered the bag to","As Jack and Ella walked through the restaurant, Ella offered the bag to",Jack,Emma,Ella,ABB,6,the restaurant,bag,3619,18966,corrupted,17.539879,8.877107,8.662772,0.70580125,0.00012204,True,1,Jack,Jack | the | her | them | him,17.5399 | 14.6795 | 14.3131 | 14.3123 | 13.7649
"After Frank and Quinn left the library, Frank sent the bag to","After Isla and Quinn left the library, Isla sent the bag to",Quinn,Frank,Isla,BAB,3,the library,bag,16109,5278,corrupted,15.090396,8.259506,6.83089,0.34767926,0.00037546,True,1,Quinn,Quinn | the | her | a | his,15.0904 | 13.7817 | 13.6832 | 12.4991 | 12.4015
"After Alice and Iris left the gym, Alice sent the card to","After Kate and Iris left the gym, Kate sent the card to",Iris,Alice,Kate,BAB,3,the gym,card,34230,14862,corrupted,15.933794,8.37513,7.558664,0.45644721,0.00023807,True,1,Iris,Iris | her | the | a | Kate,15.9338 | 14.9607 | 13.6888 | 12.0719 | 11.8625
"After David and Kate left the market, Kate sent the ticket to","After David and Clara left the market, Clara sent the ticket to",David,Kate,Clara,ABB,3,the market,ticket,3271,16693,corrupted,14.113134,8.342034,5.7711,0.10007956,0.00031188,True,2,the,the | David | her | a | Clara,14.1878 | 14.1131 | 13.7297 | 12.6036 | 12.4384
"When Rose and Ella went to the gym, Rose gave the map to","When Xander and Ella went to the gym, Xander gave the map to",Ella,Rose,Xander,BAB,0,the gym,map,7122,8049,corrupted,16.35758,9.973805,6.383775,0.34827065,0.00058814,True,1,Ell,Ell | the | them | Xander | his,16.3576 | 15.1145 | 14.8983 | 14.5955 | 14.2059
"Once Frank and Rose were at the beach, Frank brought the pen to","Once Paul and Rose were at the beach, Paul brought the pen to",Rose,Frank,Paul,BAB,4,the beach,pen,8049,5278,corrupted,15.376203,9.502838,5.873364,0.17060015,0.00047997,True,2,his,his | Rose | the | her | him,15.4995 | 15.3762 | 15.2579 | 14.7233 | 14.0691
"Once Tara and Quinn were at the mall, Quinn brought the ticket to","Once Tara and Xander were at the mall, Xander brought the ticket to",Tara,Quinn,Xander,ABB,4,the mall,ticket,37723,16109,corrupted,14.257029,8.918014,5.339015,0.05454568,0.00026185,True,4,the,the | her | them | Tara | his,15.8069 | 15.1221 | 14.6957 | 14.2570 | 13.8673
"As Victor and Uma walked through the library, Uma offered the bag to","As Victor and Grace walked through the library, Grace offered the bag to",Victor,Uma,Grace,ABB,6,the library,bag,12622,471,corrupted,17.499441,7.554941,9.9445,0.73399806,3.523e-05,True,1,Victor,Victor | the | them | her | him,17.4994 | 14.6371 | 13.9582 | 13.8835 | 13.3753
"As Grace and Jack walked through the hospital, Grace offered the trophy to","As Sam and Jack walked through the hospital, Sam offered the trophy to",Jack,Grace,Sam,BAB,6,the hospital,trophy,3619,16156,corrupted,16.843845,8.728415,8.115431,0.55643272,0.00016631,True,1,Jack,Jack | the | his | Sam | them,16.8438 | 14.8726 | 14.5330 | 13.5688 | 13.5211
"While Rose and Noah were at the school, Rose delivered the trophy to","While Liam and Noah were at the school, Liam delivered the trophy to",Noah,Rose,Liam,BAB,5,the school,trophy,18394,8049,corrupted,14.902572,7.135638,7.766934,0.25400323,0.00010757,True,1,Noah,Noah | his | the | a | him,14.9026 | 14.2569 | 14.2107 | 13.3438 | 11.9881
"Once Brian and Frank were at the restaurant, Frank brought the bag to","Once Brian and Liam were at the restaurant, Liam brought the bag to",Brian,Frank,Liam,ABB,4,the restaurant,bag,8403,5278,corrupted,15.512153,10.343969,5.168183,0.18869501,0.0010746,True,1,Brian,Brian | the | them | him | his,15.5122 | 14.9644 | 14.4843 | 14.3632 | 14.2539
"As Sam and Frank walked through the park, Frank offered the note to","As Sam and Olivia walked through the park, Olivia offered the note to",Sam,Frank,Olivia,ABB,6,the park,note,3409,5278,corrupted,16.601974,8.649522,7.952453,0.42929843,0.00015103,True,1,Sam,Sam | her | the | them | Dean,16.6020 | 14.9841 | 14.8483 | 13.5420 | 13.4950
"As Yara and Zach walked through the theater, Zach offered the letter to","As Yara and Wendy walked through the theater, Wendy offered the letter to",Yara,Zach,Wendy,ABB,6,the theater,letter,575,18825,corrupted,15.071682,8.165461,6.906221,0.26329121,0.0002637,True,1,Y,Y | the | her | a | Wendy,15.0717 | 14.3838 | 14.0566 | 12.6636 | 12.4290
"As Jack and Yara walked through the store, Jack offered the card to","As Liam and Yara walked through the store, Liam offered the card to",Yara,Jack,Liam,BAB,6,the store,card,575,3619,corrupted,15.889218,8.38728,7.501939,0.33531234,0.0001851,True,1,Y,Y | the | them | a | his,15.8892 | 14.8852 | 14.2493 | 13.8848 | 13.7295
"After Iris and Mia left the park, Iris sent the phone to","After Carol and Mia left the park, Carol sent the phone to",Mia,Iris,Carol,BAB,3,the park,phone,32189,34230,corrupted,13.384912,7.886136,5.498777,0.05174504,0.00021173,True,3,her,her | the | Mia | Carol | a,14.5569 | 14.2155 | 13.3849 | 13.1811 | 13.1423
"When Liam and Jack arrived at the library, Liam passed the jacket to","When Gina and Jack arrived at the library, Gina passed the jacket to",Jack,Liam,Gina,BAB,2,the library,jacket,3619,31684,corrupted,16.802786,8.404391,8.398395,0.49295735,0.00011103,True,1,Jack,Jack | her | the | them | their,16.8028 | 15.1636 | 14.9068 | 14.5548 | 13.8271
"Once Rose and Uma were at the school, Rose brought the gift to","Once Amy and Uma were at the school, Amy brought the gift to",Uma,Rose,Amy,BAB,4,the school,gift,471,8049,corrupted,15.277126,10.666744,4.610382,0.1199116,0.00119288,True,2,her,her | U | the | them | Amy,16.3083 | 15.2771 | 14.9936 | 14.4781 | 14.2807
"When Sam and Iris went to the cafe, Iris gave the book to","When Sam and Fred went to the cafe, Fred gave the book to",Sam,Iris,Fred,ABB,0,the cafe,book,3409,34230,corrupted,16.829847,5.944153,10.885695,0.52246439,9.78e-06,True,1,Sam,Sam | the | a | his | them,16.8298 | 14.7038 | 14.3571 | 14.2008 | 14.1055
"While Fred and Frank were at the library, Fred delivered the bag to","While Victor and Frank were at the library, Victor delivered the bag to",Frank,Fred,Victor,BAB,5,the library,bag,5278,8559,corrupted,15.61756,10.79644,4.82112,0.3195636,0.00257497,True,1,Frank,Frank | the | his | Victor | a,15.6176 | 14.7637 | 14.4652 | 13.4793 | 13.3768
"As Gina and Carol walked through the beach, Gina offered the phone to","As Harry and Carol walked through the beach, Harry offered the phone to",Carol,Gina,Harry,BAB,6,the beach,phone,5074,43002,corrupted,17.363459,9.228106,8.135353,0.60293078,0.00017666,True,1,Carol,Carol | the | his | her | them,17.3635 | 14.7884 | 14.5872 | 14.1746 | 13.5432
"When Mia and Gina arrived at the school, Mia passed the book to","When Zach and Gina arrived at the school, Zach passed the book to",Gina,Mia,Zach,BAB,2,the school,book,43002,32189,corrupted,17.008675,8.096119,8.912556,0.63429356,8.543e-05,True,1,Gina,Gina | the | his | her | a,17.0087 | 14.7465 | 14.4572 | 14.2841 | 14.0553
"When Ella and David arrived at the theater, Ella passed the pen to","When Harry and David arrived at the theater, Harry passed the pen to",David,Ella,Harry,BAB,2,the theater,pen,3271,7122,corrupted,14.845459,6.891379,7.95408,0.13647644,4.793e-05,True,2,his,his | David | the | a | Hermione,15.2882 | 14.8455 | 14.4928 | 14.3360 | 12.8444
"Once Ella and Clara were at the beach, Clara brought the gift to","Once Ella and Xander were at the beach, Xander brought the gift to",Ella,Clara,Xander,ABB,4,the beach,gift,7122,27443,corrupted,15.298927,9.676681,5.622247,0.11512636,0.00041636,True,2,her,her | Ell | the | his | them,15.6239 | 15.2989 | 15.1602 | 14.7727 | 14.6960
"While David and Kate were at the restaurant, David delivered the jacket to","While Zach and Kate were at the restaurant, Zach delivered the jacket to",Kate,David,Zach,BAB,5,the restaurant,jacket,16693,3271,corrupted,16.521847,9.335181,7.186666,0.52297097,0.00039568,True,1,Kate,Kate | the | his | a | their,16.5218 | 14.7407 | 14.3723 | 14.1211 | 13.3470
"While Kate and Wendy were at the cafe, Kate delivered the jacket to","While Quinn and Wendy were at the cafe, Quinn delivered the jacket to",Wendy,Kate,Quinn,BAB,5,the cafe,jacket,28314,16693,corrupted,17.070829,8.757306,8.313523,0.68111783,0.000167,True,1,Wendy,Wendy | her | the | a | his,17.0708 | 14.9231 | 14.6097 | 13.8368 | 13.0063
"When Iris and Quinn arrived at the park, Quinn passed the book to","When Iris and Sam arrived at the park, Sam passed the book to",Iris,Quinn,Sam,ABB,2,the park,book,34230,16109,corrupted,16.793226,6.826365,9.966861,0.51099044,2.398e-05,True,1,Iris,Iris | Sam | the | her | a,16.7932 | 14.9552 | 14.4416 | 14.4233 | 13.9484
"As Olivia and Henry walked through the library, Henry offered the package to","As Olivia and Mia walked through the library, Mia offered the package to",Olivia,Henry,Mia,ABB,6,the library,package,33911,8616,corrupted,15.833254,9.8655,5.967753,0.28159443,0.00072088,True,1,Olivia,Olivia | her | the | Mia | them,15.8333 | 15.4093 | 14.6022 | 13.5334 | 13.4752
"As Zach and Harry walked through the cafe, Zach offered the bag to","As Wendy and Harry walked through the cafe, Wendy offered the bag to",Harry,Zach,Wendy,BAB,6,the cafe,bag,5850,18825,corrupted,17.932304,6.685755,11.246549,0.73191679,9.55e-06,True,1,Harry,Harry | the | her | them | a,17.9323 | 15.3665 | 15.0933 | 14.6955 | 13.6898
"When Ella and Fred went to the theater, Ella gave the note to","When Tara and Fred went to the theater, Tara gave the note to",Fred,Ella,Tara,BAB,0,the theater,note,8559,7122,corrupted,17.14316,7.153088,9.990072,0.63727891,2.922e-05,True,1,Fred,Fred | the | her | a | them,17.1432 | 14.9834 | 14.5881 | 13.4689 | 13.1187
"Once Xander and Zach were at the office, Xander brought the pen to","Once Henry and Zach were at the office, Henry brought the pen to",Zach,Xander,Henry,BAB,4,the office,pen,18825,46122,corrupted,14.801313,9.420724,5.380589,0.10302924,0.00047446,True,3,his,his | the | Zach | him | them,15.6874 | 15.1270 | 14.8013 | 14.3554 | 13.5885
"While Xander and Emma were at the gym, Emma delivered the book to","While Xander and Gina were at the gym, Gina delivered the book to",Xander,Emma,Gina,ABB,5,the gym,book,46122,18966,corrupted,16.816961,10.881462,5.935499,0.52287781,0.00138244,True,1,Xander,Xander | her | the | him | them,16.8170 | 14.9915 | 14.5245 | 13.5590 | 13.4710
"Once Wendy and Henry were at the museum, Henry brought the card to","Once Wendy and Liam were at the museum, Liam brought the card to",Wendy,Henry,Liam,ABB,4,the museum,card,28314,8616,corrupted,16.545599,9.781092,6.764507,0.38569152,0.00044509,True,1,Wendy,Wendy | the | her | them | his,16.5456 | 14.9878 | 14.8041 | 14.7116 | 14.1379
"Once Fred and Iris were at the station, Fred brought the book to","Once Alice and Iris were at the station, Alice brought the book to",Iris,Fred,Alice,BAB,4,the station,book,34230,8559,corrupted,14.960368,8.069436,6.890932,0.09544076,9.706e-05,True,3,her,her | the | Iris | them | Alice,16.2956 | 15.4530 | 14.9604 | 13.7972 | 13.6376
"While Ella and Xander were at the cafe, Xander delivered the card to","While Ella and Grace were at the cafe, Grace delivered the card to",Ella,Xander,Grace,ABB,5,the cafe,card,7122,46122,corrupted,13.622534,7.485456,6.137078,0.07261597,0.00015694,True,3,the,the | her | Ell | a | their,14.2326 | 14.1320 | 13.6225 | 13.1197 | 11.7886
"When Isla and Liam arrived at the station, Isla passed the ticket to","When Wendy and Liam arrived at the station, Wendy passed the ticket to",Liam,Isla,Wendy,BAB,2,the station,ticket,31684,1148,corrupted,15.54109,5.716299,9.824791,0.37161222,2.01e-05,True,1,Liam,Liam | the | her | a | them,15.5411 | 14.4444 | 14.0497 | 13.4584 | 13.1211
"When Paul and Mia arrived at the cafe, Mia passed the bag to","When Paul and Harry arrived at the cafe, Harry passed the bag to",Paul,Mia,Harry,ABB,2,the cafe,bag,3362,32189,corrupted,16.13106,8.512321,7.618738,0.35112071,0.00017246,True,1,Paul,Paul | the | his | them | Hermione,16.1311 | 14.8900 | 14.4959 | 14.0977 | 13.9958
"When Iris and Ella arrived at the hospital, Ella passed the map to","When Iris and Kate arrived at the hospital, Kate passed the map to",Iris,Ella,Kate,ABB,2,the hospital,map,34230,7122,corrupted,17.016905,5.496747,11.520158,0.65659726,6.52e-06,True,1,Iris,Iris | her | the | them | a,17.0169 | 15.1715 | 14.1447 | 13.3934 | 12.7878
"When David and Rose visited the hospital, David handed the phone to","When Gina and Rose visited the hospital, Gina handed the phone to",Rose,David,Gina,BAB,1,the hospital,phone,8049,3271,corrupted,14.949501,9.667717,5.281784,0.14760283,0.00075032,True,2,her,her | Rose | the | a | them,15.6683 | 14.9495 | 14.7823 | 13.7855 | 12.3925
"When Emma and Carol visited the office, Carol handed the map to","When Emma and Bob visited the office, Bob handed the map to",Emma,Carol,Bob,ABB,1,the office,map,18966,5074,corrupted,18.506113,9.372642,9.133471,0.8184998,8.839e-05,True,1,Emma,Emma | the | her | them | his,18.5061 | 15.1309 | 15.0494 | 14.9542 | 13.5534
"After Bob and Fred left the museum, Bob sent the book to","After Grace and Fred left the museum, Grace sent the book to",Fred,Bob,Grace,BAB,3,the museum,book,8559,5811,corrupted,15.075962,10.910485,4.165477,0.24051237,0.00373331,True,1,Fred,Fred | her | the | a | his,15.0760 | 14.5427 | 14.0354 | 12.9924 | 12.6733
"When Zach and Paul visited the beach, Zach handed the phone to","When Fred and Paul visited the beach, Fred handed the phone to",Paul,Zach,Fred,BAB,1,the beach,phone,3362,18825,corrupted,15.746916,8.020007,7.726909,0.247668,0.00010917,True,1,Paul,Paul | the | his | him | a,15.7469 | 15.0515 | 14.8120 | 14.1842 | 14.1174
"When Olivia and Paul arrived at the library, Paul passed the key to","When Olivia and Derek arrived at the library, Derek passed the key to",Olivia,Paul,Derek,ABB,2,the library,key,33911,3362,corrupted,11.950872,6.848438,5.102434,0.01007326,6.126e-05,True,7,the,the | their | his | a | her,15.7967 | 14.1036 | 14.0993 | 13.8340 | 13.6171
"After Iris and Amy left the market, Amy sent the map to","After Iris and Xander left the market, Xander sent the map to",Iris,Amy,Xander,ABB,3,the market,map,34230,14235,corrupted,14.495777,8.698968,5.796809,0.18962514,0.00057594,True,1,Iris,Iris | the | his | Xander | her,14.4958 | 13.9222 | 13.0052 | 12.8514 | 12.4190
"Once Grace and Wendy were at the station, Wendy brought the letter to","Once Grace and Amy were at the station, Amy brought the letter to",Grace,Wendy,Amy,ABB,4,the station,letter,16156,28314,corrupted,14.783942,9.858301,4.925641,0.09745547,0.00070734,True,3,her,her | the | Grace | Amy | them,14.9780 | 14.9141 | 14.7839 | 14.7595 | 13.9310
"When Ella and Bob arrived at the park, Ella passed the note to","When Henry and Bob arrived at the park, Henry passed the note to",Bob,Ella,Henry,BAB,2,the park,note,5811,7122,corrupted,15.698133,6.596085,9.102049,0.38089025,4.245e-05,True,1,Bob,Bob | his | the | them | a,15.6981 | 14.6947 | 14.3695 | 13.3632 | 13.1532
"When Wendy and Yara visited the office, Wendy handed the pen to","When Liam and Yara visited the office, Liam handed the pen to",Yara,Wendy,Liam,BAB,1,the office,pen,575,28314,corrupted,15.765153,9.105225,6.659928,0.33529046,0.00042959,True,1,Y,Y | the | his | them | a,15.7652 | 14.5513 | 14.0556 | 13.9125 | 13.5335
"When Tara and Grace arrived at the beach, Grace passed the phone to","When Tara and Bob arrived at the beach, Bob passed the phone to",Tara,Grace,Bob,ABB,2,the beach,phone,37723,16156,corrupted,16.690928,9.374439,7.316488,0.51001441,0.0003389,True,1,Tara,Tara | the | her | his | a,16.6909 | 14.4816 | 14.2384 | 14.1725 | 13.9150
"While Zach and David were at the library, Zach delivered the book to","While Grace and David were at the library, Grace delivered the book to",David,Zach,Grace,BAB,5,the library,book,3271,18825,corrupted,14.522347,8.57679,5.945558,0.12273081,0.00032124,True,2,her,her | David | the | a | one,14.9485 | 14.5223 | 14.3824 | 14.1530 | 12.3280
"While Fred and Amy were at the restaurant, Fred delivered the package to","While Iris and Amy were at the restaurant, Iris delivered the package to",Amy,Fred,Iris,BAB,5,the restaurant,package,14235,8559,corrupted,15.952904,6.791022,9.161881,0.4046748,4.248e-05,True,1,Amy,Amy | her | the | Iris | a,15.9529 | 14.9900 | 14.7295 | 13.0908 | 12.7896
"When Henry and Derek visited the theater, Derek handed the package to","When Henry and Emma visited the theater, Emma handed the package to",Henry,Derek,Emma,ABB,1,the theater,package,8616,20893,corrupted,17.437321,8.680762,8.756558,0.68313521,0.00010754,True,1,Henry,Henry | the | her | Emma | them,17.4373 | 14.7869 | 14.5513 | 14.0909 | 13.8228
"After Kate and David left the mall, Kate sent the pen to","After Grace and David left the mall, Grace sent the pen to",David,Kate,Grace,BAB,3,the mall,pen,3271,16693,corrupted,13.711048,9.01895,4.692099,0.07189713,0.00065911,True,3,her,her | the | David | a | his,14.7238 | 14.1021 | 13.7110 | 13.2224 | 12.6380
"While Mia and Harry were at the store, Mia delivered the phone to","While Bob and Harry were at the store, Bob delivered the phone to",Harry,Mia,Bob,BAB,5,the store,phone,5850,32189,corrupted,15.711571,7.020871,8.6907,0.30276296,5.091e-05,True,1,Harry,Harry | the | his | a | Ron,15.7116 | 14.5874 | 14.4052 | 13.7278 | 12.8309
"When Grace and Derek arrived at the store, Grace passed the note to","When Iris and Derek arrived at the store, Iris passed the note to",Derek,Grace,Iris,BAB,2,the store,note,20893,16156,corrupted,15.26195,5.325485,9.936464,0.3072744,1.487e-05,True,1,Derek,Derek | her | the | them | a,15.2619 | 14.7635 | 14.1201 | 14.0198 | 12.9965
"As Gina and Bob walked through the market, Bob offered the book to","As Gina and Yara walked through the market, Yara offered the book to",Gina,Bob,Yara,ABB,6,the market,book,43002,5811,corrupted,16.242495,8.506178,7.736317,0.40490407,0.00017681,True,1,Gina,Gina | her | the | Y | a,16.2425 | 15.2378 | 14.2908 | 14.2065 | 13.4651
"After Emma and David left the library, David sent the map to","After Emma and Alice left the library, Alice sent the map to",Emma,David,Alice,ABB,3,the library,map,18966,3271,corrupted,14.813026,9.709521,5.103505,0.15135105,0.00091952,True,1,Emma,Emma | her | the | Alice | a,14.8130 | 14.6641 | 14.4307 | 14.1767 | 12.5678
"When Fred and Liam visited the museum, Fred handed the jacket to","When Brian and Liam visited the museum, Brian handed the jacket to",Liam,Fred,Brian,BAB,1,the museum,jacket,31684,8559,corrupted,16.632835,6.523218,10.109618,0.50221097,2.043e-05,True,1,Liam,Liam | the | them | his | a,16.6328 | 14.8197 | 14.8140 | 14.1961 | 13.8967
"When Uma and Mia went to the park, Uma gave the letter to","When Gina and Mia went to the park, Gina gave the letter to",Mia,Uma,Gina,BAB,0,the park,letter,32189,471,corrupted,14.992138,7.755328,7.23681,0.25645718,0.00018455,True,1,Mia,Mia | her | the | a | them,14.9921 | 14.5999 | 14.4446 | 12.9051 | 12.1809
"When Wendy and Jack arrived at the market, Wendy passed the wallet to","When Tara and Jack arrived at the market, Tara passed the wallet to",Jack,Wendy,Tara,BAB,2,the market,wallet,3619,28314,corrupted,16.817524,8.917002,7.900522,0.56438488,0.00020913,True,1,Jack,Jack | the | her | them | a,16.8175 | 14.8268 | 14.7182 | 14.0879 | 13.6151
"When Liam and Fred arrived at the theater, Fred passed the key to","When Liam and Noah arrived at the theater, Noah passed the key to",Liam,Fred,Noah,ABB,2,the theater,key,31684,8559,corrupted,10.038601,7.181546,2.857055,0.00150393,8.638e-05,True,18,the,the | his | a | their | Noah,15.9727 | 13.9802 | 13.9146 | 13.3593 | 12.2580
"As Tara and Derek walked through the mall, Derek offered the gift to","As Tara and Uma walked through the mall, Uma offered the gift to",Tara,Derek,Uma,ABB,6,the mall,gift,37723,20893,corrupted,16.507912,6.156336,10.351576,0.46996012,1.501e-05,True,1,Tara,Tara | her | U | the | them,16.5079 | 15.4431 | 14.4621 | 14.3954 | 13.8786
"When David and Jack went to the library, David gave the gift to","When Isla and Jack went to the library, Isla gave the gift to",Jack,David,Isla,BAB,0,the library,gift,3619,3271,corrupted,17.097118,7.730392,9.366726,0.73587811,6.293e-05,True,1,Jack,Jack | the | her | them | his,17.0971 | 14.3460 | 13.9256 | 13.5227 | 13.4433
"As Ella and Harry walked through the museum, Harry offered the map to","As Ella and Amy walked through the museum, Amy offered the map to",Ella,Harry,Amy,ABB,6,the museum,map,7122,5850,corrupted,15.031647,10.859193,4.172454,0.12883005,0.00198584,True,1,Ell,Ell | the | her | Amy | them,15.0316 | 14.9242 | 14.7974 | 14.6335 | 14.1669
"When Victor and Frank went to the restaurant, Victor gave the package to","When Clara and Frank went to the restaurant, Clara gave the package to",Frank,Victor,Clara,BAB,0,the restaurant,package,5278,12622,corrupted,16.919132,8.550441,8.368691,0.5527001,0.00012824,True,1,Frank,Frank | her | the | them | a,16.9191 | 15.2358 | 15.0795 | 13.6915 | 13.3950
"After Zach and Yara left the library, Zach sent the card to","After Bob and Yara left the library, Bob sent the card to",Yara,Zach,Bob,BAB,3,the library,card,575,18825,corrupted,15.591944,8.267393,7.324551,0.31218582,0.00020578,True,1,Y,Y | the | his | Bob | a,15.5919 | 14.0104 | 14.0015 | 12.9592 | 12.8025
"When Sam and Paul went to the restaurant, Paul gave the letter to","When Sam and Emma went to the restaurant, Emma gave the letter to",Sam,Paul,Emma,ABB,0,the restaurant,letter,3409,3362,corrupted,16.063276,9.58326,6.480017,0.40976059,0.00062848,True,1,Sam,Sam | the | her | Dean | them,16.0633 | 14.6306 | 14.3750 | 13.4285 | 13.2917
"Once Amy and Gina were at the park, Amy brought the letter to","Once Jack and Gina were at the park, Jack brought the letter to",Gina,Amy,Jack,BAB,4,the park,letter,43002,14235,corrupted,16.160837,9.808909,6.351928,0.37905627,0.00066084,True,1,Gina,Gina | the | his | her | them,16.1608 | 14.6400 | 14.1942 | 14.1573 | 13.1159
"When Noah and Uma visited the beach, Noah handed the jacket to","When Mia and Uma visited the beach, Mia handed the jacket to",Uma,Noah,Mia,BAB,1,the beach,jacket,471,18394,corrupted,16.39275,7.593246,8.799503,0.42623594,6.428e-05,True,1,U,U | her | the | Mia | a,16.3927 | 15.2759 | 14.8186 | 14.1503 | 13.5585
"While Victor and Paul were at the market, Victor delivered the trophy to","While Derek and Paul were at the market, Derek delivered the trophy to",Paul,Victor,Derek,BAB,5,the market,trophy,3362,12622,corrupted,14.4971,8.365712,6.131388,0.20254132,0.00044024,True,1,Paul,Paul | his | the | a | their,14.4971 | 14.1420 | 14.0756 | 13.1046 | 11.8120
"When Frank and Bob visited the cafe, Bob handed the letter to","When Frank and Quinn visited the cafe, Quinn handed the letter to",Frank,Bob,Quinn,ABB,1,the cafe,letter,5278,5811,corrupted,16.709261,8.997832,7.711429,0.67341596,0.00030148,True,1,Frank,Frank | the | her | Quinn | a,16.7093 | 14.4434 | 12.9325 | 12.9313 | 12.7688
"As Rose and Amy walked through the park, Amy offered the ticket to","As Rose and Quinn walked through the park, Quinn offered the ticket to",Rose,Amy,Quinn,ABB,6,the park,ticket,8049,14235,corrupted,15.080997,9.443272,5.637726,0.23103169,0.00082269,True,1,Rose,Rose | the | Quinn | her | a,15.0810 | 14.4254 | 14.1404 | 13.8966 | 13.1955
"While Victor and Quinn were at the school, Quinn delivered the jacket to","While Victor and Fred were at the school, Fred delivered the jacket to",Victor,Quinn,Fred,ABB,5,the school,jacket,12622,16109,corrupted,16.174782,5.746088,10.428694,0.46596798,1.378e-05,True,1,Victor,Victor | the | a | his | Fred,16.1748 | 14.4613 | 13.7292 | 13.4063 | 13.3445
"When David and Alice arrived at the office, Alice passed the wallet to","When David and Noah arrived at the office, Noah passed the wallet to",David,Alice,Noah,ABB,2,the office,wallet,3271,14862,corrupted,15.873281,8.791241,7.082041,0.24624003,0.00020686,True,1,David,David | his | the | Noah | a,15.8733 | 15.1241 | 14.9360 | 14.5572 | 14.4867
"When Isla and Zach arrived at the office, Isla passed the jacket to","When Frank and Zach arrived at the office, Frank passed the jacket to",Zach,Isla,Frank,BAB,2,the office,jacket,18825,1148,corrupted,16.844816,6.925643,9.919173,0.54363912,2.676e-05,True,1,Zach,Zach | the | his | a | them,16.8448 | 14.8105 | 14.4559 | 14.0473 | 13.3529
"After Sam and Frank left the store, Sam sent the letter to","After Bob and Frank left the store, Bob sent the letter to",Frank,Sam,Bob,BAB,3,the store,letter,5278,3409,corrupted,15.179791,9.285455,5.894337,0.27917212,0.00076912,True,1,Frank,Frank | the | his | Bob | their,15.1798 | 14.5398 | 14.3629 | 12.5873 | 12.5557
"While Fred and Isla were at the restaurant, Isla delivered the ticket to","While Fred and Sam were at the restaurant, Sam delivered the ticket to",Fred,Isla,Sam,ABB,5,the restaurant,ticket,8559,1148,corrupted,15.594029,6.727023,8.867007,0.27274156,3.845e-05,True,1,Fred,Fred | the | Sam | his | a,15.5940 | 14.9782 | 14.3538 | 13.7322 | 13.3996
"As Harry and Fred walked through the store, Harry offered the card to","As Xander and Fred walked through the store, Xander offered the card to",Fred,Harry,Xander,BAB,6,the store,card,8559,5850,corrupted,16.549862,11.876379,4.673483,0.40047011,0.00374026,True,1,Fred,Fred | the | Xander | them | his,16.5499 | 15.1344 | 14.8078 | 14.2962 | 14.2383
"When Jack and Wendy went to the mall, Jack gave the gift to","When Grace and Wendy went to the mall, Grace gave the gift to",Wendy,Jack,Grace,BAB,0,the mall,gift,28314,3619,corrupted,16.658737,7.996579,8.662158,0.52968979,9.164e-05,True,1,Wendy,Wendy | her | the | a | their,16.6587 | 15.3644 | 14.7931 | 14.1930 | 13.0027
"After Tara and Brian left the cafe, Brian sent the key to","After Tara and Quinn left the cafe, Quinn sent the key to",Tara,Brian,Quinn,ABB,3,the cafe,key,37723,8403,corrupted,14.738081,9.827974,4.910107,0.18808147,0.00138648,True,1,Tara,Tara | the | her | Quinn | a,14.7381 | 14.4533 | 14.2023 | 14.0246 | 12.6459
"When Amy and Henry went to the park, Amy gave the key to","When Clara and Henry went to the park, Clara gave the key to",Henry,Amy,Clara,BAB,0,the park,key,8616,14235,corrupted,15.733465,8.614963,7.118503,0.33703369,0.00027299,True,1,Henry,Henry | the | her | a | their,15.7335 | 15.5213 | 14.2038 | 13.2414 | 12.8982
"When Bob and Noah visited the park, Bob handed the bag to","When Gina and Noah visited the park, Gina handed the bag to",Noah,Bob,Gina,BAB,1,the park,bag,18394,5811,corrupted,17.580683,8.952497,8.628185,0.75357467,0.00013488,True,1,Noah,Noah | the | her | them | a,17.5807 | 14.8731 | 14.7791 | 14.2204 | 13.1514
"When Clara and Amy went to the hospital, Clara gave the key to","When Yara and Amy went to the hospital, Yara gave the key to",Amy,Clara,Yara,BAB,0,the hospital,key,14235,27443,corrupted,15.375679,7.781177,7.594502,0.24977604,0.00012569,True,2,the,the | Amy | her | Y | their,15.4275 | 15.3757 | 14.6438 | 13.5787 | 13.1902
"When Uma and Noah arrived at the park, Uma passed the letter to","When Amy and Noah arrived at the park, Amy passed the letter to",Noah,Uma,Amy,BAB,2,the park,letter,18394,471,corrupted,16.075829,7.297507,8.778321,0.44174823,6.805e-05,True,1,Noah,Noah | her | the | them | a,16.0758 | 15.0330 | 14.2536 | 13.4757 | 13.1447
"After David and Victor left the gym, Victor sent the map to","After David and Henry left the gym, Henry sent the map to",David,Victor,Henry,ABB,3,the gym,map,3271,12622,corrupted,13.285281,8.657729,4.627552,0.05155167,0.00050411,True,3,his,his | the | David | a | Henry,14.2950 | 14.0311 | 13.2853 | 12.4974 | 12.4923
"As Kate and Mia walked through the restaurant, Mia offered the book to","As Kate and Iris walked through the restaurant, Iris offered the book to",Kate,Mia,Iris,ABB,6,the restaurant,book,16693,32189,corrupted,16.083096,8.903762,7.179334,0.26391798,0.00020115,True,1,Kate,Kate | her | Iris | the | them,16.0831 | 15.3731 | 15.3693 | 14.8279 | 14.4286
"While Zach and Gina were at the store, Zach delivered the package to","While Henry and Gina were at the store, Henry delivered the package to",Gina,Zach,Henry,BAB,5,the store,package,43002,18825,corrupted,16.440878,7.378047,9.062831,0.52752542,6.114e-05,True,1,Gina,Gina | the | his | her | their,16.4409 | 14.7169 | 14.4446 | 14.1201 | 13.5124
"When Clara and Frank arrived at the museum, Clara passed the key to","When Tara and Frank arrived at the museum, Tara passed the key to",Frank,Clara,Tara,BAB,2,the museum,key,5278,27443,corrupted,12.104897,5.467069,6.637828,0.01073041,1.406e-05,True,6,the,the | their | her | a | his,16.0969 | 14.0610 | 13.7148 | 13.6332 | 12.3569
"When Clara and Rose went to the beach, Clara gave the pen to","When Jack and Rose went to the beach, Jack gave the pen to",Rose,Clara,Jack,BAB,0,the beach,pen,8049,27443,corrupted,16.493076,8.169312,8.323764,0.52669531,0.00012782,True,1,Rose,Rose | his | the | a | her,16.4931 | 14.7579 | 14.6347 | 13.7114 | 13.2420
"While Emma and Derek were at the museum, Derek delivered the gift to","While Emma and Tara were at the museum, Tara delivered the gift to",Emma,Derek,Tara,ABB,5,the museum,gift,18966,20893,corrupted,15.116449,8.284492,6.831957,0.17366953,0.00018735,True,2,her,her | Emma | the | a | Tara,15.1954 | 15.1164 | 14.6468 | 13.2169 | 13.1161
"After Derek and Alice left the cafe, Alice sent the phone to","After Derek and Jack left the cafe, Jack sent the phone to",Derek,Alice,Jack,ABB,3,the cafe,phone,20893,14862,corrupted,15.079175,9.073143,6.006032,0.22921871,0.00056476,True,1,Derek,Derek | his | the | a | Jack,15.0792 | 14.4653 | 14.2817 | 12.9161 | 12.7905
"When Emma and Paul went to the mall, Paul gave the pen to","When Emma and Zach went to the mall, Zach gave the pen to",Emma,Paul,Zach,ABB,0,the mall,pen,18966,3362,corrupted,17.432573,9.315476,8.117097,0.77459961,0.00023114,True,1,Emma,Emma | her | the | his | a,17.4326 | 14.3030 | 14.0114 | 13.6874 | 13.5591
"When Yara and Frank visited the school, Frank handed the map to","When Yara and Isla visited the school, Isla handed the map to",Yara,Frank,Isla,ABB,1,the school,map,575,5278,corrupted,15.635758,7.768666,7.867093,0.30209652,0.00011575,True,1,Y,Y | the | her | them | him,15.6358 | 14.7176 | 14.4859 | 14.0434 | 12.9641
"When Emma and Ella arrived at the museum, Ella passed the letter to","When Emma and Carol arrived at the museum, Carol passed the letter to",Emma,Ella,Carol,ABB,2,the museum,letter,18966,7122,corrupted,15.440229,6.907386,8.532844,0.23646414,4.656e-05,True,2,her,her | Emma | the | a | them,15.4683 | 15.4402 | 14.4196 | 13.4525 | 13.3121
"When Kate and Olivia went to the theater, Kate gave the map to","When Clara and Olivia went to the theater, Clara gave the map to",Olivia,Kate,Clara,BAB,0,the theater,map,33911,16693,corrupted,15.786847,8.708109,7.078738,0.3351461,0.00028247,True,1,Olivia,Olivia | her | the | them | a,15.7868 | 14.9084 | 14.6650 | 13.6538 | 13.0147
"When Emma and David went to the mall, David gave the book to","When Emma and Olivia went to the mall, Olivia gave the book to",Emma,David,Olivia,ABB,0,the mall,book,18966,3271,corrupted,16.257908,10.099711,6.158196,0.30167091,0.00063836,True,1,Emma,Emma | her | the | a | them,16.2579 | 15.9116 | 14.6599 | 14.4446 | 14.2166
"While Bob and Ella were at the theater, Ella delivered the wallet to","While Bob and Quinn were at the theater, Quinn delivered the wallet to",Bob,Ella,Quinn,ABB,5,the theater,wallet,5811,7122,corrupted,14.95149,7.531456,7.420034,0.23701927,0.00014201,True,1,Bob,Bob | the | Quinn | a | her,14.9515 | 13.9601 | 13.3261 | 13.2957 | 13.1968
"When Rose and Paul arrived at the restaurant, Rose passed the ticket to","When Zach and Paul arrived at the restaurant, Zach passed the ticket to",Paul,Rose,Zach,BAB,2,the restaurant,ticket,3362,8049,corrupted,15.224222,7.903612,7.32061,0.29426664,0.00019473,True,1,Paul,Paul | the | his | a | their,15.2242 | 14.5371 | 14.1477 | 13.6949 | 12.7313
"As Noah and Clara walked through the gym, Clara offered the gift to","As Noah and Paul walked through the gym, Paul offered the gift to",Noah,Clara,Paul,ABB,6,the gym,gift,18394,27443,corrupted,17.736034,5.019785,12.716249,0.78861749,2.37e-06,True,1,Noah,Noah | the | his | them | Paul,17.7360 | 14.6287 | 14.2397 | 13.9884 | 13.5330
"While Sam and Derek were at the office, Derek delivered the trophy to","While Sam and Emma were at the office, Emma delivered the trophy to",Sam,Derek,Emma,ABB,5,the office,trophy,3409,20893,corrupted,15.269991,8.719437,6.550554,0.22493093,0.0003215,True,1,Sam,Sam | her | the | a | Dean,15.2700 | 14.6695 | 14.5173 | 13.1756 | 13.0768
"Once Derek and Mia were at the school, Derek brought the package to","Once Grace and Mia were at the school, Grace brought the package to",Mia,Derek,Grace,BAB,4,the school,package,32189,20893,corrupted,14.366626,5.9834,8.383226,0.09399023,2.149e-05,True,3,her,her | the | Mia | school | them,15.1638 | 15.1239 | 14.3666 | 13.5903 | 12.9047
"When Sam and Brian visited the office, Brian handed the key to","When Sam and Fred visited the office, Fred handed the key to",Sam,Brian,Fred,ABB,1,the office,key,3409,8403,corrupted,14.957267,9.473483,5.483784,0.22216006,0.00092276,True,2,the,the | Sam | a | his | Fred,15.0677 | 14.9573 | 13.3695 | 13.3351 | 13.0989
"After Paul and Isla left the market, Isla sent the bag to","After Paul and Iris left the market, Iris sent the bag to",Paul,Isla,Iris,ABB,3,the market,bag,3362,1148,corrupted,14.423897,7.189124,7.234773,0.22330923,0.00016102,True,1,Paul,Paul | the | her | Iris | a,14.4239 | 13.6987 | 12.9213 | 12.6474 | 12.2033
"While Alice and Quinn were at the office, Quinn delivered the book to","While Alice and Xander were at the office, Xander delivered the book to",Alice,Quinn,Xander,ABB,5,the office,book,14862,16109,corrupted,15.837042,8.806562,7.030479,0.23655666,0.00020924,True,1,Alice,Alice | the | her | his | them,15.8370 | 14.7924 | 14.5907 | 14.5044 | 13.7272
"As Clara and Gina walked through the museum, Gina offered the gift to","As Clara and Jack walked through the museum, Jack offered the gift to",Clara,Gina,Jack,ABB,6,the museum,gift,27443,43002,corrupted,18.645256,8.488596,10.15666,0.87214881,3.385e-05,True,1,Clara,Clara | her | the | his | a,18.6453 | 14.8944 | 14.8063 | 14.2591 | 13.5279
"Once Rose and Noah were at the park, Rose brought the wallet to","Once Emma and Noah were at the park, Emma brought the wallet to",Noah,Rose,Emma,BAB,4,the park,wallet,18394,8049,corrupted,16.12936,8.287153,7.842207,0.29812357,0.0001171,True,1,Noah,Noah | the | her | Emma | them,16.1294 | 15.4256 | 15.3033 | 14.7308 | 13.7881
"As Olivia and Grace walked through the hospital, Grace offered the bag to","As Olivia and Wendy walked through the hospital, Wendy offered the bag to",Olivia,Grace,Wendy,ABB,6,the hospital,bag,33911,16156,corrupted,16.487877,9.54187,6.946007,0.38485706,0.00037041,True,1,Olivia,Olivia | her | the | Wendy | them,16.4879 | 15.7277 | 14.8222 | 13.9299 | 13.7637
"While Victor and Emma were at the gym, Victor delivered the map to","While Rose and Emma were at the gym, Rose delivered the map to",Emma,Victor,Rose,BAB,5,the gym,map,18966,12622,corrupted,16.53528,8.328734,8.206546,0.53222549,0.00014522,True,1,Emma,Emma | her | the | them | a,16.5353 | 15.0030 | 14.6626 | 12.9011 | 12.5366
"When Fred and Brian visited the museum, Brian handed the card to","When Fred and Liam visited the museum, Liam handed the card to",Fred,Brian,Liam,ABB,1,the museum,card,8559,8403,corrupted,16.253912,11.017481,5.236431,0.38890705,0.00206868,True,1,Fred,Fred | the | them | his | a,16.2539 | 14.8440 | 14.2738 | 13.8555 | 13.4590
"As Frank and Henry walked through the school, Frank offered the key to","As Kate and Henry walked through the school, Kate offered the key to",Henry,Frank,Kate,BAB,6,the school,key,8616,5278,corrupted,12.389729,8.427984,3.961744,0.01232746,0.00023459,True,7,the,the | their | her | unlocking | a,15.4504 | 14.4819 | 14.3824 | 14.0924 | 13.7193
"While Frank and Emma were at the cafe, Frank delivered the card to","While Sam and Emma were at the cafe, Sam delivered the card to",Emma,Frank,Sam,BAB,5,the cafe,card,18966,5278,corrupted,16.752563,9.023346,7.729218,0.53463763,0.00023513,True,1,Emma,Emma | the | his | her | a,16.7526 | 14.7413 | 14.4967 | 14.4056 | 13.9597
"As Amy and Ella walked through the restaurant, Ella offered the bag to","As Amy and Mia walked through the restaurant, Mia offered the bag to",Amy,Ella,Mia,ABB,6,the restaurant,bag,14235,7122,corrupted,17.027081,6.912494,10.114587,0.48262188,1.954e-05,True,1,Amy,Amy | her | the | them | Mia,17.0271 | 15.3253 | 15.2048 | 14.3286 | 13.8782
"Once Ella and Henry were at the library, Ella brought the phone to","Once Noah and Henry were at the library, Noah brought the phone to",Henry,Ella,Noah,BAB,4,the library,phone,8616,7122,corrupted,14.57515,10.154014,4.421137,0.08769286,0.00105412,True,3,the,the | his | Henry | him | Noah,15.1656 | 15.1064 | 14.5752 | 14.3314 | 14.1460
"While Sam and David were at the beach, David delivered the package to","While Sam and Frank were at the beach, Frank delivered the package to",Sam,David,Frank,ABB,5,the beach,package,3409,3271,corrupted,14.913456,9.282753,5.630703,0.19393663,0.00069547,True,1,Sam,Sam | the | his | a | their,14.9135 | 14.3233 | 14.1870 | 13.4725 | 12.6905
"When Brian and Victor visited the theater, Brian handed the note to","When Derek and Victor visited the theater, Derek handed the note to",Victor,Brian,Derek,BAB,1,the theater,note,12622,8403,corrupted,18.075541,9.022433,9.053107,0.82986677,9.712e-05,True,1,Victor,Victor | the | his | a | him,18.0755 | 14.9586 | 14.9320 | 13.6674 | 12.9401
"After Wendy and Quinn left the park, Wendy sent the bag to","After Bob and Quinn left the park, Bob sent the bag to",Quinn,Wendy,Bob,BAB,3,the park,bag,16109,28314,corrupted,15.035532,8.524226,6.511306,0.25955456,0.00038584,True,1,Quinn,Quinn | the | his | Bob | a,15.0355 | 14.1005 | 13.7754 | 13.2631 | 12.8878
"When Tara and David went to the store, Tara gave the jacket to","When Liam and David went to the store, Liam gave the jacket to",David,Tara,Liam,BAB,0,the store,jacket,3271,37723,corrupted,15.611971,7.445679,8.166292,0.20887223,5.933e-05,True,1,David,David | the | his | them | a,15.6120 | 15.1407 | 14.7077 | 14.6264 | 14.0603
"When Isla and Victor went to the mall, Victor gave the key to","When Isla and Bob went to the mall, Bob gave the key to",Isla,Victor,Bob,ABB,0,the mall,key,1148,12622,corrupted,11.24437,8.561072,2.683298,0.00490531,0.00033522,True,15,the,the | Bob | Alice | his | a,15.0929 | 14.2503 | 14.0572 | 13.7305 | 13.3894
"When Kate and Noah went to the market, Kate gave the map to","When Sam and Noah went to the market, Sam gave the map to",Noah,Kate,Sam,BAB,0,the market,map,18394,16693,corrupted,17.367311,9.059316,8.307996,0.75628096,0.00018645,True,1,Noah,Noah | the | his | a | him,17.3673 | 14.5374 | 14.0264 | 13.1315 | 12.8674
"Once Harry and Derek were at the office, Derek brought the trophy to","Once Harry and David were at the office, David brought the trophy to",Harry,Derek,David,ABB,4,the office,trophy,5850,20893,corrupted,16.619091,8.884918,7.734173,0.26265815,0.00011494,True,1,Harry,Harry | his | the | Hermione | him,16.6191 | 16.2154 | 15.8691 | 15.1034 | 14.9421
"When Harry and Rose arrived at the station, Harry passed the pen to","When Emma and Rose arrived at the station, Emma passed the pen to",Rose,Harry,Emma,BAB,2,the station,pen,8049,5850,corrupted,15.428046,10.030281,5.397765,0.24498083,0.00110895,True,1,Rose,Rose | her | the | a | Emma,15.4280 | 15.4003 | 14.6118 | 13.6683 | 12.8083
"After Rose and Isla left the museum, Isla sent the map to","After Rose and Ella left the museum, Ella sent the map to",Rose,Isla,Ella,ABB,3,the museum,map,8049,1148,corrupted,13.815456,6.77569,7.039766,0.09614062,8.425e-05,True,3,her,her | the | Rose | Ell | a,14.1985 | 14.0058 | 13.8155 | 12.3507 | 12.1606
"After Uma and Ella left the gym, Ella sent the letter to","After Uma and Harry left the gym, Harry sent the letter to",Uma,Ella,Harry,ABB,3,the gym,letter,471,7122,corrupted,14.640477,7.003412,7.637065,0.11231153,5.416e-05,True,1,U,U | his | the | Harry | Hermione,14.6405 | 14.4412 | 14.2259 | 14.0199 | 13.9936
"When Derek and Harry visited the mall, Harry handed the map to","When Derek and Wendy visited the mall, Wendy handed the map to",Derek,Harry,Wendy,ABB,1,the mall,map,20893,5850,corrupted,16.163446,9.312085,6.851361,0.35453141,0.0003751,True,1,Derek,Derek | them | the | her | him,16.1634 | 15.3157 | 15.0498 | 14.2708 | 13.8796
"When Harry and Emma arrived at the mall, Harry passed the bag to","When Alice and Emma arrived at the mall, Alice passed the bag to",Emma,Harry,Alice,BAB,2,the mall,bag,18966,5850,corrupted,16.381441,9.739554,6.641887,0.33062315,0.00043132,True,1,Emma,Emma | her | the | a | them,16.3814 | 16.3116 | 15.0436 | 14.1796 | 13.5321
"When Mia and Amy visited the school, Mia handed the wallet to","When Harry and Amy visited the school, Harry handed the wallet to",Amy,Mia,Harry,BAB,1,the school,wallet,14235,32189,corrupted,17.881819,8.30883,9.572989,0.63929313,4.448e-05,True,1,Amy,Amy | the | his | them | her,17.8818 | 15.9308 | 15.0958 | 14.7995 | 14.5727
"When Jack and Yara went to the school, Jack gave the trophy to","When David and Yara went to the school, David gave the trophy to",Yara,Jack,David,BAB,0,the school,trophy,575,3619,corrupted,15.487846,8.595861,6.891985,0.26369473,0.00026789,True,1,Y,Y | his | the | a | them,15.4878 | 14.9032 | 14.5141 | 13.8934 | 13.1985
"Once Jack and Victor were at the school, Victor brought the letter to","Once Jack and Frank were at the school, Frank brought the letter to",Jack,Victor,Frank,ABB,4,the school,letter,3619,12622,corrupted,14.66853,8.184139,6.48439,0.1412044,0.00021563,True,1,Jack,Jack | the | them | his | him,14.6685 | 14.5223 | 13.9690 | 13.6809 | 13.2763
"As Ella and Emma walked through the park, Emma offered the gift to","As Ella and Frank walked through the park, Frank offered the gift to",Ella,Emma,Frank,ABB,6,the park,gift,7122,18966,corrupted,15.477594,10.347656,5.129938,0.23678572,0.00140104,True,1,Ell,Ell | the | her | his | a,15.4776 | 14.6261 | 14.5499 | 14.0829 | 13.6194
"When Derek and Xander arrived at the beach, Derek passed the book to","When Fred and Xander arrived at the beach, Fred passed the book to",Xander,Derek,Fred,BAB,2,the beach,book,46122,20893,corrupted,16.416201,7.471493,8.944707,0.39733368,5.182e-05,True,1,Xander,Xander | his | the | a | them,16.4162 | 15.2256 | 15.0824 | 14.4986 | 13.4312
"When Mia and Isla went to the mall, Mia gave the bag to","When Xander and Isla went to the mall, Xander gave the bag to",Isla,Mia,Xander,BAB,0,the mall,bag,1148,32189,corrupted,17.055847,10.152128,6.903719,0.54996157,0.00055219,True,1,Is,Is | the | Xander | his | them,17.0558 | 14.9859 | 14.4672 | 14.3800 | 14.1217
"When Kate and Olivia visited the school, Kate handed the package to","When Grace and Olivia visited the school, Grace handed the package to",Olivia,Kate,Grace,BAB,1,the school,package,33911,16693,corrupted,15.932516,8.954781,6.977736,0.31418416,0.00029295,True,1,Olivia,Olivia | her | the | a | them,15.9325 | 15.5969 | 14.9733 | 13.5488 | 13.2145
"While Kate and Isla were at the restaurant, Kate delivered the key to","While Uma and Isla were at the restaurant, Uma delivered the key to",Isla,Kate,Uma,BAB,5,the restaurant,key,1148,16693,corrupted,15.401402,7.507734,7.893668,0.34211618,0.00012764,True,1,Is,Is | the | her | his | U,15.4014 | 14.9652 | 13.7441 | 12.8556 | 12.8482
"As Carol and Emma walked through the theater, Emma offered the pen to","As Carol and Mia walked through the theater, Mia offered the pen to",Carol,Emma,Mia,ABB,6,the theater,pen,5074,18966,corrupted,15.268241,9.524445,5.743796,0.2601189,0.00083305,True,1,Carol,Carol | her | the | a | Mia,15.2682 | 14.5443 | 13.9494 | 13.2210 | 12.5599
"When Brian and Uma went to the cafe, Brian gave the wallet to","When Henry and Uma went to the cafe, Henry gave the wallet to",Uma,Brian,Henry,BAB,0,the cafe,wallet,471,8403,corrupted,16.36824,7.431057,8.937183,0.4711509,6.191e-05,True,1,U,U | the | his | them | her,16.3682 | 14.9033 | 14.5862 | 13.6799 | 13.5522
"When Xander and Ella arrived at the museum, Ella passed the jacket to","When Xander and Harry arrived at the museum, Harry passed the jacket to",Xander,Ella,Harry,ABB,2,the museum,jacket,46122,7122,corrupted,15.761604,6.308609,9.452995,0.26295587,2.063e-05,True,1,Xander,Xander | the | his | a | Harry,15.7616 | 15.0490 | 14.6994 | 14.2322 | 13.6120
"When Harry and Iris visited the restaurant, Iris handed the package to","When Harry and Yara visited the restaurant, Yara handed the package to",Harry,Iris,Yara,ABB,1,the restaurant,package,5850,34230,corrupted,17.079355,7.186719,9.892636,0.65069574,3.289e-05,True,1,Harry,Harry | the | them | Y | her,17.0794 | 14.9154 | 13.9844 | 13.3923 | 13.1823
"After Alice and Quinn left the station, Alice sent the trophy to","After Victor and Quinn left the station, Victor sent the trophy to",Quinn,Alice,Victor,BAB,3,the station,trophy,16109,14862,corrupted,15.424437,8.110522,7.313914,0.48137525,0.00032069,True,1,Quinn,Quinn | the | his | him | Victor,15.4244 | 13.3770 | 13.3379 | 12.4124 | 12.2041
"While Emma and Iris were at the park, Iris delivered the ticket to","While Emma and Uma were at the park, Uma delivered the ticket to",Emma,Iris,Uma,ABB,5,the park,ticket,18966,34230,corrupted,15.882555,6.410056,9.472499,0.39823514,3.064e-05,True,1,Emma,Emma | her | the | U | a,15.8826 | 14.5657 | 14.4947 | 13.2763 | 12.8516
"Once Noah and Gina were at the gym, Noah brought the note to","Once Jack and Gina were at the gym, Jack brought the note to",Gina,Noah,Jack,BAB,4,the gym,note,43002,18394,corrupted,16.786964,7.110935,9.676029,0.50885254,3.194e-05,True,1,Gina,Gina | his | her | the | him,16.7870 | 14.9453 | 14.6493 | 14.4140 | 13.3494
"After Paul and Kate left the store, Kate sent the letter to","After Paul and Liam left the store, Liam sent the letter to",Paul,Kate,Liam,ABB,3,the store,letter,3362,16693,corrupted,14.859572,8.970025,5.889547,0.24298812,0.00067265,True,1,Paul,Paul | the | his | Liam | them,14.8596 | 14.1615 | 13.3461 | 12.6997 | 12.5748
"When Xander and Zach went to the school, Xander gave the package to","When Gina and Zach went to the school, Gina gave the package to",Zach,Xander,Gina,BAB,0,the school,package,18825,46122,corrupted,16.639513,9.504379,7.135134,0.50982249,0.00040613,True,1,Zach,Zach | the | her | them | their,16.6395 | 14.8503 | 14.7655 | 14.5143 | 13.6712
"After Yara and Isla left the theater, Isla sent the jacket to","After Yara and Victor left the theater, Victor sent the jacket to",Yara,Isla,Victor,ABB,3,the theater,jacket,575,1148,corrupted,14.836996,7.754323,7.082673,0.18230599,0.00015305,True,1,Y,Y | Victor | the | his | her,14.8370 | 14.8360 | 13.7742 | 13.4828 | 13.2529
"When Ella and Noah visited the beach, Ella handed the package to","When Emma and Noah visited the beach, Emma handed the package to",Noah,Ella,Emma,BAB,1,the beach,package,18394,7122,corrupted,18.168755,7.547822,10.620932,0.81187701,1.981e-05,True,1,Noah,Noah | her | the | Emma | them,18.1688 | 15.2714 | 14.9403 | 13.8901 | 13.7800
"Once Yara and Carol were at the school, Yara brought the card to","Once Zach and Carol were at the school, Zach brought the card to",Carol,Yara,Zach,BAB,4,the school,card,5074,575,corrupted,16.146721,8.769733,7.376987,0.39424479,0.00024659,True,1,Carol,Carol | the | her | his | them,16.1467 | 14.6028 | 13.6373 | 13.5521 | 13.2764
"When Jack and David went to the school, Jack gave the bag to","When Grace and David went to the school, Grace gave the bag to",David,Jack,Grace,BAB,0,the school,bag,3271,3619,corrupted,15.398082,8.259209,7.138873,0.21014883,0.00016678,True,1,David,David | her | the | them | their,15.3981 | 15.0164 | 14.9208 | 14.0628 | 13.7142
"When Kate and Fred visited the restaurant, Kate handed the wallet to","When Xander and Fred visited the restaurant, Xander handed the wallet to",Fred,Kate,Xander,BAB,1,the restaurant,wallet,8559,16693,corrupted,17.397291,10.351696,7.045595,0.56609786,0.00049321,True,1,Fred,Fred | the | them | his | Xander,17.3973 | 15.6634 | 14.6701 | 14.4735 | 14.2766
"After Paul and Carol left the school, Carol sent the pen to","After Paul and Frank left the school, Frank sent the pen to",Paul,Carol,Frank,ABB,3,the school,pen,3362,5074,corrupted,14.48708,8.49788,5.9892,0.15235855,0.00038176,True,1,Paul,Paul | his | the | Frank | a,14.4871 | 14.2208 | 14.1304 | 13.1294 | 12.9922
"While Rose and Alice were at the museum, Alice delivered the bag to","While Rose and Kate were at the museum, Kate delivered the bag to",Rose,Alice,Kate,ABB,5,the museum,bag,8049,14862,corrupted,15.328316,8.546254,6.782062,0.2277337,0.00025824,True,1,Rose,Rose | her | Kate | the | a,15.3283 | 14.9735 | 14.5658 | 14.4132 | 13.3250
"When Olivia and Emma went to the office, Emma gave the card to","When Olivia and Jack went to the office, Jack gave the card to",Olivia,Emma,Jack,ABB,0,the office,card,33911,18966,corrupted,17.406996,11.508007,5.898989,0.70028931,0.00192034,True,1,Olivia,Olivia | her | the | his | a,17.4070 | 14.6837 | 14.3452 | 13.9153 | 13.4862
"As Clara and Liam walked through the school, Liam offered the map to","As Clara and Frank walked through the school, Frank offered the map to",Clara,Liam,Frank,ABB,6,the school,map,27443,31684,corrupted,17.386543,6.275455,11.111089,0.63403016,9.48e-06,True,1,Clara,Clara | her | the | them | his,17.3865 | 15.0721 | 14.9599 | 14.8598 | 13.3459
"After Frank and Clara left the gym, Frank sent the gift to","After Fred and Clara left the gym, Fred sent the gift to",Clara,Frank,Fred,BAB,3,the gym,gift,27443,5278,corrupted,16.938217,10.016586,6.921631,0.60120648,0.00059292,True,1,Clara,Clara | his | the | her | a,16.9382 | 14.8199 | 14.3385 | 13.6372 | 13.4441
"After Emma and Uma left the hospital, Emma sent the note to","After Frank and Uma left the hospital, Frank sent the note to",Uma,Emma,Frank,BAB,3,the hospital,note,471,18966,corrupted,15.114535,10.889374,4.225162,0.19399127,0.00283673,True,1,U,U | his | her | the | Frank,15.1145 | 14.9916 | 14.0490 | 13.9537 | 13.3725
"When Uma and Yara arrived at the market, Yara passed the card to","When Uma and Harry arrived at the market, Harry passed the card to",Uma,Yara,Harry,ABB,2,the market,card,471,575,corrupted,15.908148,9.475945,6.432202,0.27018327,0.0004347,True,1,U,U | the | his | a | her,15.9081 | 14.7433 | 14.7094 | 14.5685 | 13.7821
"As Henry and Jack walked through the gym, Henry offered the gift to","As Harry and Jack walked through the gym, Harry offered the gift to",Jack,Henry,Harry,BAB,6,the gym,gift,3619,8616,corrupted,16.349575,9.826037,6.523538,0.34118709,0.00050102,True,1,Jack,Jack | his | the | them | Harry,16.3496 | 15.3147 | 15.2067 | 14.5664 | 14.0211
"When Fred and Paul went to the office, Fred gave the ticket to","When Yara and Paul went to the office, Yara gave the ticket to",Paul,Fred,Yara,BAB,0,the office,ticket,3362,8559,corrupted,16.206299,7.541676,8.664623,0.56087708,9.68e-05,True,1,Paul,Paul | the | her | Y | a,16.2063 | 14.6135 | 13.4226 | 13.2670 | 12.8163
"After Sam and Liam left the library, Sam sent the jacket to","After Grace and Liam left the library, Grace sent the jacket to",Liam,Sam,Grace,BAB,3,the library,jacket,31684,3409,corrupted,14.426506,9.42827,4.998236,0.16496475,0.00111349,True,1,Liam,Liam | the | her | a | his,14.4265 | 14.0314 | 13.8750 | 13.0508 | 12.4886
"While Bob and Ella were at the library, Bob delivered the pen to","While Brian and Ella were at the library, Brian delivered the pen to",Ella,Bob,Brian,BAB,5,the library,pen,7122,5811,corrupted,14.982202,9.405858,5.576344,0.20191514,0.00076453,True,1,Ell,Ell | the | his | a | her,14.9822 | 13.9640 | 13.6443 | 13.5747 | 13.1624
"When Iris and Mia visited the park, Iris handed the letter to","When Grace and Mia visited the park, Grace handed the letter to",Mia,Iris,Grace,BAB,1,the park,letter,32189,34230,corrupted,15.210417,8.380038,6.830379,0.26698631,0.00028847,True,1,Mia,Mia | her | the | a | them,15.2104 | 14.8915 | 14.5820 | 13.0483 | 12.1240
"As Amy and Yara walked through the mall, Yara offered the wallet to","As Amy and Bob walked through the mall, Bob offered the wallet to",Amy,Yara,Bob,ABB,6,the mall,wallet,14235,575,corrupted,18.642017,8.236665,10.405353,0.80854177,2.447e-05,True,1,Amy,Amy | the | them | her | Bob,18.6420 | 15.3472 | 14.8799 | 14.4526 | 13.9705
"When Fred and Grace arrived at the station, Fred passed the gift to","When Jack and Grace arrived at the station, Jack passed the gift to",Grace,Fred,Jack,BAB,2,the station,gift,16156,8559,corrupted,16.033421,8.658246,7.375175,0.39777559,0.00024925,True,1,Grace,Grace | his | the | her | a,16.0334 | 14.9827 | 14.5777 | 13.9107 | 13.6763
"While Liam and Quinn were at the park, Liam delivered the package to","While Victor and Quinn were at the park, Victor delivered the package to",Quinn,Liam,Victor,BAB,5,the park,package,16109,31684,corrupted,15.94029,6.397295,9.542995,0.55457681,3.976e-05,True,1,Quinn,Quinn | the | his | her | a,15.9403 | 14.1111 | 13.8521 | 12.8495 | 12.4008
"While Henry and Noah were at the restaurant, Noah delivered the wallet to","While Henry and Derek were at the restaurant, Derek delivered the wallet to",Henry,Noah,Derek,ABB,5,the restaurant,wallet,8616,18394,corrupted,15.182762,7.203156,7.979607,0.24108973,8.254e-05,True,1,Henry,Henry | the | his | them | a,15.1828 | 14.5047 | 13.9226 | 13.3872 | 13.3792
"While Victor and Harry were at the library, Victor delivered the bag to","While Brian and Harry were at the library, Brian delivered the bag to",Harry,Victor,Brian,BAB,5,the library,bag,5850,12622,corrupted,16.361904,9.884771,6.477133,0.41370821,0.00063637,True,1,Harry,Harry | the | his | them | a,16.3619 | 14.8670 | 14.5479 | 13.8763 | 13.8486
"As Tara and Quinn walked through the station, Tara offered the note to","As Wendy and Quinn walked through the station, Wendy offered the note to",Quinn,Tara,Wendy,BAB,6,the station,note,16109,37723,corrupted,15.817709,7.886945,7.930764,0.3819398,0.00013731,True,1,Quinn,Quinn | her | the | a | them,15.8177 | 14.8170 | 14.6505 | 13.0293 | 12.6532
"When Bob and Jack visited the market, Jack handed the phone to","When Bob and Paul visited the market, Paul handed the phone to",Bob,Jack,Paul,ABB,1,the market,phone,5811,3619,corrupted,15.757361,10.975481,4.78188,0.29528415,0.00247455,True,1,Bob,Bob | the | a | his | them,15.7574 | 14.5433 | 14.1534 | 14.0477 | 13.4161
"While Victor and Mia were at the hospital, Victor delivered the phone to","While Olivia and Mia were at the hospital, Olivia delivered the phone to",Mia,Victor,Olivia,BAB,5,the hospital,phone,32189,12622,corrupted,13.153014,9.251902,3.901113,0.03581217,0.0007241,True,4,her,her | the | a | Mia | his,14.9432 | 14.3238 | 13.3634 | 13.1530 | 12.4624
"When Ella and Paul visited the park, Paul handed the gift to","When Ella and Amy visited the park, Amy handed the gift to",Ella,Paul,Amy,ABB,1,the park,gift,7122,3362,corrupted,14.975009,10.882157,4.092852,0.12414201,0.00207212,True,3,her,her | the | Ell | Amy | a,15.3644 | 15.0039 | 14.9750 | 14.3261 | 13.7564
"After Brian and Grace left the gym, Brian sent the phone to","After Paul and Grace left the gym, Paul sent the phone to",Grace,Brian,Paul,BAB,3,the gym,phone,16156,8403,corrupted,15.050554,10.198204,4.85235,0.20683903,0.00161541,True,1,Grace,Grace | his | the | Paul | a,15.0506 | 14.6816 | 14.2642 | 13.6278 | 13.4589
"While Xander and Fred were at the theater, Xander delivered the book to","While Derek and Fred were at the theater, Derek delivered the book to",Fred,Xander,Derek,BAB,5,the theater,book,8559,46122,corrupted,15.398208,7.533005,7.865202,0.26282123,0.00010089,True,1,Fred,Fred | his | the | a | him,15.3982 | 14.7309 | 14.4981 | 13.7825 | 12.7160
"Once Ella and Iris were at the store, Iris brought the trophy to","Once Ella and Clara were at the store, Clara brought the trophy to",Ella,Iris,Clara,ABB,4,the store,trophy,7122,34230,corrupted,13.987799,7.472881,6.514918,0.0565722,8.379e-05,True,3,her,her | the | Ell | Clara | them,15.2741 | 14.9904 | 13.9878 | 13.4499 | 12.9359
"When Xander and Mia went to the school, Mia gave the package to","When Xander and Emma went to the school, Emma gave the package to",Xander,Mia,Emma,ABB,0,the school,package,46122,32189,corrupted,16.827875,8.047506,8.780369,0.51573658,7.928e-05,True,1,Xander,Xander | the | her | them | him,16.8279 | 15.0444 | 14.8757 | 13.9238 | 13.8497
"When Derek and Clara visited the cafe, Derek handed the key to","When Quinn and Clara visited the cafe, Quinn handed the key to",Clara,Derek,Quinn,BAB,1,the cafe,key,27443,20893,corrupted,15.03104,6.275571,8.755469,0.21569455,3.399e-05,True,2,the,the | Clara | her | a | his,15.3854 | 15.0310 | 14.5588 | 13.2680 | 12.5283
"After Paul and Alice left the office, Alice sent the ticket to","After Paul and Quinn left the office, Quinn sent the ticket to",Paul,Alice,Quinn,ABB,3,the office,ticket,3362,14862,corrupted,14.643581,8.505369,6.138212,0.18482184,0.00039899,True,1,Paul,Paul | the | Quinn | her | his,14.6436 | 14.0192 | 13.0503 | 12.8510 | 12.6467
"As Paul and Grace walked through the school, Grace offered the pen to","As Paul and Tara walked through the school, Tara offered the pen to",Paul,Grace,Tara,ABB,6,the school,pen,3362,16156,corrupted,17.206781,9.093001,8.11378,0.73508805,0.00022007,True,1,Paul,Paul | the | her | them | a,17.2068 | 14.2265 | 13.8717 | 13.0529 | 12.9457
"Once Paul and Kate were at the store, Kate brought the card to","Once Paul and Tara were at the store, Tara brought the card to",Paul,Kate,Tara,ABB,4,the store,card,3362,16693,corrupted,16.35511,9.200447,7.154663,0.36284089,0.00028346,True,1,Paul,Paul | the | her | them | him,16.3551 | 15.1001 | 14.9032 | 14.4497 | 14.1444
"Once Liam and Tara were at the cafe, Tara brought the book to","Once Liam and Zach were at the cafe, Zach brought the book to",Liam,Tara,Zach,ABB,4,the cafe,book,31684,37723,corrupted,14.534985,8.077145,6.45784,0.07929865,0.00012435,True,4,him,him | the | them | Liam | his,15.0461 | 14.8314 | 14.5971 | 14.5350 | 14.5111
"As Kate and Ella walked through the museum, Kate offered the pen to","As Olivia and Ella walked through the museum, Olivia offered the pen to",Ella,Kate,Olivia,BAB,6,the museum,pen,7122,16693,corrupted,15.490816,9.184079,6.306737,0.21026315,0.00038351,True,1,Ell,Ell | her | the | a | Olivia,15.4908 | 15.3657 | 14.5732 | 14.1759 | 13.9146
"When Victor and Clara arrived at the gym, Victor passed the card to","When Quinn and Clara arrived at the gym, Quinn passed the card to",Clara,Victor,Quinn,BAB,2,the gym,card,27443,12622,corrupted,15.875821,9.037413,6.838408,0.40273696,0.00043166,True,1,Clara,Clara | her | the | a | his,15.8758 | 15.0103 | 14.3098 | 13.5855 | 12.8932
"When Noah and David went to the station, David gave the bag to","When Noah and Isla went to the station, Isla gave the bag to",Noah,David,Isla,ABB,0,the station,bag,18394,3271,corrupted,17.892273,9.661987,8.230286,0.84001344,0.00022383,True,1,Noah,Noah | the | them | Is | his,17.8923 | 14.4134 | 13.9546 | 13.6210 | 12.9725
"When Wendy and Tara visited the beach, Tara handed the jacket to","When Wendy and Zach visited the beach, Zach handed the jacket to",Wendy,Tara,Zach,ABB,1,the beach,jacket,28314,37723,corrupted,18.231474,7.596453,10.635021,0.77108908,1.855e-05,True,1,Wendy,Wendy | the | her | his | a,18.2315 | 15.1185 | 15.1145 | 13.9945 | 13.7294
"While Brian and Iris were at the gym, Iris delivered the wallet to","While Brian and Quinn were at the gym, Quinn delivered the wallet to",Brian,Iris,Quinn,ABB,5,the gym,wallet,8403,34230,corrupted,16.85416,5.24881,11.60535,0.62633193,5.71e-06,True,1,Brian,Brian | the | Quinn | her | his,16.8542 | 14.2511 | 13.8698 | 13.8185 | 13.4135
"Once Quinn and Carol were at the park, Carol brought the trophy to","Once Quinn and Derek were at the park, Derek brought the trophy to",Quinn,Carol,Derek,ABB,4,the park,trophy,16109,5074,corrupted,14.440281,7.218011,7.22227,0.08507847,6.212e-05,True,3,his,his | the | Quinn | him | Derek,14.9419 | 14.8922 | 14.4403 | 14.0834 | 13.9364
"When Alice and Xander went to the store, Alice gave the book to","When Jack and Xander went to the store, Jack gave the book to",Xander,Alice,Jack,BAB,0,the store,book,46122,14862,corrupted,16.550301,9.922724,6.627577,0.41321167,0.00054683,True,1,Xander,Xander | the | his | a | them,16.5503 | 15.0445 | 15.0346 | 14.2856 | 13.9028
"After David and Alice left the station, David sent the note to","After Yara and Alice left the station, Yara sent the note to",Alice,David,Yara,BAB,3,the station,note,14862,3271,corrupted,15.237843,7.815809,7.422033,0.33751494,0.00020181,True,1,Alice,Alice | the | her | Y | his,15.2378 | 13.8975 | 13.8020 | 12.8892 | 12.0765
"Once Grace and Iris were at the mall, Iris brought the letter to","Once Grace and Alice were at the mall, Alice brought the letter to",Grace,Iris,Alice,ABB,4,the mall,letter,16156,34230,corrupted,14.80571,7.370817,7.434893,0.10077643,5.949e-05,True,2,her,her | Grace | the | Alice | them,15.4418 | 14.8057 | 14.7853 | 14.5206 | 13.7495
"When Quinn and Tara went to the museum, Quinn gave the map to","When Liam and Tara went to the museum, Liam gave the map to",Tara,Quinn,Liam,BAB,0,the museum,map,37723,16109,corrupted,15.241977,8.582831,6.659145,0.20329992,0.00026068,True,1,Tara,Tara | them | the | his | her,15.2420 | 15.1849 | 15.0179 | 13.8169 | 13.2755
"Once Ella and David were at the office, David brought the card to","Once Ella and Iris were at the office, Iris brought the card to",Ella,David,Iris,ABB,4,the office,card,7122,3271,corrupted,13.79579,9.596445,4.199345,0.05529021,0.00082965,True,3,her,her | the | Ell | Iris | them,14.8835 | 14.7893 | 13.7958 | 13.5388 | 13.4749
"As Grace and Yara walked through the cafe, Grace offered the pen to","As Ella and Yara walked through the cafe, Ella offered the pen to",Yara,Grace,Ella,BAB,6,the cafe,pen,575,16156,corrupted,15.785789,7.856836,7.928953,0.37630212,0.00013553,True,1,Y,Y | her | the | a | me,15.7858 | 14.9635 | 14.2720 | 13.2004 | 12.7186
"After Sam and Gina left the cafe, Gina sent the ticket to","After Sam and Rose left the cafe, Rose sent the ticket to",Sam,Gina,Rose,ABB,3,the cafe,ticket,3409,43002,corrupted,15.177641,7.783022,7.394619,0.26816073,0.0001648,True,1,Sam,Sam | the | her | his | a,15.1776 | 14.3994 | 13.7821 | 12.9010 | 12.6968
"Once Rose and Sam were at the school, Sam brought the card to","Once Rose and Henry were at the school, Henry brought the card to",Rose,Sam,Henry,ABB,4,the school,card,8049,3409,corrupted,15.525736,9.117116,6.40862,0.21344854,0.00035161,True,1,Rose,Rose | the | her | his | them,15.5257 | 15.1865 | 14.3261 | 14.1247 | 13.7988
"As Kate and Uma walked through the library, Uma offered the ticket to","As Kate and Mia walked through the library, Mia offered the ticket to",Kate,Uma,Mia,ABB,6,the library,ticket,16693,471,corrupted,13.725266,8.270659,5.454607,0.04400858,0.00018821,True,3,the,the | her | Kate | them | Mia,15.0015 | 14.2540 | 13.7253 | 13.7195 | 13.7145
"When Quinn and Frank went to the park, Quinn gave the package to","When Emma and Frank went to the park, Emma gave the package to",Frank,Quinn,Emma,BAB,0,the park,package,5278,16109,corrupted,16.699863,7.261316,9.438548,0.44670218,3.556e-05,True,1,Frank,Frank | her | the | Emma | them,16.6999 | 15.4136 | 15.1428 | 14.4950 | 13.5867
"Once Zach and Tara were at the cafe, Tara brought the card to","Once Zach and Victor were at the cafe, Victor brought the card to",Zach,Tara,Victor,ABB,4,the cafe,card,18825,37723,corrupted,14.708704,6.431302,8.277402,0.1370212,3.483e-05,True,1,Zach,Zach | the | him | his | them,14.7087 | 14.5669 | 13.9758 | 13.9535 | 13.6943
"When Kate and Brian went to the gym, Kate gave the package to","When David and Brian went to the gym, David gave the package to",Brian,Kate,David,BAB,0,the gym,package,8403,16693,corrupted,16.826237,9.894785,6.931452,0.4280206,0.000418,True,1,Brian,Brian | his | the | him | a,16.8262 | 15.8781 | 15.1710 | 14.3548 | 14.0299
"When Olivia and Amy visited the museum, Olivia handed the trophy to","When Uma and Amy visited the museum, Uma handed the trophy to",Amy,Olivia,Uma,BAB,1,the museum,trophy,14235,33911,corrupted,16.786613,9.21357,7.573044,0.56316262,0.00028954,True,1,Amy,Amy | her | the | a | them,16.7866 | 15.3369 | 14.8771 | 13.7921 | 12.7011
"When Zach and Clara arrived at the store, Zach passed the note to","When Brian and Clara arrived at the store, Brian passed the note to",Clara,Zach,Brian,BAB,2,the store,note,27443,18825,corrupted,16.608107,7.726894,8.881213,0.52030599,7.231e-05,True,1,Clara,Clara | his | the | her | a,16.6081 | 14.8039 | 14.5311 | 14.4490 | 13.8136
"When Liam and Quinn went to the beach, Quinn gave the note to","When Liam and Carol went to the beach, Carol gave the note to",Liam,Quinn,Carol,ABB,0,the beach,note,31684,16109,corrupted,16.200922,7.647353,8.553569,0.443703,8.557e-05,True,1,Liam,Liam | the | her | him | them,16.2009 | 14.3596 | 14.3263 | 13.3259 | 13.3047
"When Derek and Jack visited the office, Jack handed the jacket to","When Derek and Quinn visited the office, Quinn handed the jacket to",Derek,Jack,Quinn,ABB,1,the office,jacket,20893,3619,corrupted,16.932072,9.072529,7.859543,0.68984884,0.00026632,True,1,Derek,Derek | the | Quinn | a | them,16.9321 | 14.5261 | 13.3490 | 13.2058 | 12.8661
"Once Derek and Xander were at the school, Xander brought the phone to","Once Derek and David were at the school, David brought the phone to",Derek,Xander,David,ABB,4,the school,phone,20893,46122,corrupted,15.630844,6.71649,8.914354,0.19677177,2.646e-05,True,1,Derek,Derek | his | the | him | them,15.6308 | 15.6259 | 15.0779 | 14.6497 | 13.7961
"While Alice and Victor were at the restaurant, Victor delivered the letter to","While Alice and Iris were at the restaurant, Iris delivered the letter to",Alice,Victor,Iris,ABB,5,the restaurant,letter,14862,12622,corrupted,14.082412,9.008002,5.074409,0.11190112,0.00069992,True,2,the,the | Alice | her | Iris | them,14.1684 | 14.0824 | 14.0031 | 12.5676 | 12.2358
"When Olivia and Amy arrived at the store, Amy passed the card to","When Olivia and Tara arrived at the store, Tara passed the card to",Olivia,Amy,Tara,ABB,2,the store,card,33911,14235,corrupted,15.749944,9.901732,5.848211,0.30404329,0.00087718,True,1,Olivia,Olivia | her | the | a | them,15.7499 | 14.9971 | 14.3940 | 13.9134 | 12.8783
"Once Ella and Paul were at the library, Paul brought the note to","Once Ella and Derek were at the library, Derek brought the note to",Ella,Paul,Derek,ABB,4,the library,note,7122,3362,corrupted,16.47747,9.026486,7.450984,0.35881442,0.00020842,True,1,Ell,Ell | her | the | them | his,16.4775 | 14.8546 | 14.6793 | 14.5554 | 14.5332
"After Rose and Harry left the cafe, Rose sent the trophy to","After Iris and Harry left the cafe, Iris sent the trophy to",Harry,Rose,Iris,BAB,3,the cafe,trophy,5850,8049,corrupted,15.758821,8.976972,6.78185,0.35178545,0.00039899,True,1,Harry,Harry | her | the | Iris | them,15.7588 | 14.5749 | 14.0502 | 12.8904 | 12.6365
"After Brian and Fred left the gym, Fred sent the note to","After Brian and Frank left the gym, Frank sent the note to",Brian,Fred,Frank,ABB,3,the gym,note,8403,8559,corrupted,14.198045,10.231556,3.966489,0.092454,0.00175106,True,2,his,his | Brian | the | their | Frank,14.7226 | 14.1980 | 14.0123 | 13.4408 | 12.9793
"As Rose and Jack walked through the gym, Jack offered the gift to","As Rose and Noah walked through the gym, Noah offered the gift to",Rose,Jack,Noah,ABB,6,the gym,gift,8049,3619,corrupted,15.542347,7.87602,7.666327,0.28520244,0.00013357,True,1,Rose,Rose | Noah | his | the | her,15.5423 | 14.8416 | 14.5186 | 14.3805 | 13.3854
"After Wendy and Yara left the library, Wendy sent the key to","After Grace and Yara left the library, Grace sent the key to",Yara,Wendy,Grace,BAB,3,the library,key,575,28314,corrupted,14.549527,7.655691,6.893836,0.19097906,0.00019366,True,1,Y,Y | the | her | a | their,14.5495 | 14.2876 | 14.2116 | 12.6519 | 11.5694
"As Sam and Tara walked through the library, Tara offered the ticket to","As Sam and Fred walked through the library, Fred offered the ticket to",Sam,Tara,Fred,ABB,6,the library,ticket,3409,37723,corrupted,16.174025,5.827642,10.346383,0.39863318,1.28e-05,True,1,Sam,Sam | the | them | Fred | a,16.1740 | 14.7571 | 13.8719 | 13.5959 | 13.5923
"While Zach and Harry were at the station, Zach delivered the phone to","While Bob and Harry were at the station, Bob delivered the phone to",Harry,Zach,Bob,BAB,5,the station,phone,5850,18825,corrupted,15.288286,6.591977,8.696309,0.23767398,3.974e-05,True,1,Harry,Harry | the | his | a | Mrs,15.2883 | 14.4983 | 14.0083 | 13.4675 | 12.6854
"After Amy and Kate left the gym, Amy sent the card to","After Fred and Kate left the gym, Fred sent the card to",Kate,Amy,Fred,BAB,3,the gym,card,16693,14235,corrupted,16.147528,8.405807,7.74172,0.40190452,0.00017456,True,1,Kate,Kate | his | the | her | Fred,16.1475 | 14.5938 | 14.2112 | 13.6377 | 13.3841
"As Frank and Tara walked through the mall, Frank offered the ticket to","As Sam and Tara walked through the mall, Sam offered the ticket to",Tara,Frank,Sam,BAB,6,the mall,ticket,37723,5278,corrupted,14.772333,8.04654,6.725793,0.15488985,0.0001858,True,2,the,the | Tara | a | his | them,14.9413 | 14.7723 | 13.5262 | 13.5027 | 13.2935
"After Quinn and Isla left the gym, Isla sent the phone to","After Quinn and Henry left the gym, Henry sent the phone to",Quinn,Isla,Henry,ABB,3,the gym,phone,16109,1148,corrupted,15.200999,5.904744,9.296255,0.28629646,2.627e-05,True,1,Quinn,Quinn | his | the | her | a,15.2010 | 14.0511 | 13.7929 | 13.5971 | 12.7479
"While Xander and Zach were at the restaurant, Zach delivered the package to","While Xander and Uma were at the restaurant, Uma delivered the package to",Xander,Zach,Uma,ABB,5,the restaurant,package,46122,18825,corrupted,15.671722,9.606401,6.065321,0.32174036,0.00074709,True,1,Xander,Xander | the | her | his | U,15.6717 | 14.4586 | 14.2804 | 14.0173 | 13.8040
"After Clara and Mia left the store, Clara sent the jacket to","After Brian and Mia left the store, Brian sent the jacket to",Mia,Clara,Brian,BAB,3,the store,jacket,32189,27443,corrupted,14.464635,5.902449,8.562186,0.16726485,3.198e-05,True,1,Mia,Mia | his | the | her | a,14.4646 | 14.0792 | 14.0117 | 13.0741 | 12.9942
"As Quinn and Sam walked through the store, Quinn offered the jacket to","As Jack and Sam walked through the store, Jack offered the jacket to",Sam,Quinn,Jack,BAB,6,the store,jacket,3409,16109,corrupted,16.765955,7.081875,9.68408,0.54973865,3.423e-05,True,1,Sam,Sam | the | his | a | them,16.7660 | 14.9424 | 14.1357 | 13.9931 | 13.3454
"Once Yara and Frank were at the hospital, Frank brought the letter to","Once Yara and Paul were at the hospital, Paul brought the letter to",Yara,Frank,Paul,ABB,4,the hospital,letter,575,5278,corrupted,14.392228,9.459288,4.93294,0.10586083,0.00076276,True,1,Y,Y | the | her | them | him,14.3922 | 14.3627 | 14.2232 | 13.7204 | 13.4759
"When Gina and Amy went to the park, Amy gave the bag to","When Gina and Grace went to the park, Grace gave the bag to",Gina,Amy,Grace,ABB,0,the park,bag,43002,14235,corrupted,16.487537,9.215325,7.272212,0.4776777,0.00033178,True,1,Gina,Gina | her | the | a | them,16.4875 | 14.8121 | 14.7464 | 13.4798 | 13.2274
"As Jack and Ella walked through the park, Jack offered the package to","As Xander and Ella walked through the park, Xander offered the package to",Ella,Jack,Xander,BAB,6,the park,package,7122,3619,corrupted,16.638968,9.338686,7.300282,0.36977589,0.00024973,True,1,Ell,Ell | the | his | Xander | her,16.6390 | 15.1717 | 14.8231 | 14.7299 | 14.3932
"When Rose and Frank arrived at the school, Rose passed the note to","When Zach and Frank arrived at the school, Zach passed the note to",Frank,Rose,Zach,BAB,2,the school,note,5278,8049,corrupted,15.510148,7.904241,7.605907,0.26894069,0.0001338,True,2,his,his | Frank | the | a | their,15.5469 | 15.5101 | 14.6417 | 13.5870 | 13.4547
"When Olivia and Yara went to the museum, Olivia gave the phone to","When Quinn and Yara went to the museum, Quinn gave the phone to",Yara,Olivia,Quinn,BAB,0,the museum,phone,575,33911,corrupted,15.461994,8.75724,6.704754,0.30079338,0.00036849,True,1,Y,Y | her | the | a | his,15.4620 | 14.5491 | 14.4193 | 13.5199 | 12.4527
"As Xander and Kate walked through the cafe, Kate offered the letter to","As Xander and Henry walked through the cafe, Henry offered the letter to",Xander,Kate,Henry,ABB,6,the cafe,letter,46122,16693,corrupted,16.514755,9.046474,7.468282,0.50899637,0.00029059,True,1,Xander,Xander | the | his | them | Buffy,16.5148 | 14.8183 | 14.1509 | 13.6213 | 13.2198
"As Mia and Henry walked through the school, Henry offered the note to","As Mia and Carol walked through the school, Carol offered the note to",Mia,Henry,Carol,ABB,6,the school,note,32189,8616,corrupted,14.426405,8.47331,5.953094,0.08653476,0.0002248,True,3,her,her | the | Mia | a | them,15.1494 | 14.7429 | 14.4264 | 13.0378 | 12.9615
"When David and Gina visited the theater, David handed the card to","When Liam and Gina visited the theater, Liam handed the card to",Gina,David,Liam,BAB,1,the theater,card,43002,3271,corrupted,16.923698,9.863377,7.060322,0.58773637,0.00050457,True,1,Gina,Gina | the | her | his | a,16.9237 | 14.9878 | 14.4131 | 14.2111 | 13.7894
"Once Zach and Iris were at the beach, Zach brought the book to","Once Emma and Iris were at the beach, Emma brought the book to",Iris,Zach,Emma,BAB,4,the beach,book,34230,18825,corrupted,14.894197,8.277024,6.617172,0.07636473,0.00010212,True,3,her,her | the | Iris | Emma | them,16.5111 | 15.4187 | 14.8942 | 14.3832 | 13.9760
"When Harry and Carol visited the mall, Carol handed the map to","When Harry and Olivia visited the mall, Olivia handed the map to",Harry,Carol,Olivia,ABB,1,the mall,map,5850,5074,corrupted,16.558933,7.13504,9.423893,0.40730351,3.29e-05,True,1,Harry,Harry | the | them | him | her,16.5589 | 15.1287 | 14.9513 | 14.4599 | 14.0283
"Once Uma and Bob were at the library, Bob brought the wallet to","Once Uma and Noah were at the library, Noah brought the wallet to",Uma,Bob,Noah,ABB,4,the library,wallet,471,5811,corrupted,14.023131,8.998124,5.025007,0.05700953,0.00037464,True,7,the,the | Noah | them | her | his,14.9665 | 14.5360 | 14.3374 | 14.2949 | 14.1165
"When Clara and Brian went to the park, Brian gave the trophy to","When Clara and Alice went to the park, Alice gave the trophy to",Clara,Brian,Alice,ABB,0,the park,trophy,27443,8403,corrupted,16.90527,8.368061,8.537209,0.53384328,0.00010465,True,1,Clara,Clara | her | the | Alice | a,16.9053 | 15.3889 | 14.7132 | 14.2554 | 13.4872
"After Bob and Wendy left the mall, Bob sent the ticket to","After Iris and Wendy left the mall, Iris sent the ticket to",Wendy,Bob,Iris,BAB,3,the mall,ticket,28314,5811,corrupted,15.92356,8.192146,7.731414,0.48450539,0.00021261,True,1,Wendy,Wendy | her | the | Iris | a,15.9236 | 14.0909 | 14.0502 | 13.4934 | 12.1213
"When Fred and Kate visited the beach, Fred handed the note to","When Frank and Kate visited the beach, Frank handed the note to",Kate,Fred,Frank,BAB,1,the beach,note,16693,8559,corrupted,17.743443,9.380127,8.363316,0.68304062,0.00015933,True,1,Kate,Kate | the | his | her | a,17.7434 | 15.1085 | 14.8675 | 14.6738 | 13.7559
"Once Olivia and Sam were at the gym, Olivia brought the package to","Once Alice and Sam were at the gym, Alice brought the package to",Sam,Olivia,Alice,BAB,4,the gym,package,3409,33911,corrupted,15.532779,7.06013,8.472649,0.13747601,2.875e-05,True,2,her,her | Sam | the | them | Alice,16.3408 | 15.5328 | 15.4801 | 14.4815 | 14.3582
"When Ella and Harry arrived at the library, Harry passed the pen to","When Ella and Clara arrived at the library, Clara passed the pen to",Ella,Harry,Clara,ABB,2,the library,pen,7122,5850,corrupted,14.708446,10.197825,4.51062,0.15667047,0.00172207,True,2,her,her | Ell | the | a | Clara,14.7141 | 14.7084 | 14.1123 | 13.4385 | 13.2126
"As Clara and Noah walked through the station, Clara offered the gift to","As Sam and Noah walked through the station, Sam offered the gift to",Noah,Clara,Sam,BAB,6,the station,gift,18394,27443,corrupted,17.854492,5.774589,12.079903,0.81949496,4.65e-06,True,1,Noah,Noah | his | the | a | him,17.8545 | 14.7171 | 14.7034 | 13.4443 | 12.9564
"After Zach and Xander left the store, Xander sent the pen to","After Zach and Carol left the store, Carol sent the pen to",Zach,Xander,Carol,ABB,3,the store,pen,18825,46122,corrupted,14.936678,6.773152,8.163526,0.2069408,5.895e-05,True,1,Zach,Zach | her | the | a | Carol,14.9367 | 14.1457 | 13.9687 | 13.0452 | 12.6025
"When Bob and Rose arrived at the station, Rose passed the wallet to","When Bob and Liam arrived at the station, Liam passed the wallet to",Bob,Rose,Liam,ABB,2,the station,wallet,5811,8049,corrupted,14.724097,8.025806,6.698291,0.1401189,0.00017277,True,1,Bob,Bob | the | them | his | a,14.7241 | 14.5087 | 13.7918 | 13.6288 | 13.4998
"While Olivia and Iris were at the restaurant, Olivia delivered the wallet to","While Grace and Iris were at the restaurant, Grace delivered the wallet to",Iris,Olivia,Grace,BAB,5,the restaurant,wallet,34230,33911,corrupted,14.799133,9.046329,5.752804,0.21693549,0.00068852,True,1,Iris,Iris | her | the | a | an,14.7991 | 14.5569 | 14.5025 | 13.3798 | 11.8431
"After Emma and Liam left the theater, Liam sent the pen to","After Emma and Fred left the theater, Fred sent the pen to",Emma,Liam,Fred,ABB,3,the theater,pen,18966,31684,corrupted,15.998102,8.366272,7.63183,0.39076161,0.00018943,True,1,Emma,Emma | the | her | his | Fred,15.9981 | 14.0587 | 13.8752 | 13.8670 | 13.5262
"When Henry and Quinn visited the beach, Quinn handed the key to","When Henry and Clara visited the beach, Clara handed the key to",Henry,Quinn,Clara,ABB,1,the beach,key,8616,16109,corrupted,15.779886,6.973169,8.806717,0.36403745,5.451e-05,True,1,Henry,Henry | the | her | Clara | their,15.7799 | 15.2521 | 14.0061 | 13.2829 | 12.9457
"When Tara and Paul visited the mall, Paul handed the pen to","When Tara and David visited the mall, David handed the pen to",Tara,Paul,David,ABB,1,the mall,pen,37723,3362,corrupted,17.210045,9.590559,7.619486,0.65350443,0.00032074,True,1,Tara,Tara | her | the | a | them,17.2100 | 14.6788 | 14.6066 | 13.7428 | 13.6374
"When Sam and Grace visited the gym, Sam handed the ticket to","When Emma and Grace visited the gym, Emma handed the ticket to",Grace,Sam,Emma,BAB,1,the gym,ticket,16156,3409,corrupted,15.696428,9.313727,6.382701,0.27810505,0.00047015,True,1,Grace,Grace | the | her | Emma | a,15.6964 | 15.0068 | 14.9565 | 14.5797 | 13.6911
"While Yara and Amy were at the station, Amy delivered the card to","While Yara and Isla were at the station, Isla delivered the card to",Yara,Amy,Isla,ABB,5,the station,card,575,14235,corrupted,14.553122,7.773281,6.77984,0.19193412,0.00021812,True,1,Y,Y | the | her | Is | his,14.5531 | 13.9990 | 13.5957 | 12.8401 | 12.5103
"Once Sam and Uma were at the school, Sam brought the note to","Once Rose and Uma were at the school, Rose brought the note to",Uma,Sam,Rose,BAB,4,the school,note,471,3409,corrupted,15.647964,9.532506,6.115458,0.2725032,0.00060181,True,1,U,U | her | the | Rose | them,15.6480 | 15.4777 | 14.4533 | 13.8351 | 13.1483
"When Amy and Isla visited the store, Amy handed the jacket to","When Quinn and Isla visited the store, Quinn handed the jacket to",Isla,Amy,Quinn,BAB,1,the store,jacket,1148,14235,corrupted,17.988316,8.624527,9.363789,0.86010414,7.378e-05,True,1,Is,Is | the | her | a | Has,17.9883 | 14.5186 | 14.1865 | 12.9164 | 12.9082
"As Mia and Liam walked through the theater, Liam offered the phone to","As Mia and Jack walked through the theater, Jack offered the phone to",Mia,Liam,Jack,ABB,6,the theater,phone,32189,31684,corrupted,17.335625,8.764156,8.571468,0.64968663,0.00012307,True,1,Mia,Mia | her | the | his | them,17.3356 | 15.0292 | 14.4337 | 13.8221 | 13.5070
"When Isla and Derek went to the office, Derek gave the card to","When Isla and Amy went to the office, Amy gave the card to",Isla,Derek,Amy,ABB,0,the office,card,1148,20893,corrupted,12.215937,7.673057,4.54288,0.01017924,0.00010833,True,7,Amy,Amy | the | her | them | a,15.2526 | 14.6633 | 14.3498 | 13.1578 | 13.1479
"When Brian and Liam went to the station, Brian gave the pen to","When Zach and Liam went to the station, Zach gave the pen to",Liam,Brian,Zach,BAB,0,the station,pen,31684,8403,corrupted,16.572758,9.25831,7.314447,0.66739953,0.00044439,True,1,Liam,Liam | the | his | a | them,16.5728 | 14.1972 | 13.7872 | 13.2363 | 12.1865
"After Alice and Uma left the beach, Alice sent the gift to","After Noah and Uma left the beach, Noah sent the gift to",Uma,Alice,Noah,BAB,3,the beach,gift,471,14862,corrupted,15.936321,9.800193,6.136128,0.3347486,0.00072416,True,1,U,U | his | the | Noah | her,15.9363 | 15.2189 | 14.4777 | 13.5829 | 13.5426
"Once Grace and Kate were at the museum, Grace brought the wallet to","Once Noah and Kate were at the museum, Noah brought the wallet to",Kate,Grace,Noah,BAB,4,the museum,wallet,16693,16156,corrupted,16.745508,8.728174,8.017334,0.47238627,0.00015574,True,1,Kate,Kate | the | his | them | her,16.7455 | 15.2398 | 14.3956 | 14.2582 | 14.0213
"When Alice and Carol went to the market, Alice gave the bag to","When Paul and Carol went to the market, Paul gave the bag to",Carol,Alice,Paul,BAB,0,the market,bag,5074,14862,corrupted,17.550938,9.235458,8.315479,0.76544827,0.0001873,True,1,Carol,Carol | the | his | a | her,17.5509 | 14.5694 | 13.8322 | 13.5266 | 13.4317
"After Noah and Xander left the store, Xander sent the pen to","After Noah and Uma left the store, Uma sent the pen to",Noah,Xander,Uma,ABB,3,the store,pen,18394,46122,corrupted,14.865337,5.195516,9.669822,0.27737689,1.752e-05,True,1,Noah,Noah | the | U | his | her,14.8653 | 13.6708 | 13.5201 | 13.1004 | 12.9635
"When Uma and Clara arrived at the store, Uma passed the wallet to","When Emma and Clara arrived at the store, Emma passed the wallet to",Clara,Uma,Emma,BAB,2,the store,wallet,27443,471,corrupted,16.349957,6.99351,9.356446,0.41798389,3.612e-05,True,1,Clara,Clara | her | the | a | one,16.3500 | 15.3110 | 14.8568 | 14.3022 | 12.8512
"When Henry and Iris went to the cafe, Henry gave the wallet to","When Alice and Iris went to the cafe, Alice gave the wallet to",Iris,Henry,Alice,BAB,0,the cafe,wallet,34230,8616,corrupted,16.807667,7.184105,9.623562,0.58593607,3.876e-05,True,1,Iris,Iris | her | the | them | a,16.8077 | 15.1361 | 14.8461 | 13.7747 | 13.2297
"Once Derek and Paul were at the market, Derek brought the wallet to","Once Xander and Paul were at the market, Xander brought the wallet to",Paul,Derek,Xander,BAB,4,the market,wallet,3362,20893,corrupted,14.616765,7.165734,7.451031,0.07658849,4.449e-05,True,3,the,the | his | Paul | him | her,15.7977 | 15.0226 | 14.6168 | 14.2174 | 14.1948
"When Clara and Harry visited the office, Harry handed the gift to","When Clara and Henry visited the office, Henry handed the gift to",Clara,Harry,Henry,ABB,1,the office,gift,27443,5850,corrupted,17.405668,10.048395,7.357273,0.68482226,0.00043687,True,1,Clara,Clara | the | her | his | a,17.4057 | 14.8454 | 14.7025 | 13.6996 | 13.6731
"Once Derek and Isla were at the gym, Isla brought the phone to","Once Derek and Victor were at the gym, Victor brought the phone to",Derek,Isla,Victor,ABB,4,the gym,phone,20893,1148,corrupted,14.857643,5.697531,9.160112,0.09704155,1.02e-05,True,4,his,his | the | him | Derek | Victor,15.8713 | 14.9502 | 14.9065 | 14.8576 | 13.7624
"Once Quinn and Henry were at the school, Quinn brought the bag to","Once Fred and Henry were at the school, Fred brought the bag to",Henry,Quinn,Fred,BAB,4,the school,bag,8616,16109,corrupted,13.677147,6.389357,7.28779,0.04070517,2.784e-05,True,4,the,the | his | them | Henry | him,15.4141 | 14.2562 | 13.8084 | 13.6771 | 13.5804
"Once Rose and Victor were at the station, Victor brought the pen to","Once Rose and Tara were at the station, Tara brought the pen to",Rose,Victor,Tara,ABB,4,the station,pen,8049,12622,corrupted,15.370117,7.558785,7.811332,0.15602449,6.321e-05,True,3,her,her | the | Rose | Tara | their,16.0261 | 15.3891 | 15.3701 | 13.9009 | 13.2244
"When Henry and Frank visited the park, Henry handed the wallet to","When Fred and Frank visited the park, Fred handed the wallet to",Frank,Henry,Fred,BAB,1,the park,wallet,5278,8616,corrupted,16.413542,8.474487,7.939054,0.40449139,0.00014422,True,1,Frank,Frank | the | his | a | them,16.4135 | 15.3523 | 14.8396 | 14.1553 | 13.6531
"As Alice and Yara walked through the theater, Yara offered the ticket to","As Alice and Quinn walked through the theater, Quinn offered the ticket to",Alice,Yara,Quinn,ABB,6,the theater,ticket,14862,575,corrupted,15.909698,7.943328,7.966371,0.36578923,0.00012691,True,1,Alice,Alice | the | her | a | Quinn,15.9097 | 14.6341 | 14.2315 | 13.4209 | 13.1766
"Once Zach and Clara were at the office, Clara brought the wallet to","Once Zach and Olivia were at the office, Olivia brought the wallet to",Zach,Clara,Olivia,ABB,4,the office,wallet,18825,27443,corrupted,14.9692,6.932574,8.036626,0.1082134,3.5e-05,True,3,her,her | the | Zach | Olivia | them,15.4173 | 15.3457 | 14.9692 | 14.4359 | 14.0857
"When Iris and Kate went to the mall, Iris gave the pen to","When Gina and Kate went to the mall, Gina gave the pen to",Kate,Iris,Gina,BAB,0,the mall,pen,16693,34230,corrupted,16.277563,7.876732,8.400831,0.42435673,9.534e-05,True,1,Kate,Kate | her | the | a | Gina,16.2776 | 15.0320 | 14.5224 | 14.2137 | 13.6417
"When Quinn and Sam arrived at the market, Quinn passed the book to","When Isla and Sam arrived at the market, Isla passed the book to",Sam,Quinn,Isla,BAB,2,the market,book,3409,16109,corrupted,16.556635,5.60423,10.952405,0.56228846,9.85e-06,True,1,Sam,Sam | the | her | a | his,16.5566 | 14.5103 | 14.3546 | 14.2329 | 14.1257
"After Frank and Carol left the museum, Carol sent the card to","After Frank and Zach left the museum, Zach sent the card to",Frank,Carol,Zach,ABB,3,the museum,card,5278,5074,corrupted,15.695927,8.485184,7.210743,0.33898908,0.00025038,True,1,Frank,Frank | his | the | Zach | a,15.6959 | 14.1499 | 14.0295 | 13.7449 | 12.6964
"After Derek and Clara left the park, Derek sent the card to","After Uma and Clara left the park, Uma sent the card to",Clara,Derek,Uma,BAB,3,the park,card,27443,20893,corrupted,15.623476,6.647211,8.976265,0.37745035,4.77e-05,True,1,Clara,Clara | her | the | his | U,15.6235 | 14.2038 | 13.8348 | 13.1659 | 12.6649
"When Gina and Xander arrived at the restaurant, Xander passed the letter to","When Gina and Bob arrived at the restaurant, Bob passed the letter to",Gina,Xander,Bob,ABB,2,the restaurant,letter,43002,46122,corrupted,16.772182,5.390365,11.381817,0.5740332,6.54e-06,True,1,Gina,Gina | the | his | her | Bob,16.7722 | 14.4163 | 14.0060 | 13.9269 | 13.6965
"As Paul and Clara walked through the station, Clara offered the wallet to","As Paul and Sam walked through the station, Sam offered the wallet to",Paul,Clara,Sam,ABB,6,the station,wallet,3362,27443,corrupted,17.360172,7.44649,9.913682,0.7369644,3.647e-05,True,1,Paul,Paul | the | Sam | them | a,17.3602 | 14.5940 | 13.6624 | 13.4829 | 13.2823
"While Zach and Uma were at the restaurant, Uma delivered the wallet to","While Zach and Bob were at the restaurant, Bob delivered the wallet to",Zach,Uma,Bob,ABB,5,the restaurant,wallet,18825,471,corrupted,14.983362,7.840528,7.142834,0.17046499,0.00013475,True,1,Zach,Zach | the | Bob | his | a,14.9834 | 14.6905 | 13.8185 | 13.7815 | 13.7799
"When Grace and David went to the station, Grace gave the gift to","When Bob and David went to the station, Bob gave the gift to",David,Grace,Bob,BAB,0,the station,gift,3271,16156,corrupted,14.802811,7.286161,7.51665,0.16129205,8.774e-05,True,1,David,David | the | his | a | their,14.8028 | 14.7655 | 14.3646 | 13.9533 | 13.2799
"As Quinn and Ella walked through the park, Ella offered the note to","As Quinn and Henry walked through the park, Henry offered the note to",Quinn,Ella,Henry,ABB,6,the park,note,16109,7122,corrupted,15.625796,8.019146,7.60665,0.35965773,0.0001788,True,1,Quinn,Quinn | the | her | his | them,15.6258 | 14.2244 | 13.7770 | 13.6351 | 13.0549
"When Mia and Xander went to the school, Xander gave the trophy to","When Mia and Brian went to the school, Brian gave the trophy to",Mia,Xander,Brian,ABB,0,the school,trophy,32189,46122,corrupted,16.177391,8.14661,8.030781,0.42855704,0.00013941,True,1,Mia,Mia | her | his | the | a,16.1774 | 14.4992 | 14.4323 | 14.3382 | 13.8639
"After Isla and Fred left the cafe, Fred sent the book to","After Isla and Tara left the cafe, Tara sent the book to",Isla,Fred,Tara,ABB,3,the cafe,book,1148,8559,corrupted,14.081112,7.64004,6.441072,0.09725898,0.0001551,True,2,her,her | Is | the | Tara | a,14.6333 | 14.0811 | 13.9165 | 13.7785 | 12.5203
"Once Tara and Fred were at the cafe, Tara brought the pen to","Once Quinn and Fred were at the cafe, Quinn brought the pen to",Fred,Tara,Quinn,BAB,4,the cafe,pen,8559,37723,corrupted,15.707796,6.77676,8.931036,0.24165353,3.195e-05,True,1,Fred,Fred | her | his | the | him,15.7078 | 15.2356 | 14.9140 | 14.8207 | 13.9854
"Once Fred and Brian were at the cafe, Brian brought the gift to","Once Fred and Victor were at the cafe, Victor brought the gift to",Fred,Brian,Victor,ABB,4,the cafe,gift,8559,8403,corrupted,15.391102,9.522526,5.868576,0.19818372,0.00056024,True,1,Fred,Fred | the | him | his | them,15.3911 | 14.6142 | 14.5128 | 14.4426 | 13.8364
"Once Clara and Xander were at the library, Xander brought the card to","Once Clara and Emma were at the library, Emma brought the card to",Clara,Xander,Emma,ABB,4,the library,card,27443,46122,corrupted,15.55303,10.332267,5.220763,0.12441683,0.00067225,True,2,her,her | Clara | the | Emma | them,16.3949 | 15.5530 | 15.3237 | 14.7877 | 14.1039
"Once Mia and Jack were at the restaurant, Mia brought the letter to","Once Fred and Jack were at the restaurant, Fred brought the letter to",Jack,Mia,Fred,BAB,4,the restaurant,letter,3619,32189,corrupted,15.154679,7.020636,8.134044,0.17255771,5.062e-05,True,1,Jack,Jack | the | them | his | him,15.1547 | 14.7484 | 14.3697 | 14.2318 | 13.9036
"As Xander and Fred walked through the store, Fred offered the package to","As Xander and Clara walked through the store, Clara offered the package to",Xander,Fred,Clara,ABB,6,the store,package,46122,8559,corrupted,18.428139,9.410739,9.0174,0.8278085,0.0001004,True,1,Xander,Xander | her | the | them | Willow,18.4281 | 15.1275 | 14.8853 | 14.0776 | 13.9100
"After Kate and Alice left the station, Alice sent the pen to","After Kate and Amy left the station, Amy sent the pen to",Kate,Alice,Amy,ABB,3,the station,pen,16693,14862,corrupted,14.13851,8.479333,5.659177,0.07256036,0.0002529,True,4,her,her | Amy | the | Kate | a,14.9261 | 14.5187 | 14.3163 | 14.1385 | 13.1160
"When Tara and Henry visited the museum, Henry handed the phone to","When Tara and David visited the museum, David handed the phone to",Tara,Henry,David,ABB,1,the museum,phone,37723,8616,corrupted,16.937418,9.204087,7.733331,0.51490551,0.00022552,True,1,Tara,Tara | her | the | them | a,16.9374 | 14.9297 | 14.7842 | 14.1370 | 13.9285
"While Ella and Mia were at the beach, Mia delivered the ticket to","While Ella and Xander were at the beach, Xander delivered the ticket to",Ella,Mia,Xander,ABB,5,the beach,ticket,7122,32189,corrupted,13.88357,8.71989,5.16368,0.07058867,0.00040381,True,2,the,the | Ell | his | her | a,14.8408 | 13.8836 | 13.4715 | 13.3629 | 12.7393
"While Isla and Henry were at the station, Isla delivered the pen to","While Alice and Henry were at the station, Alice delivered the pen to",Henry,Isla,Alice,BAB,5,the station,pen,8616,1148,corrupted,16.106878,7.73981,8.367068,0.39536941,9.188e-05,True,1,Henry,Henry | the | her | a | Alice,16.1069 | 14.5488 | 14.4207 | 13.0907 | 13.0766
"When Yara and Iris visited the market, Yara handed the phone to","When Brian and Iris visited the market, Brian handed the phone to",Iris,Yara,Brian,BAB,1,the market,phone,34230,575,corrupted,16.446115,8.019797,8.426318,0.54948843,0.00012035,True,1,Iris,Iris | the | his | them | her,16.4461 | 14.2468 | 13.8851 | 13.7975 | 13.7185
"When Emma and Zach visited the gym, Emma handed the package to","When Frank and Zach visited the gym, Frank handed the package to",Zach,Emma,Frank,BAB,1,the gym,package,18825,18966,corrupted,17.34063,10.071041,7.269588,0.6523208,0.00045428,True,1,Zach,Zach | the | his | them | a,17.3406 | 14.9369 | 14.6513 | 14.1737 | 13.6648
"When Amy and Victor arrived at the cafe, Victor passed the book to","When Amy and Gina arrived at the cafe, Gina passed the book to",Amy,Victor,Gina,ABB,2,the cafe,book,14235,12622,corrupted,16.488222,8.583249,7.904973,0.28728688,0.00010598,True,1,Amy,Amy | her | the | a | them,16.4882 | 15.9549 | 15.4141 | 14.7902 | 14.4310
"When Fred and Bob arrived at the mall, Bob passed the map to","When Fred and Henry arrived at the mall, Henry passed the map to",Fred,Bob,Henry,ABB,2,the mall,map,8559,5811,corrupted,16.439545,9.614644,6.824901,0.48026186,0.00052175,True,1,Fred,Fred | them | the | his | a,16.4395 | 14.6290 | 14.4282 | 14.2564 | 13.7382
"After Olivia and Bob left the gym, Bob sent the key to","After Olivia and Mia left the gym, Mia sent the key to",Olivia,Bob,Mia,ABB,3,the gym,key,33911,5811,corrupted,13.405792,8.96409,4.441702,0.06387216,0.00075215,True,3,the,the | her | Olivia | a | their,14.6165 | 14.4216 | 13.4058 | 12.8629 | 12.4511
"As Sam and Isla walked through the store, Sam offered the card to","As Brian and Isla walked through the store, Brian offered the card to",Isla,Sam,Brian,BAB,6,the store,card,1148,3409,corrupted,16.269728,9.988035,6.281693,0.51386273,0.00096104,True,1,Is,Is | the | his | a | them,16.2697 | 14.6231 | 13.5727 | 13.2683 | 12.9116
"Once Iris and Grace were at the station, Iris brought the note to","Once Henry and Grace were at the station, Henry brought the note to",Grace,Iris,Henry,BAB,4,the station,note,16156,34230,corrupted,14.58201,6.714874,7.867136,0.11668784,4.471e-05,True,2,the,the | Grace | his | her | them,14.6904 | 14.5820 | 14.3724 | 13.8435 | 13.5026
"After Frank and Sam left the beach, Frank sent the ticket to","After Noah and Sam left the beach, Noah sent the ticket to",Sam,Frank,Noah,BAB,3,the beach,ticket,3409,5278,corrupted,15.688819,8.661427,7.027392,0.33574617,0.00029789,True,1,Sam,Sam | the | his | Noah | a,15.6888 | 14.6651 | 14.2547 | 13.2415 | 13.2184
"When Isla and David went to the cafe, David gave the map to","When Isla and Harry went to the cafe, Harry gave the map to",Isla,David,Harry,ABB,0,the cafe,map,1148,3271,corrupted,13.123747,9.196649,3.927098,0.02702056,0.00053233,True,7,the,the | them | Hermione | Harry | his,14.7979 | 14.0467 | 14.0449 | 13.7768 | 13.5427
"Once Carol and Uma were at the museum, Uma brought the map to","Once Carol and Tara were at the museum, Tara brought the map to",Carol,Uma,Tara,ABB,4,the museum,map,5074,471,corrupted,15.310328,7.932021,7.378307,0.16041565,0.0001002,True,2,her,her | Carol | the | them | Tara,15.3642 | 15.3103 | 14.9253 | 14.7666 | 13.9113
"When Grace and Victor went to the gym, Victor gave the card to","When Grace and Iris went to the gym, Iris gave the card to",Grace,Victor,Iris,ABB,0,the gym,card,16156,12622,corrupted,16.272606,6.612724,9.659882,0.53747666,3.429e-05,True,1,Grace,Grace | her | the | them | a,16.2726 | 14.5574 | 14.0210 | 13.5265 | 12.5009
"When Isla and Iris went to the store, Iris gave the card to","When Isla and Rose went to the store, Rose gave the card to",Isla,Iris,Rose,ABB,0,the store,card,1148,34230,corrupted,11.319361,9.370687,1.948673,0.0081129,0.00115579,True,9,the,the | her | Rose | a | them,14.3231 | 14.1002 | 13.2653 | 13.2018 | 12.5089
"Once David and Noah were at the restaurant, David brought the pen to","Once Wendy and Noah were at the restaurant, Wendy brought the pen to",Noah,David,Wendy,BAB,4,the restaurant,pen,18394,3271,corrupted,15.998458,8.940441,7.058017,0.25999457,0.00022372,True,1,Noah,Noah | her | the | Wendy | them,15.9985 | 15.8412 | 15.2902 | 13.8389 | 13.7423
"Once Isla and Sam were at the cafe, Sam brought the jacket to","Once Isla and Bob were at the cafe, Bob brought the jacket to",Isla,Sam,Bob,ABB,4,the cafe,jacket,1148,3409,corrupted,12.035542,10.750303,1.285238,0.00955113,0.0026417,True,12,the,the | Bob | me | his | her,14.7373 | 14.4061 | 14.0123 | 13.4631 | 12.9399
"After Bob and Mia left the office, Mia sent the ticket to","After Bob and Isla left the office, Isla sent the ticket to",Bob,Mia,Isla,ABB,3,the office,ticket,5811,32189,corrupted,15.080123,7.06906,8.011063,0.28069991,9.313e-05,True,1,Bob,Bob | the | his | her | him,15.0801 | 13.9469 | 13.1576 | 12.7584 | 12.4008
"When Noah and Rose visited the library, Noah handed the bag to","When Jack and Rose visited the library, Jack handed the bag to",Rose,Noah,Jack,BAB,1,the library,bag,8049,18394,corrupted,16.749346,7.691238,9.058108,0.47716421,5.556e-05,True,1,Rose,Rose | the | his | her | them,16.7493 | 15.3202 | 14.9127 | 14.3373 | 13.8643
"When Xander and Ella went to the park, Xander gave the wallet to","When Clara and Ella went to the park, Clara gave the wallet to",Ella,Xander,Clara,BAB,0,the park,wallet,7122,46122,corrupted,15.76502,9.457125,6.307896,0.31605256,0.0005758,True,1,Ell,Ell | her | the | Clara | a,15.7650 | 14.7484 | 14.6785 | 14.0816 | 13.2463
"While David and Fred were at the restaurant, David delivered the gift to","While Jack and Fred were at the restaurant, Jack delivered the gift to",Fred,David,Jack,BAB,5,the restaurant,gift,8559,3271,corrupted,15.65571,9.607201,6.04851,0.26698539,0.00063045,True,1,Fred,Fred | the | his | a | their,15.6557 | 15.0817 | 14.8984 | 13.7530 | 13.0451
"Once Fred and Grace were at the office, Fred brought the wallet to","Once Mia and Grace were at the office, Mia brought the wallet to",Grace,Fred,Mia,BAB,4,the office,wallet,16156,8559,corrupted,14.142531,9.195811,4.94672,0.04555072,0.00032371,True,3,her,her | the | Grace | Mia | them,15.9619 | 15.7780 | 14.1425 | 13.7577 | 13.5067
"When Uma and Iris visited the restaurant, Uma handed the gift to","When Henry and Iris visited the restaurant, Henry handed the gift to",Iris,Uma,Henry,BAB,1,the restaurant,gift,34230,471,corrupted,17.225357,7.466007,9.75935,0.69777006,4.03e-05,True,1,Iris,Iris | the | his | her | them,17.2254 | 14.9326 | 14.6354 | 14.3052 | 13.3700
"While Gina and Tara were at the mall, Tara delivered the key to","While Gina and Henry were at the mall, Henry delivered the key to",Gina,Tara,Henry,ABB,5,the mall,key,43002,37723,corrupted,14.332513,7.380967,6.951546,0.12843536,0.00012293,True,2,the,the | Gina | his | a | her,15.1895 | 14.3325 | 13.4132 | 13.2286 | 13.1297
"Once Brian and David were at the restaurant, David brought the bag to","Once Brian and Sam were at the restaurant, Sam brought the bag to",Brian,David,Sam,ABB,4,the restaurant,bag,8403,3271,corrupted,16.668962,10.618661,6.050302,0.40653992,0.00095828,True,1,Brian,Brian | the | his | me | him,16.6690 | 15.2856 | 14.4167 | 14.2556 | 14.2147
"When Yara and Jack went to the beach, Jack gave the jacket to","When Yara and Paul went to the beach, Paul gave the jacket to",Yara,Jack,Paul,ABB,0,the beach,jacket,575,3619,corrupted,16.155319,9.035773,7.119546,0.41413957,0.00033509,True,1,Y,Y | the | her | a | Paul,16.1553 | 14.1734 | 14.0059 | 13.7302 | 13.4794
"When Olivia and Clara went to the museum, Clara gave the book to","When Olivia and Wendy went to the museum, Wendy gave the book to",Olivia,Clara,Wendy,ABB,0,the museum,book,33911,27443,corrupted,16.079,7.083802,8.995198,0.32303557,4.006e-05,True,1,Olivia,Olivia | her | the | a | them,16.0790 | 15.4639 | 14.6924 | 14.1722 | 13.7823
"When Bob and Frank visited the cafe, Frank handed the ticket to","When Bob and Brian visited the cafe, Brian handed the ticket to",Bob,Frank,Brian,ABB,1,the cafe,ticket,5811,5278,corrupted,15.444878,10.110284,5.334594,0.25105697,0.00121056,True,1,Bob,Bob | the | a | them | his,15.4449 | 14.7082 | 13.8853 | 13.8574 | 13.5634
"When Uma and Xander visited the store, Uma handed the bag to","When Brian and Xander visited the store, Brian handed the bag to",Xander,Uma,Brian,BAB,1,the store,bag,46122,471,corrupted,16.65744,7.808232,8.849208,0.44495493,6.385e-05,True,1,Xander,Xander | the | them | his | him,16.6574 | 15.2838 | 14.9863 | 14.6618 | 14.0073
"When Alice and Bob visited the school, Alice handed the letter to","When Ella and Bob visited the school, Ella handed the letter to",Bob,Alice,Ella,BAB,1,the school,letter,5811,14862,corrupted,15.859867,11.913067,3.9468,0.37115493,0.00716938,True,1,Bob,Bob | the | her | them | their,15.8599 | 15.0507 | 14.3306 | 13.2191 | 13.1267
"When Brian and Amy visited the library, Brian handed the jacket to","When Zach and Amy visited the library, Zach handed the jacket to",Amy,Brian,Zach,BAB,1,the library,jacket,14235,8403,corrupted,19.203867,9.548215,9.655652,0.90948641,5.826e-05,True,1,Amy,Amy | the | her | his | a,19.2039 | 15.5207 | 14.8185 | 14.3127 | 14.0424
"When Bob and Frank visited the hospital, Frank handed the pen to","When Bob and Noah visited the hospital, Noah handed the pen to",Bob,Frank,Noah,ABB,1,the hospital,pen,5811,5278,corrupted,16.014917,9.635352,6.379565,0.3506448,0.00059464,True,1,Bob,Bob | Noah | his | the | a,16.0149 | 14.5866 | 14.5710 | 14.5485 | 13.6825
"While Victor and Frank were at the library, Frank delivered the book to","While Victor and Gina were at the library, Gina delivered the book to",Victor,Frank,Gina,ABB,5,the library,book,12622,5278,corrupted,16.119114,9.384911,6.734203,0.42583445,0.00050654,True,1,Victor,Victor | her | the | a | them,16.1191 | 14.6389 | 14.2214 | 13.5031 | 12.9335
"When Noah and Sam went to the gym, Noah gave the map to","When Isla and Sam went to the gym, Isla gave the map to",Sam,Noah,Isla,BAB,0,the gym,map,3409,18394,corrupted,16.85618,8.254339,8.601841,0.64615977,0.00011874,True,1,Sam,Sam | the | them | her | him,16.8562 | 14.6640 | 14.1322 | 14.0372 | 13.3174
"After Henry and Iris left the theater, Henry sent the jacket to","After Olivia and Iris left the theater, Olivia sent the jacket to",Iris,Henry,Olivia,BAB,3,the theater,jacket,34230,8616,corrupted,14.779469,8.287165,6.492304,0.20548384,0.00031132,True,1,Iris,Iris | her | the | a | Olivia,14.7795 | 14.6932 | 13.9838 | 12.8642 | 11.9939
"After Paul and Fred left the restaurant, Paul sent the map to","After Uma and Fred left the restaurant, Uma sent the map to",Fred,Paul,Uma,BAB,3,the restaurant,map,8559,3362,corrupted,14.929777,8.451276,6.478501,0.29065469,0.00044648,True,1,Fred,Fred | the | her | his | U,14.9298 | 13.8486 | 13.5812 | 13.3024 | 12.6622
"When Emma and Brian went to the market, Emma gave the jacket to","When Jack and Brian went to the market, Jack gave the jacket to",Brian,Emma,Jack,BAB,0,the market,jacket,8403,18966,corrupted,17.134243,7.641011,9.493232,0.60329729,4.546e-05,True,1,Brian,Brian | his | the | a | their,17.1342 | 14.9644 | 14.8636 | 14.0017 | 13.4280
"As Rose and Clara walked through the market, Clara offered the pen to","As Rose and Paul walked through the market, Paul offered the pen to",Rose,Clara,Paul,ABB,6,the market,pen,8049,27443,corrupted,15.849555,7.151479,8.698076,0.43497393,7.26e-05,True,1,Rose,Rose | the | Paul | her | his,15.8496 | 13.9597 | 13.8517 | 13.5013 | 13.5012
"While Victor and Liam were at the market, Liam delivered the phone to","While Victor and Derek were at the market, Derek delivered the phone to",Victor,Liam,Derek,ABB,5,the market,phone,12622,31684,corrupted,15.36203,6.396797,8.965233,0.32589757,4.164e-05,True,1,Victor,Victor | the | his | a | him,15.3620 | 14.0119 | 13.6388 | 13.0703 | 12.4794
"Once Grace and Isla were at the museum, Isla brought the book to","Once Grace and Frank were at the museum, Frank brought the book to",Grace,Isla,Frank,ABB,4,the museum,book,16156,1148,corrupted,12.907345,5.68973,7.217615,0.02010973,1.475e-05,True,9,the,the | her | them | him | his,15.0022 | 14.4856 | 14.4268 | 14.1242 | 14.0609
"After Xander and Olivia left the library, Olivia sent the ticket to","After Xander and Iris left the library, Iris sent the ticket to",Xander,Olivia,Iris,ABB,3,the library,ticket,46122,33911,corrupted,14.99773,9.884208,5.113523,0.24528292,0.00147534,True,1,Xander,Xander | the | her | him | Iris,14.9977 | 14.0004 | 13.4608 | 12.7847 | 12.5684
"While Henry and Grace were at the hospital, Henry delivered the book to","While Olivia and Grace were at the hospital, Olivia delivered the book to",Grace,Henry,Olivia,BAB,5,the hospital,book,16156,8616,corrupted,13.380301,9.815345,3.564956,0.03403675,0.00096318,True,4,her,her | the | a | Grace | them,15.5774 | 14.4289 | 13.5993 | 13.3803 | 13.0585
"When Isla and Tara went to the school, Tara gave the map to","When Isla and Harry went to the school, Harry gave the map to",Isla,Tara,Harry,ABB,0,the school,map,1148,37723,corrupted,12.657603,7.599027,5.058576,0.01450025,9.214e-05,True,10,the,the | them | Hermione | Harry | his,15.0245 | 14.4018 | 14.2669 | 13.9393 | 13.9283
"As Iris and Olivia walked through the store, Olivia offered the key to","As Iris and Alice walked through the store, Alice offered the key to",Iris,Olivia,Alice,ABB,6,the store,key,34230,33911,corrupted,13.495772,7.269986,6.225787,0.03344191,6.614e-05,True,5,the,the | her | their | a | Iris,16.0362 | 14.7492 | 13.9093 | 13.7341 | 13.4958
"When Carol and Sam went to the theater, Sam gave the package to","When Carol and Mia went to the theater, Mia gave the package to",Carol,Sam,Mia,ABB,0,the theater,package,5074,3409,corrupted,15.613695,9.056581,6.557114,0.32605579,0.00046299,True,1,Carol,Carol | her | the | them | a,15.6137 | 14.4680 | 14.3011 | 13.2711 | 13.1982
"When Tara and Frank went to the hospital, Frank gave the wallet to","When Tara and Paul went to the hospital, Paul gave the wallet to",Tara,Frank,Paul,ABB,0,the hospital,wallet,37723,5278,corrupted,16.660192,8.767899,7.892294,0.56601834,0.00021147,True,1,Tara,Tara | the | her | them | a,16.6602 | 14.6195 | 14.2037 | 14.0892 | 13.3616
"When Iris and Amy went to the station, Amy gave the gift to","When Iris and Harry went to the station, Harry gave the gift to",Iris,Amy,Harry,ABB,0,the station,gift,34230,14235,corrupted,16.403654,9.317554,7.086101,0.5405584,0.00045226,True,1,Iris,Iris | the | her | his | them,16.4037 | 14.4843 | 14.1757 | 13.5175 | 13.2825
"When Clara and Rose visited the park, Rose handed the note to","When Clara and Henry visited the park, Henry handed the note to",Clara,Rose,Henry,ABB,1,the park,note,27443,8049,corrupted,17.70335,9.076231,8.627119,0.7329706,0.00013133,True,1,Clara,Clara | the | her | them | his,17.7034 | 14.9157 | 14.8479 | 13.6925 | 13.5690
"Once Carol and Jack were at the store, Carol brought the wallet to","Once Uma and Jack were at the store, Uma brought the wallet to",Jack,Carol,Uma,BAB,4,the store,wallet,3619,5074,corrupted,15.249768,8.05406,7.195708,0.18365429,0.0001377,True,1,Jack,Jack | her | the | them | him,15.2498 | 15.1929 | 14.9473 | 14.0943 | 13.7907
"When Yara and Paul visited the station, Yara handed the book to","When Clara and Paul visited the station, Clara handed the book to",Paul,Yara,Clara,BAB,1,the station,book,3362,575,corrupted,16.004889,8.077329,7.92756,0.35862112,0.00012934,True,1,Paul,Paul | her | the | them | him,16.0049 | 15.0789 | 14.7137 | 13.9011 | 13.1687
"When Emma and Paul arrived at the theater, Emma passed the gift to","When Wendy and Paul arrived at the theater, Wendy passed the gift to",Paul,Emma,Wendy,BAB,2,the theater,gift,3362,18966,corrupted,15.46302,8.264459,7.198562,0.20822938,0.00015568,True,2,her,her | Paul | the | a | their,15.7387 | 15.4630 | 14.9493 | 14.3425 | 13.5926
"When Alice and Wendy visited the office, Alice handed the map to","When Fred and Wendy visited the office, Fred handed the map to",Wendy,Alice,Fred,BAB,1,the office,map,28314,14862,corrupted,18.055126,8.997633,9.057493,0.77669722,9.05e-05,True,1,Wendy,Wendy | the | them | her | his,18.0551 | 15.2163 | 14.5521 | 14.4199 | 14.4022
"When Zach and Brian arrived at the park, Brian passed the note to","When Zach and Gina arrived at the park, Gina passed the note to",Zach,Brian,Gina,ABB,2,the park,note,18825,8403,corrupted,15.651176,9.070256,6.58092,0.33947268,0.0004707,True,1,Zach,Zach | her | the | them | their,15.6512 | 14.6118 | 14.1806 | 14.0824 | 13.2451
"While Wendy and David were at the hospital, Wendy delivered the wallet to","While Jack and David were at the hospital, Jack delivered the wallet to",David,Wendy,Jack,BAB,5,the hospital,wallet,3271,28314,corrupted,13.79797,10.062329,3.735641,0.0499566,0.00119186,True,3,his,his | the | David | a | her,15.0042 | 14.6573 | 13.7980 | 13.6241 | 13.0752
"When Mia and Derek arrived at the cafe, Derek passed the wallet to","When Mia and Wendy arrived at the cafe, Wendy passed the wallet to",Mia,Derek,Wendy,ABB,2,the cafe,wallet,32189,20893,corrupted,16.72456,7.804668,8.919891,0.5046078,6.747e-05,True,1,Mia,Mia | her | the | a | them,16.7246 | 15.3205 | 14.8848 | 14.2879 | 13.3949
"As Ella and Henry walked through the school, Ella offered the pen to","As David and Henry walked through the school, David offered the pen to",Henry,Ella,David,BAB,6,the school,pen,8616,7122,corrupted,16.00952,8.952041,7.057479,0.36622939,0.0003153,True,1,Henry,Henry | his | the | a | one,16.0095 | 14.9212 | 14.4701 | 14.0089 | 13.3037
"While Emma and Rose were at the hospital, Rose delivered the note to","While Emma and Wendy were at the hospital, Wendy delivered the note to",Emma,Rose,Wendy,ABB,5,the hospital,note,18966,8049,corrupted,15.392086,8.993299,6.398787,0.17607412,0.00029291,True,2,her,her | Emma | the | Wendy | a,15.8619 | 15.3921 | 14.8746 | 13.3058 | 13.1857
"When Olivia and Paul arrived at the cafe, Olivia passed the bag to","When Brian and Paul arrived at the cafe, Brian passed the bag to",Paul,Olivia,Brian,BAB,2,the cafe,bag,3362,33911,corrupted,15.823277,8.196222,7.627054,0.28043267,0.0001366,True,1,Paul,Paul | his | the | them | a,15.8233 | 15.0771 | 14.8499 | 14.3420 | 14.1683
"After Emma and Zach left the library, Emma sent the package to","After Isla and Zach left the library, Isla sent the package to",Zach,Emma,Isla,BAB,3,the library,package,18825,18966,corrupted,15.102147,9.704511,5.397636,0.31783095,0.00143891,True,1,Zach,Zach | the | his | her | a,15.1021 | 13.9286 | 13.8465 | 12.9834 | 12.4325
"While Fred and Henry were at the beach, Henry delivered the wallet to","While Fred and Bob were at the beach, Bob delivered the wallet to",Fred,Henry,Bob,ABB,5,the beach,wallet,8559,8616,corrupted,16.065977,8.808482,7.257495,0.37317389,0.00026304,True,1,Fred,Fred | the | Bob | his | a,16.0660 | 14.5818 | 14.1749 | 14.0062 | 13.5487
"After Tara and Henry left the market, Tara sent the trophy to","After Zach and Henry left the market, Zach sent the trophy to",Henry,Tara,Zach,BAB,3,the market,trophy,8616,37723,corrupted,14.509046,5.728498,8.780547,0.21237406,3.264e-05,True,1,Henry,Henry | his | the | Zach | a,14.5090 | 13.9557 | 13.3129 | 12.4670 | 12.2601
"After Olivia and Carol left the station, Olivia sent the trophy to","After Harry and Carol left the station, Harry sent the trophy to",Carol,Olivia,Harry,BAB,3,the station,trophy,5074,33911,corrupted,14.949997,8.349476,6.600521,0.15785596,0.00021463,True,1,Carol,Carol | his | the | Harry | Hermione,14.9500 | 14.5195 | 14.2063 | 13.6107 | 12.5817
"After Brian and Alice left the gym, Brian sent the map to","After Harry and Alice left the gym, Harry sent the map to",Alice,Brian,Harry,BAB,3,the gym,map,14862,8403,corrupted,15.884044,8.193925,7.690119,0.29958904,0.00013701,True,1,Alice,Alice | his | the | Hermione | Harry,15.8840 | 14.8083 | 14.6633 | 13.9742 | 13.0608
"When David and Victor arrived at the park, Victor passed the card to","When David and Emma arrived at the park, Emma passed the card to",David,Victor,Emma,ABB,2,the park,card,3271,12622,corrupted,16.031044,9.819032,6.212012,0.30744994,0.0006165,True,1,David,David | her | the | a | him,16.0310 | 15.2134 | 14.8993 | 14.3700 | 13.2779
"As Bob and Carol walked through the store, Carol offered the key to","As Bob and Uma walked through the store, Uma offered the key to",Bob,Carol,Uma,ABB,6,the store,key,5811,5074,corrupted,12.673768,7.349357,5.324411,0.01730353,8.429e-05,True,7,the,the | their | her | a | his,15.7832 | 14.0387 | 13.8348 | 13.7374 | 13.6946
"When Victor and Noah arrived at the theater, Victor passed the wallet to","When Amy and Noah arrived at the theater, Amy passed the wallet to",Noah,Victor,Amy,BAB,2,the theater,wallet,18394,12622,corrupted,16.397867,7.425153,8.972714,0.43659729,5.537e-05,True,1,Noah,Noah | her | the | a | them,16.3979 | 15.1820 | 14.6560 | 14.3226 | 13.5493
"When Ella and Paul arrived at the cafe, Paul passed the jacket to","When Ella and Olivia arrived at the cafe, Olivia passed the jacket to",Ella,Paul,Olivia,ABB,2,the cafe,jacket,7122,3362,corrupted,14.753162,10.069828,4.683334,0.12291469,0.00113673,True,2,her,her | Ell | the | a | one,14.8542 | 14.7532 | 14.7401 | 14.3141 | 13.0672
"While Wendy and Uma were at the station, Wendy delivered the bag to","While Bob and Uma were at the station, Bob delivered the bag to",Uma,Wendy,Bob,BAB,5,the station,bag,471,28314,corrupted,15.961095,8.420418,7.540677,0.39125481,0.00020777,True,1,U,U | the | his | Bob | a,15.9611 | 14.5969 | 14.1685 | 13.7229 | 13.3025
"When Yara and Gina went to the beach, Yara gave the map to","When Liam and Gina went to the beach, Liam gave the map to",Gina,Yara,Liam,BAB,0,the beach,map,43002,575,corrupted,16.827459,7.903733,8.923727,0.5633477,7.503e-05,True,1,Gina,Gina | the | them | his | her,16.8275 | 15.0567 | 14.2625 | 14.1514 | 14.0869
"While Clara and Rose were at the hospital, Clara delivered the letter to","While Iris and Rose were at the hospital, Iris delivered the letter to",Rose,Clara,Iris,BAB,5,the hospital,letter,8049,27443,corrupted,13.987736,7.539257,6.448479,0.11767694,0.00018627,True,3,her,her | the | Rose | Iris | a,14.5181 | 14.1051 | 13.9877 | 13.5666 | 11.6806
"When Gina and Grace visited the market, Grace handed the gift to","When Gina and Uma visited the market, Uma handed the gift to",Gina,Grace,Uma,ABB,1,the market,gift,43002,16156,corrupted,15.666536,8.898202,6.768334,0.34096804,0.00039198,True,1,Gina,Gina | her | U | the | a,15.6665 | 14.7161 | 14.6892 | 14.4394 | 13.2672
"While Iris and Frank were at the gym, Frank delivered the book to","While Iris and Gina were at the gym, Gina delivered the book to",Iris,Frank,Gina,ABB,5,the gym,book,34230,5278,corrupted,15.634046,8.972376,6.66167,0.34228885,0.00043779,True,1,Iris,Iris | her | the | a | them,15.6340 | 14.9548 | 13.8587 | 12.6985 | 12.6838
"When Iris and Brian arrived at the market, Brian passed the package to","When Iris and Liam arrived at the market, Liam passed the package to",Iris,Brian,Liam,ABB,2,the market,package,34230,8403,corrupted,16.337349,9.189564,7.147785,0.50410384,0.00039653,True,1,Iris,Iris | the | them | her | his,16.3373 | 14.2670 | 13.8800 | 13.7522 | 13.4860
"When Victor and Grace went to the hospital, Grace gave the trophy to","When Victor and Clara went to the hospital, Clara gave the trophy to",Victor,Grace,Clara,ABB,0,the hospital,trophy,12622,16156,corrupted,17.516188,6.548619,10.967569,0.77264464,1.333e-05,True,1,Victor,Victor | her | the | him | a,17.5162 | 14.4147 | 14.2971 | 13.1015 | 12.8877
"As Victor and Rose walked through the gym, Rose offered the note to","As Victor and Henry walked through the gym, Henry offered the note to",Victor,Rose,Henry,ABB,6,the gym,note,12622,8049,corrupted,17.264086,8.759321,8.504765,0.69247729,0.00014023,True,1,Victor,Victor | the | his | Henry | them,17.2641 | 14.5884 | 13.9633 | 13.7075 | 13.5282
"Once Harry and Yara were at the school, Harry brought the map to","Once Amy and Yara were at the school, Amy brought the map to",Yara,Harry,Amy,BAB,4,the school,map,575,5850,corrupted,15.014125,11.235077,3.779048,0.08746338,0.00199805,True,5,her,her | Amy | them | the | Y,15.9058 | 15.3465 | 15.2249 | 15.2175 | 15.0141
"When Uma and Wendy visited the theater, Wendy handed the bag to","When Uma and Zach visited the theater, Zach handed the bag to",Uma,Wendy,Zach,ABB,1,the theater,bag,471,28314,corrupted,16.566223,8.145178,8.421045,0.45838186,0.00010093,True,1,U,U | the | her | his | a,16.5662 | 14.8058 | 14.0126 | 13.6547 | 13.6185
"When Gina and Quinn arrived at the mall, Quinn passed the gift to","When Gina and Iris arrived at the mall, Iris passed the gift to",Gina,Quinn,Iris,ABB,2,the mall,gift,43002,16109,corrupted,14.991899,6.283061,8.708838,0.19649523,3.245e-05,True,2,her,her | Gina | the | them | a,15.1772 | 14.9919 | 14.2952 | 13.3118 | 13.2328
"When Henry and Derek visited the museum, Derek handed the phone to","When Henry and Tara visited the museum, Tara handed the phone to",Henry,Derek,Tara,ABB,1,the museum,phone,8616,20893,corrupted,16.929461,9.438249,7.491212,0.61066157,0.00034073,True,1,Henry,Henry | the | her | him | them,16.9295 | 14.5484 | 14.1046 | 13.4373 | 13.2712
"Once Iris and Sam were at the hospital, Iris brought the gift to","Once Derek and Sam were at the hospital, Derek brought the gift to",Sam,Iris,Derek,BAB,4,the hospital,gift,3409,34230,corrupted,15.421551,5.896014,9.525537,0.20515586,1.497e-05,True,1,Sam,Sam | his | the | him | them,15.4216 | 14.8799 | 14.6407 | 14.6169 | 13.8019
"As Paul and Yara walked through the theater, Paul offered the wallet to","As Gina and Yara walked through the theater, Gina offered the wallet to",Yara,Paul,Gina,BAB,6,the theater,wallet,575,3362,corrupted,15.40139,9.483797,5.917593,0.25823349,0.00069508,True,1,Y,Y | the | her | a | them,15.4014 | 14.8309 | 14.5786 | 13.5592 | 13.2719
"Once Rose and Paul were at the gym, Rose brought the bag to","Once Ella and Paul were at the gym, Ella brought the bag to",Paul,Rose,Ella,BAB,4,the gym,bag,3362,8049,corrupted,14.802304,8.864945,5.937359,0.10831038,0.00028583,True,3,the,the | her | Paul | me | them,15.4876 | 15.0928 | 14.8023 | 14.0194 | 13.7233
"While Victor and Uma were at the mall, Uma delivered the key to","While Victor and Henry were at the mall, Henry delivered the key to",Victor,Uma,Henry,ABB,5,the mall,key,12622,471,corrupted,15.825129,7.883241,7.941888,0.40143299,0.00014272,True,1,Victor,Victor | the | his | Henry | a,15.8251 | 15.1440 | 13.4513 | 13.2034 | 13.1555
"When Rose and Mia arrived at the library, Mia passed the jacket to","When Rose and Henry arrived at the library, Henry passed the jacket to",Rose,Mia,Henry,ABB,2,the library,jacket,8049,32189,corrupted,16.505484,8.624788,7.880695,0.50918466,0.00019246,True,1,Rose,Rose | the | his | her | a,16.5055 | 14.5764 | 14.1790 | 14.1203 | 13.7607
"After Paul and Clara left the park, Paul sent the wallet to","After Grace and Clara left the park, Grace sent the wallet to",Clara,Paul,Grace,BAB,3,the park,wallet,27443,3362,corrupted,14.266007,9.089311,5.176697,0.12749256,0.0007199,True,2,her,her | Clara | the | a | his,14.4489 | 14.2660 | 14.2161 | 12.9232 | 11.5699
"After Iris and Liam left the school, Iris sent the pen to","After Grace and Liam left the school, Grace sent the pen to",Liam,Iris,Grace,BAB,3,the school,pen,31684,34230,corrupted,14.002999,7.579469,6.423531,0.10605964,0.00017213,True,2,her,her | Liam | the | a | his,14.3021 | 14.0030 | 13.8873 | 12.9185 | 12.9116
"When Gina and Kate visited the school, Kate handed the pen to","When Gina and Jack visited the school, Jack handed the pen to",Gina,Kate,Jack,ABB,1,the school,pen,43002,16693,corrupted,17.393974,9.513983,7.879992,0.69625264,0.00026335,True,1,Gina,Gina | the | her | a | his,17.3940 | 14.8735 | 14.5193 | 13.8755 | 13.6867
"When David and Iris arrived at the office, Iris passed the map to","When David and Gina arrived at the office, Gina passed the map to",David,Iris,Gina,ABB,2,the office,map,3271,34230,corrupted,16.032082,7.632926,8.399156,0.33740941,7.594e-05,True,1,David,David | her | the | them | a,16.0321 | 14.8145 | 14.7657 | 14.3139 | 13.5100
"As Rose and Uma walked through the mall, Uma offered the gift to","As Rose and Paul walked through the mall, Paul offered the gift to",Rose,Uma,Paul,ABB,6,the mall,gift,8049,471,corrupted,16.26186,7.789837,8.472023,0.45032585,9.423e-05,True,1,Rose,Rose | the | her | his | a,16.2619 | 14.7000 | 14.3345 | 14.2515 | 13.8015
"When Emma and Gina arrived at the school, Emma passed the package to","When Grace and Gina arrived at the school, Grace passed the package to",Gina,Emma,Grace,BAB,2,the school,package,43002,18966,corrupted,15.601249,8.316095,7.285153,0.24247332,0.00016625,True,2,her,her | Gina | the | a | their,15.7902 | 15.6012 | 14.8818 | 14.0468 | 13.3398
"When Xander and Emma went to the cafe, Emma gave the card to","When Xander and Henry went to the cafe, Henry gave the card to",Xander,Emma,Henry,ABB,0,the cafe,card,46122,18966,corrupted,17.137598,10.918206,6.219392,0.62146848,0.00123701,True,1,Xander,Xander | the | his | them | a,17.1376 | 14.9384 | 14.3233 | 13.9484 | 13.8809
"While Xander and Carol were at the store, Xander delivered the letter to","While Paul and Carol were at the store, Paul delivered the letter to",Carol,Xander,Paul,BAB,5,the store,letter,5074,46122,corrupted,15.565419,2.617272,12.948148,0.36683685,8.7e-07,True,1,Carol,Carol | the | his | a | her,15.5654 | 14.3291 | 13.6589 | 13.0216 | 12.8618
"When David and Jack arrived at the mall, David passed the letter to","When Kate and Jack arrived at the mall, Kate passed the letter to",Jack,David,Kate,BAB,2,the mall,letter,3619,3271,corrupted,15.218421,8.661194,6.557227,0.26348904,0.00037411,True,1,Jack,Jack | her | the | them | their,15.2184 | 14.9622 | 14.0323 | 13.7003 | 13.2777
"When Zach and Gina visited the museum, Gina handed the gift to","When Zach and Xander visited the museum, Xander handed the gift to",Zach,Gina,Xander,ABB,1,the museum,gift,18825,43002,corrupted,16.129143,6.230588,9.898555,0.32755134,1.646e-05,True,1,Zach,Zach | the | them | Xander | his,16.1291 | 15.0538 | 14.5717 | 14.5437 | 14.2755
"While Wendy and Sam were at the school, Wendy delivered the letter to","While Iris and Sam were at the school, Iris delivered the letter to",Sam,Wendy,Iris,BAB,5,the school,letter,3409,28314,corrupted,14.354263,7.352405,7.001859,0.15882777,0.00014456,True,2,the,the | Sam | her | Iris | a,14.3616 | 14.3543 | 14.0122 | 12.8538 | 12.5837
"When Harry and Iris visited the office, Harry handed the trophy to","When Bob and Iris visited the office, Bob handed the trophy to",Iris,Harry,Bob,BAB,1,the office,trophy,34230,5850,corrupted,17.028233,9.454337,7.573895,0.6490131,0.00033339,True,1,Iris,Iris | the | his | her | them,17.0282 | 14.6262 | 14.2630 | 13.9997 | 13.6120
"Once Noah and Rose were at the school, Rose brought the letter to","Once Noah and Emma were at the school, Emma brought the letter to",Noah,Rose,Emma,ABB,4,the school,letter,18394,8049,corrupted,16.329632,8.781428,7.548203,0.37883234,0.00019967,True,1,Noah,Noah | Emma | the | her | them,16.3296 | 15.0248 | 14.6620 | 14.5607 | 13.8782
"Once Frank and Alice were at the hospital, Frank brought the package to","Once Tara and Alice were at the hospital, Tara brought the package to",Alice,Frank,Tara,BAB,4,the hospital,package,14862,5278,corrupted,15.075278,8.815725,6.259553,0.12202888,0.00023333,True,3,her,her | the | Alice | them | Tara,15.8619 | 15.2932 | 15.0753 | 14.1151 | 13.6343
"While Amy and Fred were at the museum, Fred delivered the map to","While Amy and Sam were at the museum, Sam delivered the map to",Amy,Fred,Sam,ABB,5,the museum,map,14235,8559,corrupted,16.313471,8.451217,7.862254,0.38353562,0.00014766,True,1,Amy,Amy | Sam | the | her | his,16.3135 | 14.6605 | 14.6265 | 14.3398 | 13.8599
"While Zach and Amy were at the store, Zach delivered the pen to","While Yara and Amy were at the store, Yara delivered the pen to",Amy,Zach,Yara,BAB,5,the store,pen,14235,18825,corrupted,16.043121,7.99241,8.050712,0.45897624,0.00014636,True,1,Amy,Amy | her | the | Y | a,16.0431 | 14.6800 | 14.3871 | 13.1296 | 12.8498
"When Alice and Tara arrived at the theater, Tara passed the key to","When Alice and Clara arrived at the theater, Clara passed the key to",Alice,Tara,Clara,ABB,2,the theater,key,14862,37723,corrupted,11.797503,6.399985,5.397518,0.00783522,3.548e-05,True,9,the,the | her | a | their | an,16.0796 | 14.3108 | 13.8741 | 13.5263 | 12.2174
"While Fred and Iris were at the theater, Fred delivered the book to","While Victor and Iris were at the theater, Victor delivered the book to",Iris,Fred,Victor,BAB,5,the theater,book,34230,8559,corrupted,16.920679,7.504812,9.415867,0.70274079,5.722e-05,True,1,Iris,Iris | the | his | her | a,16.9207 | 14.1537 | 13.9883 | 13.7236 | 13.1147
"Once Paul and Clara were at the beach, Clara brought the letter to","Once Paul and Harry were at the beach, Harry brought the letter to",Paul,Clara,Harry,ABB,4,the beach,letter,3362,27443,corrupted,14.934615,7.861702,7.072913,0.0600135,5.088e-05,True,7,Hermione,Hermione | Ron | Harry | him | the,15.9158 | 15.4236 | 15.2972 | 15.1201 | 15.0944
"As Rose and Tara walked through the station, Rose offered the phone to","As Fred and Tara walked through the station, Fred offered the phone to",Tara,Rose,Fred,BAB,6,the station,phone,37723,8049,corrupted,15.126307,7.855076,7.27123,0.23600243,0.00016408,True,1,Tara,Tara | the | her | his | him,15.1263 | 14.5122 | 13.8516 | 13.7294 | 13.0917
"As Iris and Clara walked through the cafe, Iris offered the wallet to","As Frank and Clara walked through the cafe, Frank offered the wallet to",Clara,Iris,Frank,BAB,6,the cafe,wallet,27443,34230,corrupted,17.549923,7.052684,10.497239,0.74858719,2.067e-05,True,1,Clara,Clara | the | them | his | her,17.5499 | 15.0453 | 13.7443 | 13.5088 | 13.4955
"When David and Grace arrived at the station, Grace passed the ticket to","When David and Amy arrived at the station, Amy passed the ticket to",David,Grace,Amy,ABB,2,the station,ticket,3271,16156,corrupted,14.690818,6.880284,7.810534,0.1639173,6.646e-05,True,1,David,David | the | her | a | Amy,14.6908 | 14.3846 | 13.9705 | 13.4182 | 13.3762
"As Iris and Olivia walked through the theater, Iris offered the map to","As Zach and Olivia walked through the theater, Zach offered the map to",Olivia,Iris,Zach,BAB,6,the theater,map,33911,34230,corrupted,16.826313,9.013556,7.812757,0.62071186,0.0002511,True,1,Olivia,Olivia | the | his | her | a,16.8263 | 14.6468 | 14.2821 | 13.7185 | 13.0940
"When Zach and Yara went to the market, Zach gave the ticket to","When Paul and Yara went to the market, Paul gave the ticket to",Yara,Zach,Paul,BAB,0,the market,ticket,575,18825,corrupted,15.793546,7.787368,8.006177,0.4255726,0.00014188,True,1,Y,Y | the | a | his | them,15.7935 | 14.4906 | 13.7362 | 13.1485 | 13.0635
"When Fred and Harry went to the office, Harry gave the note to","When Fred and Tara went to the office, Tara gave the note to",Fred,Harry,Tara,ABB,0,the office,note,8559,5850,corrupted,17.277678,11.830276,5.447401,0.71014881,0.00305896,True,1,Fred,Fred | the | her | a | him,17.2777 | 14.4246 | 13.9479 | 12.5840 | 12.5823
"While Derek and Liam were at the hospital, Derek delivered the ticket to","While Henry and Liam were at the hospital, Henry delivered the ticket to",Liam,Derek,Henry,BAB,5,the hospital,ticket,31684,20893,corrupted,14.704556,8.015396,6.689159,0.16312994,0.00020299,True,2,the,the | Liam | his | them | a,14.7184 | 14.7046 | 13.9021 | 12.8307 | 12.7706
"When Ella and Noah went to the library, Noah gave the note to","When Ella and Zach went to the library, Zach gave the note to",Ella,Noah,Zach,ABB,0,the library,note,7122,18394,corrupted,15.719707,10.211472,5.508236,0.34264728,0.00138884,True,1,Ell,Ell | the | her | his | a,15.7197 | 14.3180 | 13.9067 | 13.8370 | 13.0701
"When Zach and Xander arrived at the restaurant, Zach passed the bag to","When Grace and Xander arrived at the restaurant, Grace passed the bag to",Xander,Zach,Grace,BAB,2,the restaurant,bag,46122,18825,corrupted,17.096567,10.46225,6.634317,0.59344697,0.00078007,True,1,Xander,Xander | her | the | a | them,17.0966 | 15.1966 | 15.1564 | 13.9428 | 13.7418
"When Frank and Victor went to the restaurant, Frank gave the wallet to","When Jack and Victor went to the restaurant, Jack gave the wallet to",Victor,Frank,Jack,BAB,0,the restaurant,wallet,12622,5278,corrupted,17.551853,8.675422,8.876431,0.73288465,0.00010234,True,1,Victor,Victor | the | his | a | them,17.5519 | 15.1489 | 14.2073 | 13.8976 | 13.2423
"After Derek and Iris left the market, Iris sent the pen to","After Derek and Gina left the market, Gina sent the pen to",Derek,Iris,Gina,ABB,3,the market,pen,20893,34230,corrupted,15.103089,6.441277,8.661813,0.30574557,5.292e-05,True,1,Derek,Derek | her | the | a | his,15.1031 | 13.7437 | 13.5001 | 12.3283 | 12.0176
"As Alice and Uma walked through the station, Alice offered the pen to","As Harry and Uma walked through the station, Harry offered the pen to",Uma,Alice,Harry,BAB,6,the station,pen,471,14862,corrupted,15.83884,9.397801,6.441039,0.27976018,0.00044615,True,1,U,U | his | the | Harry | one,15.8388 | 14.7988 | 14.7153 | 14.1835 | 13.6405
"As Quinn and Gina walked through the theater, Quinn offered the pen to","As Isla and Gina walked through the theater, Isla offered the pen to",Gina,Quinn,Isla,BAB,6,the theater,pen,43002,16109,corrupted,16.379034,5.203835,11.1752,0.66441107,9.31e-06,True,1,Gina,Gina | her | the | a | his,16.3790 | 14.3205 | 13.8843 | 13.0260 | 12.4488
"While Fred and Derek were at the theater, Derek delivered the bag to","While Fred and Kate were at the theater, Kate delivered the bag to",Fred,Derek,Kate,ABB,5,the theater,bag,8559,20893,corrupted,16.173098,6.427047,9.74605,0.41551459,2.432e-05,True,1,Fred,Fred | her | the | Kate | a,16.1731 | 14.6067 | 14.4630 | 13.5909 | 13.5267
"Once Rose and Iris were at the hospital, Iris brought the gift to","Once Rose and Tara were at the hospital, Tara brought the gift to",Rose,Iris,Tara,ABB,4,the hospital,gift,8049,34230,corrupted,15.295382,8.786304,6.509078,0.18491401,0.00027549,True,2,her,her | Rose | the | them | Tara,15.4337 | 15.2954 | 14.7765 | 13.7279 | 13.4799
"When Kate and Isla went to the beach, Isla gave the bag to","When Kate and Harry went to the beach, Harry gave the bag to",Kate,Isla,Harry,ABB,0,the beach,bag,16693,1148,corrupted,17.512709,7.842927,9.669781,0.51412863,3.247e-05,True,1,Kate,Kate | the | her | them | his,17.5127 | 15.2997 | 15.0599 | 14.8551 | 14.7933
"When Yara and Jack arrived at the park, Jack passed the gift to","When Yara and Uma arrived at the park, Uma passed the gift to",Yara,Jack,Uma,ABB,2,the park,gift,575,3619,corrupted,15.281478,7.635138,7.64634,0.22438419,0.00010721,True,1,Y,Y | her | the | U | a,15.2815 | 15.0421 | 14.2923 | 14.1072 | 13.5907
"While David and Grace were at the office, Grace delivered the key to","While David and Noah were at the office, Noah delivered the key to",David,Grace,Noah,ABB,5,the office,key,3271,16156,corrupted,12.404506,6.435448,5.969058,0.03017,7.713e-05,True,5,the,the | his | Noah | a | David,14.7691 | 13.2490 | 13.0709 | 12.8341 | 12.4045
"When Wendy and Paul visited the school, Wendy handed the trophy to","When Uma and Paul visited the school, Uma handed the trophy to",Paul,Wendy,Uma,BAB,1,the school,trophy,3362,28314,corrupted,14.961995,7.013174,7.948822,0.2132394,7.529e-05,True,1,Paul,Paul | the | her | his | a,14.9620 | 14.7002 | 14.3953 | 13.7803 | 13.4061
"After Sam and Iris left the school, Iris sent the note to","After Sam and Mia left the school, Mia sent the note to",Sam,Iris,Mia,ABB,3,the school,note,3409,34230,corrupted,15.221586,6.881474,8.340112,0.23002248,5.492e-05,True,1,Sam,Sam | her | the | his | Dean,15.2216 | 14.7999 | 14.1335 | 12.9398 | 12.7075
"After David and Victor left the school, David sent the book to","After Kate and Victor left the school, Kate sent the book to",Victor,David,Kate,BAB,3,the school,book,12622,3271,corrupted,14.605662,9.617071,4.988591,0.14305688,0.00097497,True,2,her,her | Victor | the | a | Victoria,15.1261 | 14.6057 | 13.9614 | 13.3719 | 12.4413
"When Fred and Emma visited the library, Emma handed the wallet to","When Fred and David visited the library, David handed the wallet to",Fred,Emma,David,ABB,1,the library,wallet,8559,18966,corrupted,17.546156,8.611712,8.934444,0.62605661,8.25e-05,True,1,Fred,Fred | the | his | a | them,17.5462 | 15.2004 | 14.5915 | 14.3237 | 14.2353
"While Paul and Olivia were at the cafe, Olivia delivered the map to","While Paul and Tara were at the cafe, Tara delivered the map to",Paul,Olivia,Tara,ABB,5,the cafe,map,3362,33911,corrupted,15.797344,8.688242,7.109102,0.41789329,0.00034168,True,1,Paul,Paul | the | her | them | a,15.7973 | 14.2563 | 13.7814 | 13.3615 | 12.4247
"When Liam and Isla arrived at the office, Liam passed the ticket to","When Xander and Isla arrived at the office, Xander passed the ticket to",Isla,Liam,Xander,BAB,2,the office,ticket,1148,31684,corrupted,15.002571,8.829803,6.172768,0.2259898,0.00047129,True,1,Is,Is | the | his | Xander | them,15.0026 | 14.4718 | 13.7421 | 13.5057 | 12.7926
"When Wendy and Noah visited the beach, Wendy handed the letter to","When Brian and Noah visited the beach, Brian handed the letter to",Noah,Wendy,Brian,BAB,1,the beach,letter,18394,28314,corrupted,17.574852,7.499876,10.074975,0.78125095,3.291e-05,True,1,Noah,Noah | the | his | him | a,17.5749 | 14.6167 | 14.4278 | 13.6449 | 13.2852
"When Henry and Jack visited the library, Henry handed the package to","When Clara and Jack visited the library, Clara handed the package to",Jack,Henry,Clara,BAB,1,the library,package,3619,8616,corrupted,17.166683,11.243937,5.922747,0.54080933,0.0014482,True,1,Jack,Jack | her | the | them | Clara,17.1667 | 15.4829 | 15.1081 | 14.9931 | 13.5081
"When Zach and Uma arrived at the office, Zach passed the gift to","When Clara and Uma arrived at the office, Clara passed the gift to",Uma,Zach,Clara,BAB,2,the office,gift,471,18825,corrupted,16.15057,6.749542,9.401028,0.40111822,3.315e-05,True,1,U,U | her | the | a | them,16.1506 | 15.6772 | 14.4619 | 13.3724 | 12.5194
"When Alice and Rose visited the hospital, Rose handed the key to","When Alice and Jack visited the hospital, Jack handed the key to",Alice,Rose,Jack,ABB,1,the hospital,key,14862,8049,corrupted,17.320551,10.124434,7.196117,0.65922093,0.00049408,True,1,Alice,Alice | the | her | Jack | his,17.3206 | 15.2253 | 14.2708 | 14.0128 | 13.5918
"After Harry and Emma left the mall, Harry sent the package to","After Quinn and Emma left the mall, Quinn sent the package to",Emma,Harry,Quinn,BAB,3,the mall,package,18966,5850,corrupted,15.495787,8.960688,6.535099,0.28768152,0.00041759,True,1,Emma,Emma | her | the | a | Quinn,15.4958 | 15.1173 | 14.1896 | 13.1562 | 12.8688
"As Fred and Kate walked through the station, Fred offered the jacket to","As Iris and Kate walked through the station, Iris offered the jacket to",Kate,Fred,Iris,BAB,6,the station,jacket,16693,8559,corrupted,17.114449,7.598133,9.516316,0.67535043,4.973e-05,True,1,Kate,Kate | her | the | them | Iris,17.1144 | 14.7599 | 14.6530 | 13.2346 | 13.1378
"Once Quinn and Gina were at the mall, Gina brought the gift to","Once Quinn and Liam were at the mall, Liam brought the gift to",Quinn,Gina,Liam,ABB,4,the mall,gift,16109,43002,corrupted,15.727638,7.79599,7.931649,0.29532933,0.00010608,True,1,Quinn,Quinn | her | him | them | the,15.7276 | 14.6210 | 14.4323 | 14.2680 | 14.1660
"When Fred and Clara arrived at the mall, Fred passed the phone to","When Carol and Clara arrived at the mall, Carol passed the phone to",Clara,Fred,Carol,BAB,2,the mall,phone,27443,8559,corrupted,14.850067,7.926537,6.923531,0.17147969,0.0001688,True,2,her,her | Clara | a | the | an,15.1702 | 14.8501 | 14.4308 | 14.2118 | 12.5739
"While Ella and Wendy were at the station, Ella delivered the trophy to","While Amy and Wendy were at the station, Amy delivered the trophy to",Wendy,Ella,Amy,BAB,5,the station,trophy,28314,7122,corrupted,16.037527,7.481289,8.556238,0.35344207,6.798e-05,True,1,Wendy,Wendy | her | the | a | Amy,16.0375 | 15.2074 | 14.7065 | 13.6380 | 13.5243
"While Yara and Liam were at the station, Yara delivered the key to","While Tara and Liam were at the station, Tara delivered the key to",Liam,Yara,Tara,BAB,5,the station,key,31684,575,corrupted,12.634657,8.268387,4.36627,0.02824352,0.00035865,True,5,the,the | her | a | their | Liam,15.3872 | 13.4463 | 12.9497 | 12.7612 | 12.6347
"When Sam and Isla went to the market, Isla gave the bag to","When Sam and Kate went to the market, Kate gave the bag to",Sam,Isla,Kate,ABB,0,the market,bag,3409,1148,corrupted,16.576332,6.929705,9.646627,0.51642406,3.338e-05,True,1,Sam,Sam | the | her | a | them,16.5763 | 14.4332 | 14.3941 | 13.9131 | 13.5142
"While Frank and Tara were at the theater, Tara delivered the bag to","While Frank and Yara were at the theater, Yara delivered the bag to",Frank,Tara,Yara,ABB,5,the theater,bag,5278,37723,corrupted,15.41583,6.732134,8.683696,0.32120389,5.439e-05,True,1,Frank,Frank | the | Y | her | his,15.4158 | 14.1761 | 13.8071 | 13.5518 | 13.3495
"While David and Henry were at the library, Henry delivered the wallet to","While David and Jack were at the library, Jack delivered the wallet to",David,Henry,Jack,ABB,5,the library,wallet,3271,8616,corrupted,13.942586,9.43337,4.509216,0.06766326,0.00074478,True,3,the,the | his | David | a | Jack,14.5672 | 14.3049 | 13.9426 | 13.6914 | 13.2109
"When Noah and Carol visited the park, Noah handed the jacket to","When Uma and Carol visited the park, Uma handed the jacket to",Carol,Noah,Uma,BAB,1,the park,jacket,5074,18394,corrupted,17.099375,7.879842,9.219532,0.68437195,6.781e-05,True,1,Carol,Carol | her | the | a | Car,17.0994 | 14.6701 | 14.5505 | 13.4648 | 12.4891
"After Zach and Henry left the cafe, Zach sent the wallet to","After Noah and Henry left the cafe, Noah sent the wallet to",Henry,Zach,Noah,BAB,3,the cafe,wallet,8616,18825,corrupted,15.57581,9.252684,6.323127,0.33740652,0.00060542,True,1,Henry,Henry | the | his | Noah | a,15.5758 | 14.5328 | 14.4363 | 13.1589 | 12.8751
"After Frank and Gina left the beach, Gina sent the card to","After Frank and Yara left the beach, Yara sent the card to",Frank,Gina,Yara,ABB,3,the beach,card,5278,43002,corrupted,15.678571,6.504632,9.173939,0.39374837,4.083e-05,True,1,Frank,Frank | Y | the | her | his,15.6786 | 13.8187 | 13.7568 | 13.5350 | 13.3503
"Once Paul and Brian were at the park, Brian brought the note to","Once Paul and Zach were at the park, Zach brought the note to",Paul,Brian,Zach,ABB,4,the park,note,3362,8403,corrupted,16.558056,9.253232,7.304824,0.49563572,0.00033321,True,1,Paul,Paul | the | his | them | him,16.5581 | 14.4112 | 14.0936 | 13.7604 | 13.7021
"After Amy and Fred left the gym, Fred sent the phone to","After Amy and Grace left the gym, Grace sent the phone to",Amy,Fred,Grace,ABB,3,the gym,phone,14235,8559,corrupted,15.306371,8.105494,7.200876,0.20983283,0.00015652,True,1,Amy,Amy | her | the | a | their,15.3064 | 15.1878 | 14.4491 | 13.2021 | 12.3648
"When Rose and Zach arrived at the museum, Zach passed the ticket to","When Rose and Frank arrived at the museum, Frank passed the ticket to",Rose,Zach,Frank,ABB,2,the museum,ticket,8049,18825,corrupted,15.238271,6.702743,8.535528,0.28709042,5.637e-05,True,1,Rose,Rose | the | them | her | his,15.2383 | 14.3364 | 13.8134 | 13.5457 | 13.2641
"As Amy and Tara walked through the park, Tara offered the bag to","As Amy and Ella walked through the park, Ella offered the bag to",Amy,Tara,Ella,ABB,6,the park,bag,14235,37723,corrupted,17.801685,7.94031,9.861375,0.6355902,3.315e-05,True,1,Amy,Amy | her | the | me | them,17.8017 | 15.5520 | 15.1341 | 14.3341 | 14.0890
"As Isla and Amy walked through the gym, Isla offered the jacket to","As Carol and Amy walked through the gym, Carol offered the jacket to",Amy,Isla,Carol,BAB,6,the gym,jacket,14235,1148,corrupted,18.663368,6.173404,12.489964,0.86505544,3.26e-06,True,1,Amy,Amy | her | the | a | them,18.6634 | 15.1113 | 15.1019 | 13.7356 | 13.2910
"After Sam and Derek left the store, Sam sent the gift to","After Quinn and Derek left the store, Quinn sent the gift to",Derek,Sam,Quinn,BAB,3,the store,gift,20893,3409,corrupted,15.243037,8.905532,6.337505,0.26280931,0.00046483,True,1,Derek,Derek | her | his | the | a,15.2430 | 14.7380 | 14.2485 | 13.9795 | 13.0644
"When Clara and Emma arrived at the beach, Emma passed the letter to","When Clara and Frank arrived at the beach, Frank passed the letter to",Clara,Emma,Frank,ABB,2,the beach,letter,27443,18966,corrupted,16.644491,10.575899,6.068592,0.52990246,0.00122642,True,1,Clara,Clara | her | the | them | his,16.6445 | 14.9694 | 14.2557 | 13.9673 | 13.7574
"While Bob and Henry were at the park, Bob delivered the phone to","While Victor and Henry were at the park, Victor delivered the phone to",Henry,Bob,Victor,BAB,5,the park,phone,8616,5811,corrupted,15.483894,8.238148,7.245747,0.34547684,0.00024639,True,1,Henry,Henry | the | his | Victor | a,15.4839 | 14.2631 | 13.8982 | 13.5176 | 12.8387
"When Iris and Liam went to the school, Iris gave the ticket to","When Sam and Liam went to the school, Sam gave the ticket to",Liam,Iris,Sam,BAB,0,the school,ticket,31684,34230,corrupted,16.34527,6.455371,9.889899,0.50573498,2.563e-05,True,1,Liam,Liam | the | a | his | them,16.3453 | 14.8946 | 13.9125 | 13.7168 | 13.1989
"When Tara and Victor arrived at the theater, Victor passed the letter to","When Tara and Olivia arrived at the theater, Olivia passed the letter to",Tara,Victor,Olivia,ABB,2,the theater,letter,37723,12622,corrupted,14.530522,7.477841,7.052681,0.14438102,0.0001249,True,2,her,her | Tara | the | them | a,14.7924 | 14.5305 | 14.3495 | 13.4516 | 13.1336
"As Brian and Rose walked through the gym, Brian offered the ticket to","As Yara and Rose walked through the gym, Yara offered the ticket to",Rose,Brian,Yara,BAB,6,the gym,ticket,8049,8403,corrupted,13.931791,7.290382,6.641409,0.08516169,0.00011115,True,3,the,the | her | Rose | Y | them,14.7820 | 14.2729 | 13.9318 | 13.1259 | 12.7766
"When Jack and Isla went to the restaurant, Jack gave the gift to","When Rose and Isla went to the restaurant, Rose gave the gift to",Isla,Jack,Rose,BAB,0,the restaurant,gift,1148,3619,corrupted,17.409527,9.542371,7.867156,0.77384436,0.00029648,True,1,Is,Is | the | her | a | his,17.4095 | 14.6528 | 14.3900 | 13.0963 | 12.7133
"Once Rose and Uma were at the gym, Rose brought the gift to","Once Emma and Uma were at the gym, Emma brought the gift to",Uma,Rose,Emma,BAB,4,the gym,gift,471,8049,corrupted,15.394959,10.013924,5.381036,0.13125311,0.00060416,True,2,her,her | U | Emma | the | them,16.2727 | 15.3950 | 15.3761 | 14.8742 | 13.7416
"As Victor and Frank walked through the gym, Frank offered the gift to","As Victor and Clara walked through the gym, Clara offered the gift to",Victor,Frank,Clara,ABB,6,the gym,gift,12622,5278,corrupted,17.774168,7.911289,9.862879,0.7911014,4.119e-05,True,1,Victor,Victor | her | the | Clara | him,17.7742 | 14.7556 | 14.5151 | 13.3029 | 13.0682
"While Carol and Zach were at the office, Carol delivered the book to","While Victor and Zach were at the office, Victor delivered the book to",Zach,Carol,Victor,BAB,5,the office,book,18825,5074,corrupted,15.652065,7.621181,8.030884,0.3905842,0.00012704,True,1,Zach,Zach | the | his | a | him,15.6521 | 14.2358 | 14.0890 | 13.0271 | 13.0163
"After Harry and Yara left the store, Harry sent the map to","After Tara and Yara left the store, Tara sent the map to",Yara,Harry,Tara,BAB,3,the store,map,575,5850,corrupted,14.590992,9.369012,5.22198,0.16987555,0.00091676,True,1,Y,Y | her | the | Tara | a,14.5910 | 14.4224 | 14.0156 | 12.7905 | 12.3416
"When David and Xander went to the school, Xander gave the map to","When David and Sam went to the school, Sam gave the map to",David,Xander,Sam,ABB,0,the school,map,3271,46122,corrupted,15.654222,6.813661,8.840562,0.25850928,3.742e-05,True,1,David,David | the | his | them | Sam,15.6542 | 15.0122 | 14.1905 | 13.9178 | 13.8336
"When Victor and Jack went to the restaurant, Jack gave the trophy to","When Victor and Iris went to the restaurant, Iris gave the trophy to",Victor,Jack,Iris,ABB,0,the restaurant,trophy,12622,3619,corrupted,17.409321,8.475601,8.93372,0.81460226,0.00010742,True,1,Victor,Victor | the | her | him | them,17.4093 | 14.1676 | 13.4745 | 12.8598 | 12.6726
"After Kate and Clara left the gym, Clara sent the phone to","After Kate and Carol left the gym, Carol sent the phone to",Kate,Clara,Carol,ABB,3,the gym,phone,16693,27443,corrupted,13.291939,6.395347,6.896592,0.03244887,3.281e-05,True,5,her,her | the | Carol | a | Kate,15.0321 | 14.2706 | 13.5993 | 13.4417 | 13.2919
"When Ella and Jack went to the office, Ella gave the wallet to","When Wendy and Jack went to the office, Wendy gave the wallet to",Jack,Ella,Wendy,BAB,0,the office,wallet,3619,7122,corrupted,17.156893,6.922737,10.234156,0.58326042,2.095e-05,True,1,Jack,Jack | the | her | them | Wendy,17.1569 | 15.1602 | 14.5989 | 14.5777 | 14.3321
"When Mia and Zach went to the station, Mia gave the jacket to","When Harry and Zach went to the station, Harry gave the jacket to",Zach,Mia,Harry,BAB,0,the station,jacket,18825,32189,corrupted,16.606977,6.289302,10.317675,0.48330718,1.597e-05,True,1,Zach,Zach | the | his | them | a,16.6070 | 15.0021 | 14.1589 | 14.0143 | 13.6736
"Once Harry and Xander were at the hospital, Xander brought the card to","Once Harry and Emma were at the hospital, Emma brought the card to",Harry,Xander,Emma,ABB,4,the hospital,card,5850,46122,corrupted,17.065897,8.493243,8.572654,0.33368835,6.314e-05,True,1,Harry,Harry | her | Hermione | the | him,17.0659 | 15.8987 | 15.7119 | 15.5445 | 14.8867
"As Wendy and Sam walked through the school, Sam offered the note to","As Wendy and Bob walked through the school, Bob offered the note to",Wendy,Sam,Bob,ABB,6,the school,note,28314,3409,corrupted,18.292465,10.405208,7.887258,0.78882885,0.0002962,True,1,Wendy,Wendy | the | his | her | Bob,18.2925 | 15.0856 | 14.4544 | 14.3009 | 14.0001
"Once Uma and Tara were at the market, Uma brought the book to","Once Frank and Tara were at the market, Frank brought the book to",Tara,Uma,Frank,BAB,4,the market,book,37723,471,corrupted,14.791158,7.971752,6.819406,0.16478851,0.00018001,True,1,Tara,Tara | the | them | his | him,14.7912 | 14.6620 | 14.1613 | 13.8469 | 13.6433
"After Wendy and Iris left the hospital, Wendy sent the book to","After Sam and Iris left the hospital, Sam sent the book to",Iris,Wendy,Sam,BAB,3,the hospital,book,34230,28314,corrupted,15.354737,9.06097,6.293767,0.28488216,0.0005264,True,1,Iris,Iris | his | the | her | Sam,15.3547 | 13.9345 | 13.7286 | 13.4809 | 12.9883
"When Quinn and Emma arrived at the park, Quinn passed the pen to","When Olivia and Emma arrived at the park, Olivia passed the pen to",Emma,Quinn,Olivia,BAB,2,the park,pen,18966,16109,corrupted,15.491034,8.503607,6.987427,0.20053583,0.00018518,True,2,her,her | Emma | the | a | one,15.7849 | 15.4910 | 14.6618 | 14.4727 | 12.9660
"When Jack and Gina went to the market, Jack gave the gift to","When Wendy and Gina went to the market, Wendy gave the gift to",Gina,Jack,Wendy,BAB,0,the market,gift,43002,3619,corrupted,16.056492,7.368579,8.687913,0.40233201,6.784e-05,True,1,Gina,Gina | her | the | a | their,16.0565 | 15.2607 | 14.7434 | 14.3817 | 12.9278
"After Victor and Ella left the library, Ella sent the pen to","After Victor and Harry left the library, Harry sent the pen to",Victor,Ella,Harry,ABB,3,the library,pen,12622,7122,corrupted,15.815304,6.738793,9.076511,0.32265449,3.689e-05,True,1,Victor,Victor | the | his | Harry | him,15.8153 | 14.4040 | 14.3946 | 13.8210 | 13.4454
"When Alice and Zach visited the museum, Alice handed the card to","When Quinn and Zach visited the museum, Quinn handed the card to",Zach,Alice,Quinn,BAB,1,the museum,card,18825,14862,corrupted,17.690926,8.495131,9.195795,0.76870638,7.8e-05,True,1,Zach,Zach | the | her | a | his,17.6909 | 14.7188 | 14.4015 | 13.6643 | 13.5210
"After Brian and Emma left the beach, Emma sent the ticket to","After Brian and Yara left the beach, Yara sent the ticket to",Brian,Emma,Yara,ABB,3,the beach,ticket,8403,18966,corrupted,14.775048,7.706077,7.068972,0.22307493,0.00018986,True,1,Brian,Brian | the | Y | her | his,14.7750 | 13.8480 | 13.5470 | 13.2948 | 12.5962
"After Sam and Paul left the mall, Sam sent the card to","After Fred and Paul left the mall, Fred sent the card to",Paul,Sam,Fred,BAB,3,the mall,card,3362,3409,corrupted,14.902346,9.475091,5.427255,0.19837761,0.0008719,True,1,Paul,Paul | his | the | Fred | a,14.9023 | 14.4731 | 14.2708 | 13.2252 | 13.2116
"While Olivia and Quinn were at the hospital, Olivia delivered the card to","While Gina and Quinn were at the hospital, Gina delivered the card to",Quinn,Olivia,Gina,BAB,5,the hospital,card,16109,33911,corrupted,15.05119,10.114714,4.936477,0.22154528,0.00159066,True,1,Quinn,Quinn | her | the | a | Gina,15.0512 | 14.9876 | 14.0649 | 12.8813 | 12.8108
"After Isla and Amy left the school, Amy sent the gift to","After Isla and Jack left the school, Jack sent the gift to",Isla,Amy,Jack,ABB,3,the school,gift,1148,14235,corrupted,14.895161,9.80266,5.092501,0.15943831,0.00097937,True,1,Is,Is | his | Jack | the | her,14.8952 | 14.7041 | 14.2634 | 14.1799 | 13.1675
"When Derek and Jack visited the station, Jack handed the card to","When Derek and Brian visited the station, Brian handed the card to",Derek,Jack,Brian,ABB,1,the station,card,20893,3619,corrupted,16.955061,9.50843,7.44663,0.60798496,0.0003547,True,1,Derek,Derek | the | them | a | his,16.9551 | 14.7705 | 14.3624 | 13.7144 | 13.5233
"Once Sam and Yara were at the school, Yara brought the bag to","Once Sam and Derek were at the school, Derek brought the bag to",Sam,Yara,Derek,ABB,4,the school,bag,3409,575,corrupted,14.66525,9.073755,5.591495,0.10333409,0.00038538,True,2,the,the | Sam | them | his | him,15.2057 | 14.6652 | 14.1908 | 14.1287 | 13.7237
"Once Emma and Iris were at the school, Iris brought the pen to","Once Emma and Rose were at the school, Rose brought the pen to",Emma,Iris,Rose,ABB,4,the school,pen,18966,34230,corrupted,16.851501,6.737951,10.11355,0.39005047,1.581e-05,True,1,Emma,Emma | her | the | Rose | their,16.8515 | 16.4508 | 15.3980 | 13.9990 | 13.4576
"Once Ella and Clara were at the hospital, Ella brought the trophy to","Once Zach and Clara were at the hospital, Zach brought the trophy to",Clara,Ella,Zach,BAB,4,the hospital,trophy,27443,7122,corrupted,15.848702,7.993988,7.854714,0.3093099,0.00011999,True,1,Clara,Clara | the | his | her | him,15.8487 | 14.9006 | 14.5441 | 13.9233 | 13.3334
"When Carol and Derek arrived at the restaurant, Derek passed the bag to","When Carol and Frank arrived at the restaurant, Frank passed the bag to",Carol,Derek,Frank,ABB,2,the restaurant,bag,5074,20893,corrupted,16.924465,8.160866,8.763599,0.52549469,8.215e-05,True,1,Carol,Carol | the | her | them | his,16.9245 | 14.7451 | 14.5936 | 14.4494 | 13.8613
"When Carol and Ella arrived at the museum, Carol passed the letter to","When Liam and Ella arrived at the museum, Liam passed the letter to",Ella,Carol,Liam,BAB,2,the museum,letter,7122,5074,corrupted,14.793122,6.146249,8.646873,0.19707604,3.462e-05,True,1,Ell,Ell | the | his | them | her,14.7931 | 14.2167 | 14.2077 | 13.9271 | 13.9109
"When Bob and Frank visited the museum, Frank handed the note to","When Bob and Harry visited the museum, Harry handed the note to",Bob,Frank,Harry,ABB,1,the museum,note,5811,5278,corrupted,15.582866,10.234579,5.348287,0.21913716,0.00104228,True,1,Bob,Bob | the | Harry | his | them,15.5829 | 14.9675 | 14.9035 | 14.4977 | 13.8253
"While Yara and Xander were at the store, Xander delivered the bag to","While Yara and Quinn were at the store, Quinn delivered the bag to",Yara,Xander,Quinn,ABB,5,the store,bag,575,46122,corrupted,15.573683,8.847509,6.726173,0.31149241,0.00037351,True,1,Y,Y | her | the | Quinn | a,15.5737 | 14.6150 | 14.2011 | 13.6474 | 12.8591
"While Yara and Harry were at the museum, Harry delivered the note to","While Yara and Uma were at the museum, Uma delivered the note to",Yara,Harry,Uma,ABB,5,the museum,note,575,5850,corrupted,14.351281,9.50511,4.846171,0.13769926,0.0010821,True,1,Y,Y | the | her | U | a,14.3513 | 14.2617 | 14.1783 | 13.7585 | 12.8193
"When Isla and Mia arrived at the museum, Mia passed the phone to","When Isla and David arrived at the museum, David passed the phone to",Isla,Mia,David,ABB,2,the museum,phone,1148,32189,corrupted,11.375362,9.807627,1.567736,0.00461573,0.00096246,True,15,his,his | the | a | her | them,14.7356 | 14.4008 | 14.2584 | 13.3201 | 13.0139
"When Isla and Yara arrived at the cafe, Yara passed the package to","When Isla and Derek arrived at the cafe, Derek passed the package to",Isla,Yara,Derek,ABB,2,the cafe,package,1148,575,corrupted,13.131016,8.973829,4.157187,0.03271285,0.00051201,True,6,the,the | his | them | a | their,14.4068 | 14.3239 | 13.8523 | 13.6210 | 13.4161
"As Jack and Isla walked through the gym, Isla offered the pen to","As Jack and Carol walked through the gym, Carol offered the pen to",Jack,Isla,Carol,ABB,6,the gym,pen,3619,1148,corrupted,17.121538,6.487624,10.633914,0.68815911,1.657e-05,True,1,Jack,Jack | the | her | him | them,17.1215 | 14.1075 | 14.0978 | 13.4354 | 13.4109
"While Quinn and Ella were at the cafe, Ella delivered the bag to","While Quinn and Sam were at the cafe, Sam delivered the bag to",Quinn,Ella,Sam,ABB,5,the cafe,bag,16109,7122,corrupted,15.828603,7.646194,8.182409,0.36030588,0.00010072,True,1,Quinn,Quinn | the | her | his | Sam,15.8286 | 14.2374 | 14.1060 | 13.8140 | 13.8060
"Once Kate and Gina were at the hospital, Kate brought the note to","Once Amy and Gina were at the hospital, Amy brought the note to",Gina,Kate,Amy,BAB,4,the hospital,note,43002,16693,corrupted,16.309069,10.157312,6.151756,0.24501027,0.00052181,True,2,her,her | Gina | Amy | the | them,16.3330 | 16.3091 | 15.0898 | 14.8418 | 13.7996
"Once Harry and Gina were at the library, Harry brought the phone to","Once Olivia and Gina were at the library, Olivia brought the phone to",Gina,Harry,Olivia,BAB,4,the library,phone,43002,5850,corrupted,13.67665,9.555069,4.121581,0.02417379,0.00039207,True,3,her,her | the | Gina | a | Olivia,16.5655 | 15.4408 | 13.6767 | 13.5862 | 13.3124
"After Gina and Kate left the library, Gina sent the letter to","After Iris and Kate left the library, Iris sent the letter to",Kate,Gina,Iris,BAB,3,the library,letter,16693,43002,corrupted,14.859669,6.895326,7.964343,0.21740125,7.558e-05,True,1,Kate,Kate | Iris | her | the | them,14.8597 | 14.3717 | 14.0811 | 13.9154 | 11.6647
"When Carol and Clara arrived at the beach, Clara passed the ticket to","When Carol and Mia arrived at the beach, Mia passed the ticket to",Carol,Clara,Mia,ABB,2,the beach,ticket,5074,27443,corrupted,12.226063,6.107676,6.118387,0.01976826,4.353e-05,True,6,the,the | her | a | them | their,14.4981 | 13.5213 | 13.3033 | 12.3739 | 12.2743
"When Uma and Zach went to the office, Zach gave the trophy to","When Uma and Rose went to the office, Rose gave the trophy to",Uma,Zach,Rose,ABB,0,the office,trophy,471,18825,corrupted,16.031206,6.28044,9.750766,0.45858011,2.671e-05,True,1,U,U | her | the | a | Rose,16.0312 | 14.6459 | 14.1955 | 13.2174 | 13.0400
"As Xander and Amy walked through the hospital, Amy offered the wallet to","As Xander and Ella walked through the hospital, Ella offered the wallet to",Xander,Amy,Ella,ABB,6,the hospital,wallet,46122,14235,corrupted,18.097883,9.352569,8.745315,0.82571596,0.00013146,True,1,Xander,Xander | the | her | him | Willow,18.0979 | 14.8430 | 13.7925 | 13.7048 | 13.5426
"While Mia and Tara were at the school, Tara delivered the bag to","While Mia and Zach were at the school, Zach delivered the bag to",Mia,Tara,Zach,ABB,5,the school,bag,32189,37723,corrupted,14.751715,7.58961,7.162105,0.1213541,9.41e-05,True,1,Mia,Mia | the | her | Zach | his,14.7517 | 14.6894 | 14.4131 | 14.1162 | 14.0945
"While Harry and Tara were at the store, Tara delivered the book to","While Harry and Derek were at the store, Derek delivered the book to",Harry,Tara,Derek,ABB,5,the store,book,5850,37723,corrupted,15.792901,7.927244,7.865657,0.28317082,0.00010865,True,1,Harry,Harry | the | his | them | him,15.7929 | 14.5829 | 14.5717 | 14.1886 | 13.8202
"Once Jack and Frank were at the museum, Jack brought the gift to","Once Ella and Frank were at the museum, Ella brought the gift to",Frank,Jack,Ella,BAB,4,the museum,gift,5278,3619,corrupted,14.785595,9.211151,5.574444,0.14118174,0.00053558,True,2,her,her | Frank | the | them | him,14.9795 | 14.7856 | 14.7689 | 13.2823 | 13.0861
"As Henry and Zach walked through the store, Zach offered the phone to","As Henry and Gina walked through the store, Gina offered the phone to",Henry,Zach,Gina,ABB,6,the store,phone,8616,18825,corrupted,15.783269,9.344744,6.438525,0.35212487,0.00056296,True,1,Henry,Henry | her | the | them | him,15.7833 | 14.2233 | 14.1767 | 13.2949 | 13.1518
"When Brian and Amy went to the school, Brian gave the card to","When Zach and Amy went to the school, Zach gave the card to",Amy,Brian,Zach,BAB,0,the school,card,14235,8403,corrupted,18.271194,8.830492,9.440702,0.83639711,6.643e-05,True,1,Amy,Amy | the | his | her | a,18.2712 | 15.0905 | 14.5611 | 14.1442 | 13.7105
"As Grace and Brian walked through the park, Brian offered the bag to","As Grace and Olivia walked through the park, Olivia offered the bag to",Grace,Brian,Olivia,ABB,6,the park,bag,16156,8403,corrupted,16.180864,10.765659,5.415205,0.30954313,0.00137698,True,1,Grace,Grace | her | the | them | Olivia,16.1809 | 15.3925 | 14.9135 | 14.2782 | 13.8333
"When Ella and Jack visited the museum, Ella handed the ticket to","When Alice and Jack visited the museum, Alice handed the ticket to",Jack,Ella,Alice,BAB,1,the museum,ticket,3619,7122,corrupted,16.970467,7.171596,9.798871,0.52413195,2.91e-05,True,1,Jack,Jack | the | her | them | a,16.9705 | 15.3518 | 14.8910 | 14.7691 | 13.7967
"When Henry and Rose arrived at the theater, Henry passed the note to","When Bob and Rose arrived at the theater, Bob passed the note to",Rose,Henry,Bob,BAB,2,the theater,note,8049,8616,corrupted,16.374466,8.673647,7.700819,0.44198722,0.00019998,True,1,Rose,Rose | his | the | a | her,16.3745 | 15.3169 | 14.7919 | 13.9444 | 13.8066
"As Derek and Frank walked through the park, Derek offered the wallet to","As Wendy and Frank walked through the park, Wendy offered the wallet to",Frank,Derek,Wendy,BAB,6,the park,wallet,5278,20893,corrupted,16.451969,6.713472,9.738497,0.43392628,2.559e-05,True,1,Frank,Frank | the | her | a | them,16.4520 | 15.1882 | 14.7482 | 13.8538 | 13.7811
"After Xander and Yara left the store, Xander sent the key to","After Liam and Yara left the store, Liam sent the key to",Yara,Xander,Liam,BAB,3,the store,key,575,46122,corrupted,14.701481,7.521121,7.18036,0.21561222,0.00016417,True,1,Y,Y | the | his | a | them,14.7015 | 14.2860 | 13.9787 | 12.6195 | 12.3762
"When Rose and Isla visited the mall, Isla handed the map to","When Rose and Carol visited the mall, Carol handed the map to",Rose,Isla,Carol,ABB,1,the mall,map,8049,1148,corrupted,15.179846,6.859814,8.320032,0.19826797,4.83e-05,True,1,Rose,Rose | her | the | them | a,15.1798 | 15.0241 | 14.7010 | 14.1185 | 13.4950
"Once Kate and Sam were at the market, Kate brought the trophy to","Once Carol and Sam were at the market, Carol brought the trophy to",Sam,Kate,Carol,BAB,4,the market,trophy,3409,16693,corrupted,15.322343,9.39187,5.930473,0.17580517,0.00046715,True,2,her,her | Sam | the | them | him,15.3266 | 15.3223 | 14.9987 | 13.8610 | 13.4658
"When Victor and Wendy arrived at the restaurant, Wendy passed the key to","When Victor and Derek arrived at the restaurant, Derek passed the key to",Victor,Wendy,Derek,ABB,2,the restaurant,key,12622,28314,corrupted,14.118993,7.755785,6.363207,0.08181402,0.00014103,True,3,the,the | his | Victor | their | a,15.8565 | 14.3942 | 14.1190 | 13.7680 | 13.7320
"When Brian and Liam went to the theater, Liam gave the pen to","When Brian and Yara went to the theater, Yara gave the pen to",Brian,Liam,Yara,ABB,0,the theater,pen,8403,31684,corrupted,17.206755,7.113819,10.092936,0.80902678,3.347e-05,True,1,Brian,Brian | the | Y | her | his,17.2068 | 13.8258 | 13.1194 | 13.0988 | 13.0777
"After Zach and Xander left the library, Zach sent the pen to","After Rose and Xander left the library, Rose sent the pen to",Xander,Zach,Rose,BAB,3,the library,pen,46122,18825,corrupted,15.645042,8.89382,6.751223,0.3523007,0.000412,True,1,Xander,Xander | the | her | a | Rose,15.6450 | 14.3596 | 14.1769 | 12.5011 | 12.4695
"After Frank and Zach left the office, Zach sent the package to","After Frank and Gina left the office, Gina sent the package to",Frank,Zach,Gina,ABB,3,the office,package,5278,18825,corrupted,15.203159,8.373899,6.829261,0.22579937,0.00024424,True,1,Frank,Frank | her | the | Gina | a,15.2032 | 14.7210 | 14.0516 | 13.1290 | 12.6728
"Once Carol and Emma were at the park, Carol brought the key to","Once Wendy and Emma were at the park, Wendy brought the key to",Emma,Carol,Wendy,BAB,4,the park,key,18966,5074,corrupted,13.621319,6.820212,6.801106,0.02996041,3.333e-05,True,3,the,the | her | Emma | their | a,16.4521 | 15.4003 | 13.6213 | 13.5865 | 13.4777
"When Olivia and Bob went to the restaurant, Olivia gave the package to","When Sam and Bob went to the restaurant, Sam gave the package to",Bob,Olivia,Sam,BAB,0,the restaurant,package,5811,33911,corrupted,17.507647,6.646183,10.861463,0.68270808,1.31e-05,True,1,Bob,Bob | the | his | a | them,17.5076 | 15.0972 | 14.7451 | 13.9152 | 13.5021
"When Noah and Brian visited the museum, Brian handed the bag to","When Noah and Clara visited the museum, Clara handed the bag to",Noah,Brian,Clara,ABB,1,the museum,bag,18394,8403,corrupted,17.885492,8.54832,9.337173,0.78053457,6.876e-05,True,1,Noah,Noah | the | her | them | him,17.8855 | 14.8830 | 14.1766 | 14.1747 | 13.3741
"When Yara and Quinn went to the theater, Yara gave the jacket to","When Alice and Quinn went to the theater, Alice gave the jacket to",Quinn,Yara,Alice,BAB,0,the theater,jacket,16109,575,corrupted,16.927639,7.654942,9.272697,0.61941165,5.82e-05,True,1,Quinn,Quinn | her | the | a | them,16.9276 | 14.9476 | 14.5690 | 13.8274 | 13.1528
"After Gina and Emma left the market, Emma sent the book to","After Gina and Tara left the market, Tara sent the book to",Gina,Emma,Tara,ABB,3,the market,book,43002,18966,corrupted,14.164536,9.164298,5.000237,0.10483321,0.00070619,True,2,her,her | Gina | Tara | the | a,14.5998 | 14.1645 | 13.8951 | 13.5896 | 12.7954
"When Tara and Gina visited the gym, Gina handed the wallet to","When Tara and Mia visited the gym, Mia handed the wallet to",Tara,Gina,Mia,ABB,1,the gym,wallet,37723,43002,corrupted,16.042042,9.332521,6.70952,0.40987611,0.00049974,True,1,Tara,Tara | the | her | them | a,16.0420 | 14.7330 | 14.6024 | 13.5663 | 13.2661
"While Isla and Yara were at the station, Yara delivered the trophy to","While Isla and Uma were at the station, Uma delivered the trophy to",Isla,Yara,Uma,ABB,5,the station,trophy,1148,575,corrupted,13.808762,9.721557,4.087205,0.12040662,0.00202116,True,1,Is,Is | the | her | U | his,13.8088 | 13.8071 | 13.5384 | 13.4274 | 12.7113
"While Clara and Kate were at the office, Clara delivered the phone to","While Wendy and Kate were at the office, Wendy delivered the phone to",Kate,Clara,Wendy,BAB,5,the office,phone,16693,27443,corrupted,13.991219,6.407948,7.58327,0.06870957,3.497e-05,True,3,her,her | the | Kate | a | Wendy,15.0944 | 14.6505 | 13.9912 | 13.9295 | 13.4367
"Once Wendy and Tara were at the office, Wendy brought the wallet to","Once Ella and Tara were at the office, Ella brought the wallet to",Tara,Wendy,Ella,BAB,4,the office,wallet,37723,28314,corrupted,14.478643,9.132192,5.346452,0.08911507,0.00042464,True,3,her,her | the | Tara | them | me,15.3573 | 15.3300 | 14.4786 | 13.6834 | 13.3457
"While Grace and Clara were at the restaurant, Clara delivered the trophy to","While Grace and Kate were at the restaurant, Kate delivered the trophy to",Grace,Clara,Kate,ABB,5,the restaurant,trophy,16156,27443,corrupted,14.465406,5.97979,8.485616,0.14011866,2.892e-05,True,2,her,her | Grace | the | a | Kate,14.6949 | 14.4654 | 14.2778 | 13.2405 | 12.7034
"When David and Mia went to the market, David gave the book to","When Paul and Mia went to the market, Paul gave the book to",Mia,David,Paul,BAB,0,the market,book,32189,3271,corrupted,15.904137,9.964379,5.939757,0.4444547,0.0011701,True,1,Mia,Mia | his | the | a | her,15.9041 | 14.2822 | 14.1236 | 13.8356 | 13.1090
"After Xander and Sam left the theater, Sam sent the bag to","After Xander and Yara left the theater, Yara sent the bag to",Xander,Sam,Yara,ABB,3,the theater,bag,46122,3409,corrupted,15.519159,9.415521,6.103639,0.32843071,0.00073395,True,1,Xander,Xander | the | Y | her | his,15.5192 | 14.3406 | 13.6952 | 13.6940 | 13.1623
"While Liam and Isla were at the museum, Liam delivered the bag to","While Yara and Isla were at the museum, Yara delivered the bag to",Isla,Liam,Yara,BAB,5,the museum,bag,1148,31684,corrupted,16.261545,6.729632,9.531913,0.59633332,4.323e-05,True,1,Is,Is | the | her | Y | his,16.2615 | 13.9682 | 13.6633 | 13.3546 | 12.6189
"Once Isla and Bob were at the office, Bob brought the jacket to","Once Isla and Gina were at the office, Gina brought the jacket to",Isla,Bob,Gina,ABB,4,the office,jacket,1148,5811,corrupted,10.751831,10.076687,0.675144,0.0016733,0.00085185,True,33,Gina,Gina | her | the | me | my,15.8682 | 15.2435 | 15.0253 | 14.0221 | 12.9071
"When Gina and Mia visited the library, Mia handed the bag to","When Gina and Isla visited the library, Isla handed the bag to",Gina,Mia,Isla,ABB,1,the library,bag,43002,32189,corrupted,17.056511,8.455078,8.601433,0.61522746,0.0001131,True,1,Gina,Gina | her | the | them | Is,17.0565 | 14.8850 | 14.8797 | 13.6143 | 13.2199
"When Mia and Tara went to the cafe, Mia gave the phone to","When Xander and Tara went to the cafe, Xander gave the phone to",Tara,Mia,Xander,BAB,0,the cafe,phone,37723,32189,corrupted,16.051947,8.224058,7.827888,0.3281745,0.00013077,True,1,Tara,Tara | the | his | them | a,16.0519 | 15.0404 | 14.3851 | 13.8163 | 13.7926
"When Carol and Liam arrived at the theater, Carol passed the phone to","When Sam and Liam arrived at the theater, Sam passed the phone to",Liam,Carol,Sam,BAB,2,the theater,phone,31684,5074,corrupted,16.548927,6.562722,9.986206,0.57663363,2.654e-05,True,1,Liam,Liam | his | the | a | him,16.5489 | 14.4232 | 14.2385 | 14.2029 | 12.6027
"When Quinn and Harry arrived at the library, Quinn passed the jacket to","When Kate and Harry arrived at the library, Kate passed the jacket to",Harry,Quinn,Kate,BAB,2,the library,jacket,5850,16109,corrupted,16.750099,6.610394,10.139706,0.52709889,2.081e-05,True,1,Harry,Harry | her | the | a | his,16.7501 | 14.9188 | 14.7195 | 14.2414 | 12.8259
"When Paul and Ella went to the museum, Paul gave the trophy to","When Tara and Ella went to the museum, Tara gave the trophy to",Ella,Paul,Tara,BAB,0,the museum,trophy,7122,3362,corrupted,15.548839,8.463405,7.085434,0.2847552,0.0002384,True,1,Ell,Ell | her | the | a | them,15.5488 | 15.1284 | 14.5405 | 13.7083 | 12.5874
"When Xander and Uma visited the hospital, Xander handed the key to","When Quinn and Uma visited the hospital, Quinn handed the key to",Uma,Xander,Quinn,BAB,1,the hospital,key,471,46122,corrupted,16.381172,7.17152,9.209652,0.47006238,4.704e-05,True,1,U,U | the | her | his | a,16.3812 | 15.2018 | 15.1551 | 13.0657 | 12.8661
"As Zach and Frank walked through the school, Frank offered the map to","As Zach and Victor walked through the school, Victor offered the map to",Zach,Frank,Victor,ABB,6,the school,map,18825,5278,corrupted,15.991562,7.540999,8.450563,0.37596425,8.037e-05,True,1,Zach,Zach | the | them | Victor | his,15.9916 | 14.8329 | 14.6736 | 13.3838 | 13.2369
"When Yara and Zach went to the beach, Zach gave the jacket to","When Yara and Mia went to the beach, Mia gave the jacket to",Yara,Zach,Mia,ABB,0,the beach,jacket,575,18825,corrupted,15.525966,7.772614,7.753352,0.29029483,0.00012462,True,1,Y,Y | her | Mia | the | a,15.5260 | 14.2338 | 14.2173 | 14.1831 | 13.4778
"After Tara and Paul left the restaurant, Tara sent the bag to","After Carol and Paul left the restaurant, Carol sent the bag to",Paul,Tara,Carol,BAB,3,the restaurant,bag,3362,37723,corrupted,14.813101,7.063796,7.749305,0.18045418,7.778e-05,True,1,Paul,Paul | the | her | a | Carol,14.8131 | 14.5825 | 14.5261 | 13.4403 | 13.2860
"While Carol and Wendy were at the office, Wendy delivered the phone to","While Carol and Noah were at the office, Noah delivered the phone to",Carol,Wendy,Noah,ABB,5,the office,phone,5074,28314,corrupted,16.165478,7.990621,8.174857,0.46073684,0.00012977,True,1,Carol,Carol | the | his | her | a,16.1655 | 13.9182 | 13.7307 | 13.3629 | 13.0087
"When Zach and Clara arrived at the library, Clara passed the ticket to","When Zach and Yara arrived at the library, Yara passed the ticket to",Zach,Clara,Yara,ABB,2,the library,ticket,18825,27443,corrupted,14.925329,6.265733,8.659596,0.26097751,4.527e-05,True,1,Zach,Zach | the | them | her | a,14.9253 | 14.0226 | 13.3970 | 13.1828 | 12.8758
"Once Ella and Fred were at the mall, Ella brought the letter to","Once Alice and Fred were at the mall, Alice brought the letter to",Fred,Ella,Alice,BAB,4,the mall,letter,8559,7122,corrupted,15.672223,9.568997,6.103226,0.20651445,0.00046169,True,1,Fred,Fred | her | the | Alice | them,15.6722 | 15.4655 | 14.6806 | 14.3036 | 13.8281
"After Amy and Olivia left the market, Olivia sent the trophy to","After Amy and Harry left the market, Harry sent the trophy to",Amy,Olivia,Harry,ABB,3,the market,trophy,14235,33911,corrupted,15.057055,9.316983,5.740072,0.16334631,0.00052508,True,1,Amy,Amy | his | the | her | Hermione,15.0571 | 14.5938 | 14.2556 | 13.9577 | 13.4677
"As Victor and Mia walked through the museum, Victor offered the book to","As Grace and Mia walked through the museum, Grace offered the book to",Mia,Victor,Grace,BAB,6,the museum,book,32189,12622,corrupted,15.239929,8.457522,6.782407,0.22629546,0.00025652,True,1,Mia,Mia | her | the | a | me,15.2399 | 15.0170 | 14.4401 | 13.8203 | 13.0601
"When Wendy and Ella arrived at the cafe, Wendy passed the letter to","When Gina and Ella arrived at the cafe, Gina passed the letter to",Ella,Wendy,Gina,BAB,2,the cafe,letter,7122,28314,corrupted,14.307659,8.967113,5.340546,0.12083156,0.00057918,True,2,her,her | Ell | the | a | them,15.1475 | 14.3077 | 14.2116 | 13.3671 | 13.2534
"Once Olivia and Alice were at the theater, Olivia brought the key to","Once Quinn and Alice were at the theater, Quinn brought the key to",Alice,Olivia,Quinn,BAB,4,the theater,key,14862,33911,corrupted,15.127802,7.932609,7.195193,0.16553375,0.00012418,True,2,the,the | Alice | her | his | a,15.9340 | 15.1278 | 15.0148 | 13.4831 | 13.2773
"While Emma and Wendy were at the school, Wendy delivered the phone to","While Emma and Paul were at the school, Paul delivered the phone to",Emma,Wendy,Paul,ABB,5,the school,phone,18966,28314,corrupted,16.238302,8.519519,7.718783,0.43758163,0.00019446,True,1,Emma,Emma | her | the | his | a,16.2383 | 14.3035 | 14.2578 | 14.1076 | 13.6993
"Once Harry and Alice were at the store, Harry brought the note to","Once Henry and Alice were at the store, Henry brought the note to",Alice,Harry,Henry,BAB,4,the store,note,14862,5850,corrupted,18.018158,11.365762,6.652396,0.72409189,0.00093475,True,1,Alice,Alice | her | the | his | them,18.0182 | 15.0742 | 14.8535 | 14.8343 | 14.4077
"As Liam and Mia walked through the hospital, Mia offered the trophy to","As Liam and Iris walked through the hospital, Iris offered the trophy to",Liam,Mia,Iris,ABB,6,the hospital,trophy,31684,32189,corrupted,15.828472,9.539109,6.289363,0.34689403,0.00064382,True,1,Liam,Liam | her | the | Iris | them,15.8285 | 14.5256 | 14.4603 | 14.0925 | 13.6407
"After Amy and Rose left the park, Amy sent the phone to","After Yara and Rose left the park, Yara sent the phone to",Rose,Amy,Yara,BAB,3,the park,phone,8049,14235,corrupted,13.303266,9.193122,4.110144,0.07523037,0.00123419,True,3,her,her | the | Rose | Y | a,14.1276 | 13.9669 | 13.3033 | 12.8966 | 12.1689
"While David and Uma were at the restaurant, David delivered the package to","While Alice and Uma were at the restaurant, Alice delivered the package to",Uma,David,Alice,BAB,5,the restaurant,package,471,3271,corrupted,16.353836,8.722549,7.631287,0.42541513,0.00020634,True,1,U,U | her | the | Alice | a,16.3538 | 15.4821 | 14.7859 | 13.2060 | 13.1861
"As Zach and Xander walked through the museum, Xander offered the book to","As Zach and Frank walked through the museum, Frank offered the book to",Zach,Xander,Frank,ABB,6,the museum,book,18825,46122,corrupted,15.694798,8.528339,7.166459,0.24781312,0.00019132,True,1,Zach,Zach | them | the | a | me,15.6948 | 14.6586 | 14.4176 | 13.9832 | 13.9709
"As Ella and Fred walked through the store, Fred offered the gift to","As Ella and Clara walked through the store, Clara offered the gift to",Ella,Fred,Clara,ABB,6,the store,gift,7122,8559,corrupted,14.819604,9.974873,4.844731,0.16036002,0.00126199,True,2,her,her | Ell | the | Clara | a,14.9168 | 14.8196 | 14.4704 | 13.3481 | 13.0193
"While Zach and Frank were at the restaurant, Zach delivered the jacket to","While Gina and Frank were at the restaurant, Gina delivered the jacket to",Frank,Zach,Gina,BAB,5,the restaurant,jacket,5278,18825,corrupted,16.082272,7.08721,8.995062,0.41657019,5.166e-05,True,1,Frank,Frank | her | the | a | their,16.0823 | 14.8470 | 14.7777 | 13.7182 | 13.2079
"When Amy and Sam visited the gym, Sam handed the package to","When Amy and Jack visited the gym, Jack handed the package to",Amy,Sam,Jack,ABB,1,the gym,package,14235,3409,corrupted,18.214813,12.26557,5.949244,0.7101835,0.00185203,True,1,Amy,Amy | her | the | them | his,18.2148 | 15.6926 | 15.2894 | 14.9587 | 14.5627
"After Henry and Bob left the hospital, Bob sent the note to","After Henry and Liam left the hospital, Liam sent the note to",Henry,Bob,Liam,ABB,3,the hospital,note,8616,5811,corrupted,14.646339,8.772756,5.873584,0.14030506,0.00039465,True,1,Henry,Henry | his | the | Liam | him,14.6463 | 14.5118 | 13.8858 | 13.5417 | 12.9394
"While Liam and Iris were at the theater, Iris delivered the ticket to","While Liam and Emma were at the theater, Emma delivered the ticket to",Liam,Iris,Emma,ABB,5,the theater,ticket,31684,34230,corrupted,15.401646,6.570806,8.83084,0.23544091,3.441e-05,True,1,Liam,Liam | the | her | Emma | a,15.4016 | 15.0382 | 14.0831 | 13.7068 | 13.4267
"When Bob and Paul went to the park, Paul gave the pen to","When Bob and Noah went to the park, Noah gave the pen to",Bob,Paul,Noah,ABB,0,the park,pen,5811,3362,corrupted,15.776738,9.928298,5.84844,0.35398459,0.00102103,True,1,Bob,Bob | Noah | the | his | a,15.7767 | 14.4820 | 14.2334 | 14.1837 | 13.8078
"When Amy and Iris arrived at the cafe, Amy passed the jacket to","When Gina and Iris arrived at the cafe, Gina passed the jacket to",Iris,Amy,Gina,BAB,2,the cafe,jacket,34230,14235,corrupted,16.449429,8.659193,7.790236,0.50771803,0.00021007,True,1,Iris,Iris | her | the | a | them,16.4494 | 15.3419 | 14.6258 | 13.4606 | 12.9072
"After Victor and Iris left the market, Victor sent the bag to","After Ella and Iris left the market, Ella sent the bag to",Iris,Victor,Ella,BAB,3,the market,bag,34230,12622,corrupted,13.801214,7.949907,5.851307,0.1325642,0.00038127,True,1,Iris,Iris | the | her | a | their,13.8012 | 13.7630 | 13.6610 | 12.2609 | 11.1156
"Once Brian and Wendy were at the store, Wendy brought the trophy to","Once Brian and Emma were at the store, Emma brought the trophy to",Brian,Wendy,Emma,ABB,4,the store,trophy,8403,28314,corrupted,15.972791,9.403206,6.569585,0.21067324,0.00029544,True,1,Brian,Brian | her | the | him | them,15.9728 | 15.7704 | 15.1192 | 14.4252 | 14.1844
"Once Victor and Olivia were at the station, Victor brought the jacket to","Once Harry and Olivia were at the station, Harry brought the jacket to",Olivia,Victor,Harry,BAB,4,the station,jacket,33911,12622,corrupted,16.53627,8.867808,7.668462,0.29452571,0.00013764,True,1,Olivia,Olivia | the | his | her | Hermione,16.5363 | 15.7887 | 15.6850 | 14.8379 | 14.4944
"Once Xander and Liam were at the museum, Xander brought the note to","Once Jack and Liam were at the museum, Jack brought the note to",Liam,Xander,Jack,BAB,4,the museum,note,31684,46122,corrupted,14.929576,5.909889,9.019687,0.15588941,1.886e-05,True,1,Liam,Liam | his | the | them | him,14.9296 | 14.4119 | 14.3484 | 13.9659 | 13.9592
"When Olivia and Ella arrived at the beach, Olivia passed the trophy to","When Frank and Ella arrived at the beach, Frank passed the trophy to",Ella,Olivia,Frank,BAB,2,the beach,trophy,7122,33911,corrupted,15.530544,9.324814,6.20573,0.28380859,0.00057268,True,1,Ell,Ell | the | his | a | their,15.5305 | 14.4508 | 14.2820 | 13.7923 | 13.6643
"While Gina and Ella were at the park, Ella delivered the key to","While Gina and Kate were at the park, Kate delivered the key to",Gina,Ella,Kate,ABB,5,the park,key,43002,7122,corrupted,13.919372,7.129401,6.78997,0.08942323,0.0001006,True,3,the,the | her | Gina | a | their,15.3513 | 13.9208 | 13.9194 | 12.9247 | 12.4777
"When Rose and Harry went to the cafe, Harry gave the package to","When Rose and Sam went to the cafe, Sam gave the package to",Rose,Harry,Sam,ABB,0,the cafe,package,8049,5850,corrupted,17.012686,10.063931,6.948754,0.60857195,0.00058413,True,1,Rose,Rose | Sam | the | her | his,17.0127 | 14.4733 | 14.4613 | 14.3243 | 13.8548
"Once Mia and Xander were at the theater, Mia brought the key to","Once Sam and Xander were at the theater, Sam brought the key to",Xander,Mia,Sam,BAB,4,the theater,key,46122,32189,corrupted,13.656856,7.48739,6.169466,0.03637866,7.612e-05,True,4,the,the | his | a | Xander | their,16.2871 | 14.8777 | 13.6793 | 13.6569 | 13.3363
"Once Liam and Iris were at the mall, Iris brought the map to","Once Liam and Brian were at the mall, Brian brought the map to",Liam,Iris,Brian,ABB,4,the mall,map,31684,34230,corrupted,14.220759,6.522209,7.69855,0.05345531,2.424e-05,True,5,them,them | him | the | his | Liam,15.5126 | 15.3224 | 14.9496 | 14.4812 | 14.2208
"When Quinn and Mia went to the hospital, Mia gave the package to","When Quinn and Brian went to the hospital, Brian gave the package to",Quinn,Mia,Brian,ABB,0,the hospital,package,16109,32189,corrupted,17.142014,8.654193,8.487821,0.69233906,0.0001426,True,1,Quinn,Quinn | her | the | his | them,17.1420 | 14.5596 | 14.1277 | 13.7043 | 13.4590
"Once Clara and Gina were at the store, Gina brought the jacket to","Once Clara and Olivia were at the store, Olivia brought the jacket to",Clara,Gina,Olivia,ABB,4,the store,jacket,27443,43002,corrupted,14.332284,8.900344,5.43194,0.05954227,0.00026047,True,3,her,her | the | Clara | Olivia | them,15.5908 | 15.3762 | 14.3323 | 13.9275 | 13.5417
"While Iris and Harry were at the school, Harry delivered the note to","While Iris and Frank were at the school, Frank delivered the note to",Iris,Harry,Frank,ABB,5,the school,note,34230,5850,corrupted,15.908524,10.330738,5.577785,0.3733387,0.00141157,True,1,Iris,Iris | the | her | his | a,15.9085 | 14.4921 | 14.3262 | 13.8988 | 13.1316
"When Clara and Harry went to the station, Clara gave the bag to","When Alice and Harry went to the station, Alice gave the bag to",Harry,Clara,Alice,BAB,0,the station,bag,5850,27443,corrupted,17.120407,7.907872,9.212535,0.48302588,4.82e-05,True,1,Harry,Harry | the | her | them | Ron,17.1204 | 15.5291 | 15.1362 | 14.8464 | 14.0477
"As Frank and Fred walked through the hospital, Fred offered the wallet to","As Frank and Emma walked through the hospital, Emma offered the wallet to",Frank,Fred,Emma,ABB,6,the hospital,wallet,5278,8559,corrupted,17.024172,11.59308,5.431092,0.56229115,0.00246189,True,1,Frank,Frank | the | her | them | Emma,17.0242 | 14.9864 | 14.5638 | 13.7146 | 13.3794
"Once Alice and Paul were at the theater, Alice brought the jacket to","Once Carol and Paul were at the theater, Carol brought the jacket to",Paul,Alice,Carol,BAB,4,the theater,jacket,3362,14862,corrupted,14.733298,9.524519,5.208779,0.10847001,0.00059315,True,3,the,the | her | Paul | me | a,15.4615 | 14.8044 | 14.7333 | 13.7722 | 13.5041
"When Sam and Henry went to the gym, Henry gave the letter to","When Sam and Zach went to the gym, Zach gave the letter to",Sam,Henry,Zach,ABB,0,the gym,letter,3409,8616,corrupted,15.325736,7.528781,7.796955,0.33434266,0.00013741,True,1,Sam,Sam | his | the | Dean | them,15.3257 | 14.1667 | 14.1370 | 12.8339 | 12.7498
"Once Victor and Noah were at the market, Noah brought the key to","Once Victor and Quinn were at the market, Quinn brought the key to",Victor,Noah,Quinn,ABB,4,the market,key,12622,18394,corrupted,14.416113,5.062497,9.353616,0.17649464,1.529e-05,True,2,the,the | Victor | his | her | their,14.9205 | 14.4161 | 13.3000 | 12.9305 | 12.6020
"When Ella and Harry went to the school, Ella gave the bag to","When Alice and Harry went to the school, Alice gave the bag to",Harry,Ella,Alice,BAB,0,the school,bag,5850,7122,corrupted,17.119316,6.731232,10.388084,0.47797,1.472e-05,True,1,Harry,Harry | the | her | them | Ron,17.1193 | 15.5675 | 15.4050 | 14.8365 | 13.7593
"Once Xander and Victor were at the restaurant, Xander brought the ticket to","Once Quinn and Victor were at the restaurant, Quinn brought the ticket to",Victor,Xander,Quinn,BAB,4,the restaurant,ticket,12622,46122,corrupted,15.150303,6.785347,8.364955,0.19016166,4.429e-05,True,2,the,the | Victor | her | him | his,15.3188 | 15.1503 | 14.2093 | 13.4203 | 13.2556
"As Brian and Grace walked through the library, Grace offered the card to","As Brian and Xander walked through the library, Xander offered the card to",Brian,Grace,Xander,ABB,6,the library,card,8403,16156,corrupted,16.488186,8.880594,7.607592,0.34216455,0.00016994,True,1,Brian,Brian | them | the | Xander | his,16.4882 | 15.2348 | 15.0860 | 14.6825 | 14.2380
"When Carol and Victor went to the store, Carol gave the letter to","When Frank and Victor went to the store, Frank gave the letter to",Victor,Carol,Frank,BAB,0,the store,letter,12622,5074,corrupted,17.035021,8.371326,8.663694,0.66860592,0.0001155,True,1,Victor,Victor | the | his | a | them,17.0350 | 14.7885 | 14.0171 | 13.4396 | 13.1924
"When Rose and Clara visited the park, Clara handed the book to","When Rose and Paul visited the park, Paul handed the book to",Rose,Clara,Paul,ABB,1,the park,book,8049,27443,corrupted,16.904306,7.63073,9.273577,0.5778026,5.424e-05,True,1,Rose,Rose | the | her | his | a,16.9043 | 14.7578 | 14.3318 | 14.0696 | 13.8894
"As Harry and Grace walked through the station, Harry offered the key to","As Rose and Grace walked through the station, Rose offered the key to",Grace,Harry,Rose,BAB,6,the station,key,16156,5850,corrupted,8.600841,8.140445,0.460396,0.00043037,0.00027158,True,101,the,the | her | their | a | unlocking,15.4844 | 14.2721 | 13.6361 | 13.0981 | 12.1450
"When Victor and Carol went to the store, Carol gave the phone to","When Victor and Bob went to the store, Bob gave the phone to",Victor,Carol,Bob,ABB,0,the store,phone,12622,5074,corrupted,17.774849,9.915507,7.859342,0.77925974,0.00030089,True,1,Victor,Victor | the | a | them | his,17.7748 | 14.6291 | 13.8932 | 13.7609 | 13.5777
"When David and Uma visited the beach, David handed the jacket to","When Bob and Uma visited the beach, Bob handed the jacket to",Uma,David,Bob,BAB,1,the beach,jacket,471,3271,corrupted,16.804001,9.241949,7.562052,0.49554709,0.00025759,True,1,U,U | the | his | her | them,16.8040 | 15.1188 | 14.8992 | 14.2216 | 14.0887
"When Quinn and Bob visited the school, Bob handed the map to","When Quinn and Frank visited the school, Frank handed the map to",Quinn,Bob,Frank,ABB,1,the school,map,16109,5811,corrupted,16.884533,9.417011,7.467522,0.63978732,0.00036554,True,1,Quinn,Quinn | the | her | them | his,16.8845 | 14.6235 | 14.1170 | 13.9944 | 13.3392
"As Victor and Derek walked through the store, Victor offered the map to","As Xander and Derek walked through the store, Xander offered the map to",Derek,Victor,Xander,BAB,6,the store,map,20893,12622,corrupted,15.495127,8.355884,7.139243,0.24691696,0.00019589,True,1,Derek,Derek | the | them | his | him,15.4951 | 15.1261 | 14.5857 | 14.2672 | 13.3797
"While Paul and Iris were at the station, Paul delivered the jacket to","While Quinn and Iris were at the station, Quinn delivered the jacket to",Iris,Paul,Quinn,BAB,5,the station,jacket,34230,3362,corrupted,15.590199,8.037362,7.552836,0.45440519,0.00023839,True,1,Iris,Iris | the | her | a | his,15.5902 | 13.9651 | 13.9207 | 12.7048 | 11.7257
"Once Uma and Wendy were at the hospital, Wendy brought the key to","Once Uma and Emma were at the hospital, Emma brought the key to",Uma,Wendy,Emma,ABB,4,the hospital,key,471,28314,corrupted,13.630069,7.309001,6.321068,0.03440925,6.187e-05,True,4,the,the | her | Emma | U | their,16.0904 | 15.3242 | 13.6675 | 13.6301 | 13.4731
"When Sam and Carol arrived at the restaurant, Sam passed the gift to","When Bob and Carol arrived at the restaurant, Bob passed the gift to",Carol,Sam,Bob,BAB,2,the restaurant,gift,5074,3409,corrupted,17.013857,9.098282,7.915575,0.53434956,0.00019505,True,1,Carol,Carol | his | the | her | a,17.0139 | 15.2296 | 15.0866 | 14.4623 | 14.2744
"Once Gina and Fred were at the park, Gina brought the key to","Once Henry and Fred were at the park, Henry brought the key to",Fred,Gina,Henry,BAB,4,the park,key,8559,43002,corrupted,13.733255,5.096611,8.636645,0.05703307,1.012e-05,True,3,the,the | his | Fred | a | their,15.7962 | 14.2182 | 13.7333 | 13.0622 | 12.9095
"After David and Frank left the school, Frank sent the note to","After David and Rose left the school, Rose sent the note to",David,Frank,Rose,ABB,3,the school,note,3271,5278,corrupted,13.704274,8.86142,4.842854,0.04953058,0.00039052,True,4,her,her | his | the | David | Rose,15.1251 | 14.4498 | 14.4191 | 13.7043 | 13.3658
"After Brian and Wendy left the cafe, Wendy sent the jacket to","After Brian and Amy left the cafe, Amy sent the jacket to",Brian,Wendy,Amy,ABB,3,the cafe,jacket,8403,28314,corrupted,16.534044,9.446301,7.087743,0.39701426,0.00033162,True,1,Brian,Brian | Amy | her | the | him,16.5340 | 15.3162 | 14.8846 | 14.4389 | 13.2219
"Once Harry and Bob were at the theater, Harry brought the card to","Once Xander and Bob were at the theater, Xander brought the card to",Bob,Harry,Xander,BAB,4,the theater,card,5811,5850,corrupted,15.552765,11.681751,3.871014,0.1711639,0.00356658,True,1,Bob,Bob | the | his | them | him,15.5528 | 15.3156 | 14.8271 | 14.2079 | 14.1896
"When Noah and Quinn arrived at the school, Noah passed the card to","When Derek and Quinn arrived at the school, Derek passed the card to",Quinn,Noah,Derek,BAB,2,the school,card,16109,18394,corrupted,16.757801,8.630633,8.127168,0.5717454,0.0001689,True,1,Quinn,Quinn | his | the | a | her,16.7578 | 15.0573 | 14.5112 | 14.0045 | 13.2590
"When Ella and Fred went to the hospital, Fred gave the card to","When Ella and Bob went to the hospital, Bob gave the card to",Ella,Fred,Bob,ABB,0,the hospital,card,7122,8559,corrupted,15.770027,11.582096,4.187931,0.33071408,0.00501946,True,1,Ell,Ell | her | the | his | a,15.7700 | 14.2416 | 14.1435 | 13.8120 | 13.4348
"As Frank and Isla walked through the office, Frank offered the phone to","As Grace and Isla walked through the office, Grace offered the phone to",Isla,Frank,Grace,BAB,6,the office,phone,1148,5278,corrupted,14.409094,8.526338,5.882756,0.13861024,0.00038632,True,1,Is,Is | the | her | a | Grace,14.4091 | 14.1887 | 14.1628 | 13.2477 | 12.4068
"When Sam and Olivia visited the school, Olivia handed the package to","When Sam and Wendy visited the school, Wendy handed the package to",Sam,Olivia,Wendy,ABB,1,the school,package,3409,33911,corrupted,15.921984,7.391078,8.530906,0.30770114,6.07e-05,True,1,Sam,Sam | the | her | them | their,15.9220 | 15.0396 | 14.7464 | 14.3666 | 13.7673
"Once Fred and Isla were at the park, Isla brought the package to","Once Fred and Carol were at the park, Carol brought the package to",Fred,Isla,Carol,ABB,4,the park,package,8559,1148,corrupted,14.457275,5.734892,8.722383,0.08528418,1.389e-05,True,3,the,the | her | Fred | them | him,15.0486 | 14.7096 | 14.4573 | 13.7308 | 13.6184
"As Gina and Victor walked through the theater, Victor offered the package to","As Gina and Frank walked through the theater, Frank offered the package to",Gina,Victor,Frank,ABB,6,the theater,package,43002,12622,corrupted,17.02574,8.041513,8.984226,0.55502832,6.958e-05,True,1,Gina,Gina | the | her | them | his,17.0257 | 14.7874 | 14.7136 | 13.9240 | 13.8901
"While David and Sam were at the market, David delivered the ticket to","While Liam and Sam were at the market, Liam delivered the ticket to",Sam,David,Liam,BAB,5,the market,ticket,3409,3271,corrupted,13.487617,9.256139,4.231478,0.07879067,0.0011449,True,2,the,the | Sam | his | a | their,14.6685 | 13.4876 | 13.3319 | 13.0827 | 12.0126
"Once Grace and Tara were at the office, Grace brought the note to","Once Noah and Tara were at the office, Noah brought the note to",Tara,Grace,Noah,BAB,4,the office,note,37723,16156,corrupted,15.243003,8.96666,6.276343,0.24918015,0.00046852,True,1,Tara,Tara | his | the | them | her,15.2430 | 14.4178 | 14.4072 | 13.6929 | 13.5250
"When Yara and Kate arrived at the restaurant, Kate passed the key to","When Yara and Iris arrived at the restaurant, Iris passed the key to",Yara,Kate,Iris,ABB,2,the restaurant,key,575,16693,corrupted,12.873265,4.823054,8.050211,0.02848514,9.09e-06,True,5,the,the | her | their | a | Y,15.7991 | 14.0808 | 13.2556 | 13.2046 | 12.8733
"As Mia and Sam walked through the theater, Sam offered the book to","As Mia and Wendy walked through the theater, Wendy offered the book to",Mia,Sam,Wendy,ABB,6,the theater,book,32189,3409,corrupted,16.655334,8.785793,7.869541,0.45426321,0.00017362,True,1,Mia,Mia | her | the | a | me,16.6553 | 15.6303 | 14.6739 | 13.9657 | 13.9047
"As Ella and Uma walked through the hospital, Ella offered the trophy to","As Derek and Uma walked through the hospital, Derek offered the trophy to",Uma,Ella,Derek,BAB,6,the hospital,trophy,471,7122,corrupted,16.747051,5.799402,10.947649,0.57917535,1.019e-05,True,1,U,U | his | the | her | a,16.7471 | 15.0401 | 14.5328 | 13.3248 | 13.1474
"When Harry and Noah arrived at the market, Harry passed the gift to","When Ella and Noah arrived at the market, Ella passed the gift to",Noah,Harry,Ella,BAB,2,the market,gift,18394,5850,corrupted,17.028454,8.110405,8.918049,0.6816383,9.131e-05,True,1,Noah,Noah | her | the | a | their,17.0285 | 14.8964 | 14.6001 | 13.3353 | 13.1267
"When Quinn and Ella visited the restaurant, Ella handed the card to","When Quinn and Mia visited the restaurant, Mia handed the card to",Quinn,Ella,Mia,ABB,1,the restaurant,card,16109,7122,corrupted,15.427345,6.791691,8.635654,0.34317702,6.097e-05,True,1,Quinn,Quinn | her | the | a | him,15.4273 | 14.3574 | 14.2275 | 13.4345 | 12.4866
"When Mia and Alice arrived at the office, Mia passed the book to","When Harry and Alice arrived at the office, Harry passed the book to",Alice,Mia,Harry,BAB,2,the office,book,14862,32189,corrupted,16.830143,8.883106,7.947037,0.40733299,0.00014408,True,1,Alice,Alice | the | his | Hermione | them,16.8301 | 15.3839 | 15.3485 | 14.4392 | 14.1524
"When Quinn and Ella visited the cafe, Ella handed the card to","When Quinn and Noah visited the cafe, Noah handed the card to",Quinn,Ella,Noah,ABB,1,the cafe,card,16109,7122,corrupted,16.564465,7.779851,8.784614,0.56302023,8.618e-05,True,1,Quinn,Quinn | the | Noah | her | his,16.5645 | 14.3718 | 14.0963 | 13.8778 | 13.5006
"As Henry and Sam walked through the library, Sam offered the key to","As Henry and Frank walked through the library, Frank offered the key to",Henry,Sam,Frank,ABB,6,the library,key,8616,3409,corrupted,12.109599,8.004139,4.10546,0.01261914,0.00020799,True,6,the,the | their | his | unlocking | a,15.3842 | 14.1006 | 13.8455 | 13.5126 | 13.3761
"After Olivia and Iris left the park, Iris sent the wallet to","After Olivia and Gina left the park, Gina sent the wallet to",Olivia,Iris,Gina,ABB,3,the park,wallet,33911,34230,corrupted,14.598886,8.552479,6.046408,0.12995951,0.00030753,True,2,her,her | Olivia | the | Gina | a,14.9201 | 14.5989 | 14.1920 | 13.2193 | 12.9909
"When Derek and Iris went to the mall, Iris gave the note to","When Derek and Isla went to the mall, Isla gave the note to",Derek,Iris,Isla,ABB,0,the mall,note,20893,34230,corrupted,15.944181,5.91503,10.029152,0.429364,1.893e-05,True,1,Derek,Derek | the | them | his | her,15.9442 | 14.5363 | 13.9034 | 13.8973 | 13.6863
"When Kate and Jack visited the beach, Kate handed the map to","When Liam and Jack visited the beach, Liam handed the map to",Jack,Kate,Liam,BAB,1,the beach,map,3619,16693,corrupted,16.281013,11.006458,5.274555,0.29818359,0.00152677,True,1,Jack,Jack | them | the | his | him,16.2810 | 15.8222 | 15.2636 | 14.5874 | 14.5486
"When Uma and Gina arrived at the library, Uma passed the book to","When Yara and Gina arrived at the library, Yara passed the book to",Gina,Uma,Yara,BAB,2,the library,book,43002,471,corrupted,16.01878,7.84035,8.17843,0.43189839,0.00012121,True,1,Gina,Gina | her | the | a | his,16.0188 | 15.0285 | 14.6473 | 13.5155 | 12.6905
"When Ella and Emma went to the theater, Ella gave the note to","When David and Emma went to the theater, David gave the note to",Emma,Ella,David,BAB,0,the theater,note,18966,7122,corrupted,17.326647,8.210093,9.116553,0.58743554,6.452e-05,True,1,Emma,Emma | his | the | a | her,17.3266 | 15.5773 | 14.9900 | 14.4586 | 14.3261
"When Rose and Isla visited the cafe, Rose handed the gift to","When Amy and Isla visited the cafe, Amy handed the gift to",Isla,Rose,Amy,BAB,1,the cafe,gift,1148,8049,corrupted,15.73645,9.331493,6.404957,0.2374157,0.00039253,True,1,Is,Is | her | the | a | them,15.7365 | 15.7090 | 15.1419 | 13.6376 | 13.5938
"As Yara and Frank walked through the school, Frank offered the pen to","As Yara and Sam walked through the school, Sam offered the pen to",Yara,Frank,Sam,ABB,6,the school,pen,575,5278,corrupted,16.028765,8.437754,7.591011,0.39868858,0.00020133,True,1,Y,Y | Sam | the | her | a,16.0288 | 14.2792 | 14.1988 | 13.7205 | 13.5585
"While Ella and David were at the library, David delivered the gift to","While Ella and Alice were at the library, Alice delivered the gift to",Ella,David,Alice,ABB,5,the library,gift,7122,3271,corrupted,14.474073,9.883204,4.59087,0.10601939,0.00107546,True,3,her,her | the | Ell | Alice | a,14.8208 | 14.6032 | 14.4741 | 13.2588 | 13.0732
"When Harry and Uma visited the school, Uma handed the jacket to","When Harry and Quinn visited the school, Quinn handed the jacket to",Harry,Uma,Quinn,ABB,1,the school,jacket,5850,471,corrupted,16.998034,8.515055,8.482979,0.60254902,0.0001247,True,1,Harry,Harry | the | her | a | him,16.9980 | 15.1081 | 13.4176 | 13.3990 | 13.3517
"After Gina and Jack left the park, Jack sent the wallet to","After Gina and David left the park, David sent the wallet to",Gina,Jack,David,ABB,3,the park,wallet,43002,3619,corrupted,16.930107,8.862276,8.067831,0.5478484,0.00017173,True,1,Gina,Gina | her | his | the | a,16.9301 | 14.5156 | 14.4040 | 14.3513 | 13.3914
"When Liam and Brian visited the mall, Liam handed the letter to","When Wendy and Brian visited the mall, Wendy handed the letter to",Brian,Liam,Wendy,BAB,1,the mall,letter,8403,31684,corrupted,16.487547,7.921,8.566547,0.47112384,8.969e-05,True,1,Brian,Brian | her | the | a | them,16.4875 | 15.0765 | 15.0193 | 13.7029 | 13.6326
"Once Tara and Clara were at the gym, Clara brought the jacket to","Once Tara and Carol were at the gym, Carol brought the jacket to",Tara,Clara,Carol,ABB,4,the gym,jacket,37723,27443,corrupted,15.810518,8.255024,7.555494,0.21971788,0.00011496,True,1,Tara,Tara | her | the | me | them,15.8105 | 15.5967 | 15.2662 | 14.2396 | 13.8148
"When Gina and Isla went to the school, Isla gave the bag to","When Gina and Harry went to the school, Harry gave the bag to",Gina,Isla,Harry,ABB,0,the school,bag,43002,1148,corrupted,15.638983,7.449101,8.189882,0.19869569,5.513e-05,True,1,Gina,Gina | the | her | Ginny | his,15.6390 | 15.1579 | 14.5933 | 14.2599 | 14.1905
"When Tara and Grace arrived at the park, Grace passed the trophy to","When Tara and Iris arrived at the park, Iris passed the trophy to",Tara,Grace,Iris,ABB,2,the park,trophy,37723,16156,corrupted,14.753404,9.295834,5.45757,0.19985616,0.00085217,True,1,Tara,Tara | her | the | them | a,14.7534 | 14.5016 | 14.1249 | 13.1231 | 12.8450
"After Derek and Henry left the mall, Henry sent the jacket to","After Derek and Jack left the mall, Jack sent the jacket to",Derek,Henry,Jack,ABB,3,the mall,jacket,20893,8616,corrupted,15.167276,9.239734,5.927543,0.23484977,0.00062588,True,1,Derek,Derek | his | the | Jack | a,15.1673 | 14.3495 | 14.1347 | 13.7568 | 12.9623
"After Carol and Brian left the mall, Brian sent the gift to","After Carol and Bob left the mall, Bob sent the gift to",Carol,Brian,Bob,ABB,3,the mall,gift,5074,8403,corrupted,17.14888,9.484484,7.664396,0.58897185,0.00027637,True,1,Carol,Carol | his | Bob | the | her,17.1489 | 14.7019 | 14.4375 | 14.2792 | 14.1327
"When Harry and Paul arrived at the school, Harry passed the jacket to","When Rose and Paul arrived at the school, Rose passed the jacket to",Paul,Harry,Rose,BAB,2,the school,jacket,3362,5850,corrupted,16.704599,9.525956,7.178643,0.5638991,0.00043009,True,1,Paul,Paul | the | her | a | his,16.7046 | 14.8047 | 14.7486 | 13.6089 | 13.3945
"When Clara and Amy visited the park, Clara handed the pen to","When Fred and Amy visited the park, Fred handed the pen to",Amy,Clara,Fred,BAB,1,the park,pen,14235,27443,corrupted,18.329443,8.54998,9.779463,0.79234397,4.485e-05,True,1,Amy,Amy | the | his | her | a,18.3294 | 15.5572 | 14.6594 | 14.6184 | 13.8821
"While Grace and Clara were at the school, Grace delivered the card to","While Olivia and Clara were at the school, Olivia delivered the card to",Clara,Grace,Olivia,BAB,5,the school,card,27443,16156,corrupted,14.450477,9.324566,5.125911,0.09718443,0.00057735,True,3,her,her | the | Clara | a | his,15.1024 | 14.8306 | 14.4505 | 13.8932 | 12.8420
"After Jack and Amy left the hospital, Amy sent the wallet to","After Jack and Noah left the hospital, Noah sent the wallet to",Jack,Amy,Noah,ABB,3,the hospital,wallet,3619,14235,corrupted,15.345142,8.992908,6.352234,0.24044318,0.00041906,True,1,Jack,Jack | his | Noah | the | a,15.3451 | 14.4939 | 14.2718 | 14.0771 | 12.9923
"Once Isla and Quinn were at the museum, Quinn brought the bag to","Once Isla and Brian were at the museum, Brian brought the bag to",Isla,Quinn,Brian,ABB,4,the museum,bag,1148,16109,corrupted,11.964955,7.210395,4.75456,0.00796152,6.857e-05,True,13,the,the | his | him | them | Brian,15.0256 | 13.9754 | 13.8443 | 13.7903 | 13.5934
"When Sam and Ella arrived at the library, Ella passed the book to","When Sam and Clara arrived at the library, Clara passed the book to",Sam,Ella,Clara,ABB,2,the library,book,3409,7122,corrupted,16.595667,6.128418,10.467248,0.42155543,1.199e-05,True,1,Sam,Sam | her | the | a | Dean,16.5957 | 15.2919 | 14.7512 | 14.2333 | 13.7111
"As Bob and Isla walked through the station, Bob offered the bag to","As Yara and Isla walked through the station, Yara offered the bag to",Isla,Bob,Yara,BAB,6,the station,bag,1148,5811,corrupted,17.099642,6.080534,11.019108,0.70520777,1.156e-05,True,1,Is,Is | the | her | Y | them,17.0996 | 14.3218 | 14.2517 | 13.6803 | 12.6241
"As Ella and Brian walked through the mall, Ella offered the trophy to","As Gina and Brian walked through the mall, Gina offered the trophy to",Brian,Ella,Gina,BAB,6,the mall,trophy,8403,7122,corrupted,16.55352,3.992115,12.561405,0.50508124,1.77e-06,True,1,Brian,Brian | her | the | a | their,16.5535 | 15.2045 | 14.7014 | 13.5301 | 13.0088
"As Jack and Derek walked through the station, Jack offered the letter to","As Uma and Derek walked through the station, Uma offered the letter to",Derek,Jack,Uma,BAB,6,the station,letter,20893,3619,corrupted,14.879337,7.710646,7.168692,0.28289378,0.00021792,True,1,Derek,Derek | the | her | his | U,14.8793 | 14.0663 | 13.6379 | 13.1813 | 12.6685
"After Derek and Xander left the cafe, Xander sent the gift to","After Derek and Frank left the cafe, Frank sent the gift to",Derek,Xander,Frank,ABB,3,the cafe,gift,20893,46122,corrupted,15.329987,6.654137,8.67585,0.23271921,3.972e-05,True,1,Derek,Derek | his | the | a | their,15.3300 | 14.8368 | 14.2285 | 13.4079 | 13.3561
"When Rose and Clara visited the gym, Rose handed the book to","When Fred and Clara visited the gym, Fred handed the book to",Clara,Rose,Fred,BAB,1,the gym,book,27443,8049,corrupted,17.57295,9.791976,7.780974,0.67943239,0.00028373,True,1,Clara,Clara | the | his | her | a,17.5730 | 15.2655 | 14.6835 | 14.2487 | 14.0309
"As Rose and Fred walked through the restaurant, Rose offered the bag to","As Uma and Fred walked through the restaurant, Uma offered the bag to",Fred,Rose,Uma,BAB,6,the restaurant,bag,8559,8049,corrupted,16.703621,7.921458,8.782163,0.55274719,8.482e-05,True,1,Fred,Fred | her | the | them | his,16.7036 | 14.7248 | 14.6298 | 13.5519 | 13.2248
"When Xander and Harry arrived at the cafe, Harry passed the letter to","When Xander and Gina arrived at the cafe, Gina passed the letter to",Xander,Harry,Gina,ABB,2,the cafe,letter,46122,5850,corrupted,16.51491,9.285676,7.229234,0.53592348,0.00038859,True,1,Xander,Xander | her | the | them | him,16.5149 | 14.6303 | 14.3584 | 13.8968 | 13.5271
"After Iris and Carol left the park, Carol sent the gift to","After Iris and Tara left the park, Tara sent the gift to",Iris,Carol,Tara,ABB,3,the park,gift,34230,5074,corrupted,15.427135,8.240051,7.187083,0.30028647,0.0002271,True,1,Iris,Iris | her | the | Tara | a,15.4271 | 14.6636 | 13.8265 | 13.5302 | 12.3340
"When Gina and Rose visited the theater, Gina handed the wallet to","When Grace and Rose visited the theater, Grace handed the wallet to",Rose,Gina,Grace,BAB,1,the theater,wallet,8049,43002,corrupted,14.557676,7.429606,7.12807,0.12091238,9.7e-05,True,3,her,her | the | Rose | a | them,15.2153 | 15.0956 | 14.5577 | 13.7865 | 12.3656
"Once Ella and Bob were at the office, Bob brought the phone to","Once Ella and Uma were at the office, Uma brought the phone to",Ella,Bob,Uma,ABB,4,the office,phone,7122,5811,corrupted,13.946125,8.820117,5.126008,0.05433521,0.00032276,True,4,her,her | the | his | Ell | him,15.7373 | 14.8220 | 14.0052 | 13.9461 | 13.5208
"When Fred and Mia visited the cafe, Mia handed the gift to","When Fred and Henry visited the cafe, Henry handed the gift to",Fred,Mia,Henry,ABB,1,the cafe,gift,8559,32189,corrupted,16.46566,6.896648,9.569012,0.4748615,3.317e-05,True,1,Fred,Fred | the | his | a | them,16.4657 | 14.9897 | 14.3256 | 13.8659 | 13.7420
"When Isla and Rose went to the restaurant, Rose gave the note to","When Isla and Victor went to the restaurant, Victor gave the note to",Isla,Rose,Victor,ABB,0,the restaurant,note,1148,8049,corrupted,12.543506,8.441395,4.102111,0.01820271,0.00030103,True,9,the,the | Victor | his | her | a,14.5518 | 14.3450 | 13.7585 | 13.0686 | 13.0492
"When Zach and Emma visited the beach, Emma handed the package to","When Zach and Tara visited the beach, Tara handed the package to",Zach,Emma,Tara,ABB,1,the beach,package,18825,18966,corrupted,16.344151,9.221126,7.123025,0.42862672,0.00034561,True,1,Zach,Zach | the | her | them | him,16.3442 | 14.5051 | 14.4348 | 14.1942 | 13.6159
"Once Yara and Paul were at the school, Paul brought the phone to","Once Yara and Fred were at the school, Fred brought the phone to",Yara,Paul,Fred,ABB,4,the school,phone,575,3362,corrupted,14.143769,9.073708,5.070062,0.05812338,0.00036513,True,5,the,the | her | his | him | Y,14.9618 | 14.9026 | 14.7292 | 14.2329 | 14.1438
"While Tara and Alice were at the park, Tara delivered the phone to","While Amy and Alice were at the park, Amy delivered the phone to",Alice,Tara,Amy,BAB,5,the park,phone,14862,37723,corrupted,14.524649,7.995459,6.52919,0.10018331,0.00014629,True,3,her,her | the | Alice | a | Amy,14.8934 | 14.5540 | 14.5246 | 13.5547 | 13.2273
"While Rose and Sam were at the market, Rose delivered the jacket to","While Iris and Sam were at the market, Iris delivered the jacket to",Sam,Rose,Iris,BAB,5,the market,jacket,3409,8049,corrupted,14.728728,7.747032,6.981697,0.25073642,0.00023287,True,1,Sam,Sam | the | her | a | Iris,14.7287 | 14.0652 | 13.9828 | 12.8467 | 12.3975
"When Kate and Uma arrived at the hospital, Uma passed the trophy to","When Kate and Olivia arrived at the hospital, Olivia passed the trophy to",Kate,Uma,Olivia,ABB,2,the hospital,trophy,16693,471,corrupted,14.471106,8.276497,6.194609,0.06662634,0.00013594,True,3,her,her | the | Kate | a | Olivia,15.9508 | 14.8235 | 14.4711 | 14.2561 | 13.6480
"When Olivia and Uma visited the cafe, Uma handed the book to","When Olivia and David visited the cafe, David handed the book to",Olivia,Uma,David,ABB,1,the cafe,book,33911,471,corrupted,17.181505,7.334762,9.846743,0.46255913,2.448e-05,True,1,Olivia,Olivia | her | the | his | them,17.1815 | 15.9768 | 15.1451 | 14.7629 | 14.4044
"When Clara and Olivia visited the restaurant, Olivia handed the wallet to","When Clara and Isla visited the restaurant, Isla handed the wallet to",Clara,Olivia,Isla,ABB,1,the restaurant,wallet,27443,33911,corrupted,16.79966,8.046217,8.753443,0.57418817,9.067e-05,True,1,Clara,Clara | the | her | them | a,16.7997 | 15.0350 | 14.6640 | 13.4145 | 13.3168
"When Iris and Wendy went to the market, Iris gave the jacket to","When Quinn and Wendy went to the market, Quinn gave the jacket to",Wendy,Iris,Quinn,BAB,0,the market,jacket,28314,34230,corrupted,18.527983,6.400506,12.127477,0.89670426,4.85e-06,True,1,Wendy,Wendy | her | the | a | his,18.5280 | 15.0879 | 14.5539 | 13.5995 | 12.8151
"Once Kate and Rose were at the library, Kate brought the ticket to","Once Emma and Rose were at the library, Emma brought the ticket to",Rose,Kate,Emma,BAB,4,the library,ticket,8049,16693,corrupted,13.286217,10.291808,2.994409,0.02171925,0.0010874,True,5,the,the | her | Emma | them | Rose,15.9300 | 15.3683 | 14.2412 | 13.4606 | 13.2862
"While Olivia and Noah were at the museum, Olivia delivered the card to","While Rose and Noah were at the museum, Rose delivered the card to",Noah,Olivia,Rose,BAB,5,the museum,card,18394,33911,corrupted,16.213383,7.198563,9.01482,0.59515876,7.237e-05,True,1,Noah,Noah | the | a | her | his,16.2134 | 14.2048 | 13.1850 | 13.0305 | 12.8747
"When Xander and Frank visited the park, Xander handed the note to","When Victor and Frank visited the park, Victor handed the note to",Frank,Xander,Victor,BAB,1,the park,note,5278,46122,corrupted,16.602757,5.685078,10.917678,0.5461874,9.9e-06,True,1,Frank,Frank | the | his | a | him,16.6028 | 14.9738 | 14.8471 | 13.2542 | 12.9642
"When Mia and Xander arrived at the cafe, Mia passed the ticket to","When Rose and Xander arrived at the cafe, Rose passed the ticket to",Xander,Mia,Rose,BAB,2,the cafe,ticket,46122,32189,corrupted,15.816359,7.117742,8.698617,0.40785348,6.804e-05,True,1,Xander,Xander | the | her | them | a,15.8164 | 14.8427 | 14.0756 | 13.4192 | 13.1709
"Once Ella and Emma were at the park, Ella brought the map to","Once Mia and Emma were at the park, Mia brought the map to",Emma,Ella,Mia,BAB,4,the park,map,18966,7122,corrupted,15.41995,9.414316,6.005633,0.15067562,0.00037139,True,3,her,her | the | Emma | me | them,15.7661 | 15.4535 | 15.4199 | 14.2916 | 14.1545
"As Olivia and Clara walked through the beach, Olivia offered the card to","As Xander and Clara walked through the beach, Xander offered the card to",Clara,Olivia,Xander,BAB,6,the beach,card,27443,33911,corrupted,16.99535,9.314625,7.680725,0.51161808,0.00023618,True,1,Clara,Clara | the | her | his | Xander,16.9953 | 15.0859 | 14.5444 | 14.4780 | 13.8469
"When Olivia and David visited the hospital, David handed the phone to","When Olivia and Ella visited the hospital, Ella handed the phone to",Olivia,David,Ella,ABB,1,the hospital,phone,33911,3271,corrupted,15.857174,10.805387,5.051786,0.31321976,0.00200395,True,1,Olivia,Olivia | her | the | a | him,15.8572 | 15.0262 | 14.6079 | 13.2681 | 12.7179
"While Quinn and Iris were at the school, Iris delivered the book to","While Quinn and Grace were at the school, Grace delivered the book to",Quinn,Iris,Grace,ABB,5,the school,book,16109,34230,corrupted,13.429365,5.736489,7.692876,0.0529024,2.413e-05,True,4,her,her | the | a | Quinn | students,14.6905 | 14.1324 | 13.8789 | 13.4294 | 12.8542
"When Brian and Uma arrived at the library, Uma passed the phone to","When Brian and Quinn arrived at the library, Quinn passed the phone to",Brian,Uma,Quinn,ABB,2,the library,phone,8403,471,corrupted,17.379543,7.806004,9.57354,0.69048703,4.802e-05,True,1,Brian,Brian | Quinn | the | her | a,17.3795 | 14.8619 | 14.2931 | 14.2743 | 13.7413
"When Alice and Frank visited the museum, Frank handed the ticket to","When Alice and Paul visited the museum, Paul handed the ticket to",Alice,Frank,Paul,ABB,1,the museum,ticket,14862,5278,corrupted,18.089891,8.505709,9.584183,0.78792286,5.422e-05,True,1,Alice,Alice | the | her | a | them,18.0899 | 15.0659 | 14.5103 | 14.1204 | 13.8437
"When Noah and Ella arrived at the mall, Ella passed the book to","When Noah and Victor arrived at the mall, Victor passed the book to",Noah,Ella,Victor,ABB,2,the mall,book,18394,7122,corrupted,17.169277,7.258585,9.910692,0.71061951,3.528e-05,True,1,Noah,Noah | the | his | a | them,17.1693 | 14.2005 | 13.8108 | 13.7772 | 13.2199
"When Clara and Tara arrived at the beach, Tara passed the pen to","When Clara and Brian arrived at the beach, Brian passed the pen to",Clara,Tara,Brian,ABB,2,the beach,pen,27443,37723,corrupted,16.355511,9.468081,6.887429,0.43905073,0.00044807,True,1,Clara,Clara | her | the | his | a,16.3555 | 14.7201 | 14.2099 | 14.1025 | 13.6388
"While Clara and Rose were at the beach, Clara delivered the card to","While Xander and Rose were at the beach, Xander delivered the card to",Rose,Clara,Xander,BAB,5,the beach,card,8049,27443,corrupted,15.65407,8.816725,6.837345,0.22952655,0.00024627,True,1,Rose,Rose | the | his | Xander | her,15.6541 | 14.9784 | 14.9280 | 13.7192 | 13.7081
"While Noah and Mia were at the theater, Mia delivered the ticket to","While Noah and Henry were at the theater, Henry delivered the ticket to",Noah,Mia,Henry,ABB,5,the theater,ticket,18394,32189,corrupted,14.765894,5.907554,8.85834,0.15803444,2.247e-05,True,2,the,the | Noah | a | his | Henry,15.0070 | 14.7659 | 13.6271 | 13.5685 | 13.4811
"When Quinn and Alice arrived at the park, Quinn passed the note to","When Paul and Alice arrived at the park, Paul passed the note to",Alice,Quinn,Paul,BAB,2,the park,note,14862,16109,corrupted,18.858955,7.049941,11.809014,0.90755844,6.75e-06,True,1,Alice,Alice | the | his | her | them,18.8590 | 14.8416 | 14.8025 | 14.0618 | 13.4502
"After Paul and Zach left the park, Zach sent the jacket to","After Paul and Tara left the park, Tara sent the jacket to",Paul,Zach,Tara,ABB,3,the park,jacket,3362,18825,corrupted,16.155119,8.423615,7.731504,0.47866642,0.00021003,True,1,Paul,Paul | the | her | Tara | a,16.1551 | 14.1965 | 13.8901 | 12.8828 | 12.4841
"As Amy and Frank walked through the mall, Frank offered the gift to","As Amy and Olivia walked through the mall, Olivia offered the gift to",Amy,Frank,Olivia,ABB,6,the mall,gift,14235,5278,corrupted,15.284647,8.976595,6.308052,0.12956491,0.00023601,True,2,her,her | Amy | the | a | one,15.8327 | 15.2846 | 15.1344 | 14.0716 | 13.9637
"When Derek and David arrived at the school, Derek passed the gift to","When Emma and David arrived at the school, Emma passed the gift to",David,Derek,Emma,BAB,2,the school,gift,3271,20893,corrupted,15.711711,8.780934,6.930777,0.14978217,0.00014637,True,2,her,her | David | the | their | them,16.5491 | 15.7117 | 15.3492 | 14.3843 | 14.3601
"While Kate and Derek were at the mall, Derek delivered the jacket to","While Kate and Alice were at the mall, Alice delivered the jacket to",Kate,Derek,Alice,ABB,5,the mall,jacket,16693,20893,corrupted,15.767103,7.254256,8.512847,0.23635243,4.748e-05,True,1,Kate,Kate | her | the | Alice | a,15.7671 | 15.4133 | 14.7113 | 14.3676 | 13.9078
"While Harry and Iris were at the gym, Harry delivered the wallet to","While Isla and Iris were at the gym, Isla delivered the wallet to",Iris,Harry,Isla,BAB,5,the gym,wallet,34230,5850,corrupted,16.860083,8.191348,8.668735,0.73402202,0.00012616,True,1,Iris,Iris | her | the | his | a,16.8601 | 14.3197 | 13.9409 | 12.5597 | 12.3811
"When Isla and Mia visited the store, Isla handed the trophy to","When Paul and Mia visited the store, Paul handed the trophy to",Mia,Isla,Paul,BAB,1,the store,trophy,32189,1148,corrupted,15.880213,6.983687,8.896526,0.40506262,5.544e-05,True,1,Mia,Mia | the | his | a | her,15.8802 | 14.7156 | 14.5523 | 13.8100 | 13.6397
"When Sam and Frank visited the school, Frank handed the card to","When Sam and Quinn visited the school, Quinn handed the card to",Sam,Frank,Quinn,ABB,1,the school,card,3409,5278,corrupted,16.406006,8.852399,7.553607,0.48282921,0.00025311,True,1,Sam,Sam | the | Quinn | her | a,16.4060 | 14.6993 | 13.9224 | 13.7894 | 13.6604
"While Sam and Clara were at the market, Sam delivered the package to","While Isla and Clara were at the market, Isla delivered the package to",Clara,Sam,Isla,BAB,5,the market,package,27443,3409,corrupted,16.611162,8.868082,7.74308,0.65305483,0.00028325,True,1,Clara,Clara | her | the | a | his,16.6112 | 14.3522 | 14.2969 | 13.2186 | 12.9403
"When Amy and Liam visited the park, Liam handed the pen to","When Amy and Kate visited the park, Kate handed the pen to",Amy,Liam,Kate,ABB,1,the park,pen,14235,31684,corrupted,16.431522,10.616587,5.814936,0.39526242,0.00117894,True,1,Amy,Amy | her | the | a | them,16.4315 | 15.2394 | 14.7569 | 13.8764 | 12.8083
"When Emma and Kate arrived at the office, Emma passed the bag to","When Fred and Kate arrived at the office, Fred passed the bag to",Kate,Emma,Fred,BAB,2,the office,bag,16693,18966,corrupted,17.39253,9.138474,8.254056,0.62884134,0.00016363,True,1,Kate,Kate | his | the | her | a,17.3925 | 15.0826 | 15.0580 | 14.5584 | 14.0744
"When Xander and Victor visited the beach, Victor handed the card to","When Xander and Jack visited the beach, Jack handed the card to",Xander,Victor,Jack,ABB,1,the beach,card,46122,12622,corrupted,17.500002,9.668846,7.831156,0.62395304,0.00024781,True,1,Xander,Xander | the | them | his | Buffy,17.5000 | 15.2482 | 14.4258 | 14.2121 | 14.1881
"Once Derek and Isla were at the museum, Isla brought the map to","Once Derek and Brian were at the museum, Brian brought the map to",Derek,Isla,Brian,ABB,4,the museum,map,20893,1148,corrupted,15.625538,5.370378,10.25516,0.20570186,7.24e-06,True,1,Derek,Derek | them | the | him | me,15.6255 | 15.1239 | 14.9764 | 14.8275 | 14.2453
"After Fred and Frank left the theater, Frank sent the book to","After Fred and Gina left the theater, Gina sent the book to",Fred,Frank,Gina,ABB,3,the theater,book,8559,5278,corrupted,14.965935,11.755085,3.21085,0.17202543,0.00693647,True,1,Fred,Fred | her | the | a | him,14.9659 | 14.8919 | 13.9378 | 13.1232 | 12.4103
"As Mia and Brian walked through the beach, Mia offered the key to","As Jack and Brian walked through the beach, Jack offered the key to",Brian,Mia,Jack,BAB,6,the beach,key,8403,32189,corrupted,11.845992,6.710681,5.135311,0.00750015,4.414e-05,True,9,the,the | his | their | a | unlocking,15.7110 | 14.4728 | 14.3014 | 13.9845 | 13.1362
"When Bob and Isla arrived at the office, Isla passed the phone to","When Bob and David arrived at the office, David passed the phone to",Bob,Isla,David,ABB,2,the office,phone,5811,1148,corrupted,15.229419,7.092145,8.137274,0.17702915,5.177e-05,True,1,Bob,Bob | his | the | a | them,15.2294 | 14.8884 | 14.3529 | 14.1928 | 13.5078
"When Tara and Olivia visited the store, Olivia handed the book to","When Tara and Mia visited the store, Mia handed the book to",Tara,Olivia,Mia,ABB,1,the store,book,37723,33911,corrupted,16.100637,9.575747,6.52489,0.36387789,0.00053362,True,1,Tara,Tara | her | the | them | a,16.1006 | 15.1416 | 14.7724 | 13.9031 | 13.7232
"As Yara and Carol walked through the hospital, Yara offered the pen to","As Quinn and Carol walked through the hospital, Quinn offered the pen to",Carol,Yara,Quinn,BAB,6,the hospital,pen,5074,575,corrupted,16.699472,7.414504,9.284969,0.62543654,5.805e-05,True,1,Carol,Carol | her | the | a | one,16.6995 | 14.5789 | 13.9235 | 13.0197 | 12.1805
"While Emma and Kate were at the hospital, Emma delivered the note to","While Tara and Kate were at the hospital, Tara delivered the note to",Kate,Emma,Tara,BAB,5,the hospital,note,16693,18966,corrupted,15.612448,9.243988,6.36846,0.22353877,0.00038332,True,1,Kate,Kate | her | the | Tara | a,15.6124 | 15.6094 | 14.7772 | 13.7923 | 13.2603
"Once Rose and Frank were at the office, Rose brought the key to","Once Iris and Frank were at the office, Iris brought the key to",Frank,Rose,Iris,BAB,4,the office,key,5278,8049,corrupted,13.761919,9.188096,4.573823,0.05637994,0.00058175,True,3,the,the | her | Frank | their | a,15.8143 | 14.4697 | 13.7619 | 13.3552 | 12.9970
"When Frank and Harry arrived at the beach, Frank passed the letter to","When Grace and Harry arrived at the beach, Grace passed the letter to",Harry,Frank,Grace,BAB,2,the beach,letter,5850,5278,corrupted,16.643406,9.106138,7.537268,0.56519747,0.00030117,True,1,Harry,Harry | her | the | a | his,16.6434 | 14.9067 | 14.5543 | 13.0418 | 12.8628
"When Uma and Olivia arrived at the hospital, Uma passed the card to","When Amy and Olivia arrived at the hospital, Amy passed the card to",Olivia,Uma,Amy,BAB,2,the hospital,card,33911,471,corrupted,15.822783,8.169758,7.653026,0.19995327,9.49e-05,True,2,her,her | Olivia | the | a | them,16.2656 | 15.8228 | 14.8401 | 14.3536 | 13.5206
"As Grace and Yara walked through the market, Yara offered the package to","As Grace and Carol walked through the market, Carol offered the package to",Grace,Yara,Carol,ABB,6,the market,package,16156,575,corrupted,15.179361,7.542378,7.636983,0.18682989,9.01e-05,True,1,Grace,Grace | the | her | a | them,15.1794 | 14.7424 | 14.6321 | 13.9009 | 13.5677
"When Tara and Victor went to the library, Victor gave the map to","When Tara and Wendy went to the library, Wendy gave the map to",Tara,Victor,Wendy,ABB,0,the library,map,37723,12622,corrupted,16.124001,6.735127,9.388874,0.33891064,2.835e-05,True,1,Tara,Tara | her | the | them | a,16.1240 | 15.0427 | 15.0185 | 14.9149 | 13.1916
"When Uma and Frank visited the library, Frank handed the wallet to","When Uma and David visited the library, David handed the wallet to",Uma,Frank,David,ABB,1,the library,wallet,471,5278,corrupted,16.152115,8.417587,7.734528,0.29188463,0.00012769,True,1,U,U | the | her | a | his,16.1521 | 15.0297 | 14.7149 | 14.3702 | 14.1497
"As David and Iris walked through the museum, David offered the ticket to","As Harry and Iris walked through the museum, Harry offered the ticket to",Iris,David,Harry,BAB,6,the museum,ticket,34230,3271,corrupted,15.608723,9.56873,6.039992,0.26175278,0.00062338,True,1,Iris,Iris | the | them | Harry | his,15.6087 | 15.1495 | 14.0137 | 13.9107 | 13.7955
"After Henry and Victor left the store, Henry sent the letter to","After Carol and Victor left the store, Carol sent the letter to",Victor,Henry,Carol,BAB,3,the store,letter,12622,8616,corrupted,15.62882,8.133569,7.495252,0.40022507,0.00022241,True,1,Victor,Victor | the | her | Carol | a,15.6288 | 14.2141 | 14.1566 | 12.6861 | 12.2935
"As Amy and Jack walked through the office, Amy offered the gift to","As Clara and Jack walked through the office, Clara offered the gift to",Jack,Amy,Clara,BAB,6,the office,gift,3619,14235,corrupted,16.727579,9.878699,6.84888,0.52219194,0.00055386,True,1,Jack,Jack | her | the | Clara | them,16.7276 | 15.0672 | 14.7282 | 13.8482 | 13.7176
"When Mia and Yara went to the office, Yara gave the note to","When Mia and Ella went to the office, Ella gave the note to",Mia,Yara,Ella,ABB,0,the office,note,32189,575,corrupted,15.78589,9.012907,6.772983,0.40685529,0.00046556,True,1,Mia,Mia | her | the | a | his,15.7859 | 14.4963 | 14.3114 | 12.6351 | 11.9100
"When Alice and David arrived at the office, Alice passed the wallet to","When Clara and David arrived at the office, Clara passed the wallet to",David,Alice,Clara,BAB,2,the office,wallet,3271,14862,corrupted,16.390024,8.388844,8.00118,0.4413822,0.00014789,True,1,David,David | her | the | a | them,16.3900 | 15.2385 | 14.8101 | 13.7498 | 13.1031
"After Victor and Emma left the library, Victor sent the jacket to","After Kate and Emma left the library, Kate sent the jacket to",Emma,Victor,Kate,BAB,3,the library,jacket,18966,12622,corrupted,15.832258,8.446875,7.385384,0.35940236,0.00022292,True,1,Emma,Emma | her | the | a | Kate,15.8323 | 15.0136 | 14.2246 | 13.2763 | 12.3346
"When Sam and Carol arrived at the beach, Carol passed the pen to","When Sam and Alice arrived at the beach, Alice passed the pen to",Sam,Carol,Alice,ABB,2,the beach,pen,3409,5074,corrupted,16.614681,6.878802,9.735879,0.49454448,2.924e-05,True,1,Sam,Sam | her | the | a | his,16.6147 | 15.1020 | 14.5387 | 14.0055 | 13.2543
"Once Henry and Yara were at the station, Henry brought the key to","Once Quinn and Yara were at the station, Quinn brought the key to",Yara,Henry,Quinn,BAB,4,the station,key,575,8616,corrupted,14.155141,7.453612,6.701529,0.10248341,0.00012596,True,3,the,the | her | Y | his | their,15.3911 | 14.3728 | 14.1551 | 13.1346 | 12.6808
"Once Rose and Alice were at the station, Alice brought the ticket to","Once Rose and David were at the station, David brought the ticket to",Rose,Alice,David,ABB,4,the station,ticket,8049,14862,corrupted,13.2995,9.303053,3.996447,0.03392051,0.00062349,True,4,the,the | her | his | Rose | a,15.6143 | 14.0714 | 13.3118 | 13.2995 | 12.9308
"Once Jack and Iris were at the beach, Jack brought the book to","Once Emma and Iris were at the beach, Emma brought the book to",Iris,Jack,Emma,BAB,4,the beach,book,34230,3619,corrupted,14.894197,9.94707,4.947126,0.07636473,0.00054248,True,3,her,her | the | Iris | Emma | them,16.5111 | 15.4187 | 14.8942 | 14.3832 | 13.9760
"When Grace and Iris visited the museum, Iris handed the ticket to","When Grace and Frank visited the museum, Frank handed the ticket to",Grace,Iris,Frank,ABB,1,the museum,ticket,16156,34230,corrupted,16.501661,6.487024,10.014637,0.48382783,2.165e-05,True,1,Grace,Grace | the | them | a | her,16.5017 | 14.8997 | 13.9871 | 13.8301 | 13.7863
"When Emma and Quinn arrived at the museum, Emma passed the note to","When Olivia and Quinn arrived at the museum, Olivia passed the note to",Quinn,Emma,Olivia,BAB,2,the museum,note,16109,18966,corrupted,15.461842,9.299948,6.161894,0.25585639,0.00053941,True,2,her,her | Quinn | the | a | them,15.5363 | 15.4618 | 14.5219 | 13.9450 | 13.1023
"Once Paul and Amy were at the theater, Amy brought the package to","Once Paul and Fred were at the theater, Fred brought the package to",Paul,Amy,Fred,ABB,4,the theater,package,3362,14235,corrupted,14.881927,8.978439,5.903487,0.13659069,0.00037288,True,2,the,the | Paul | him | his | them,15.3236 | 14.8819 | 13.9074 | 13.8141 | 13.6495
"When Harry and Quinn arrived at the station, Harry passed the note to","When Mia and Quinn arrived at the station, Mia passed the note to",Quinn,Harry,Mia,BAB,2,the station,note,16109,5850,corrupted,15.0762,9.064814,6.011386,0.25230858,0.00061833,True,1,Quinn,Quinn | her | the | a | them,15.0762 | 14.9032 | 14.1088 | 13.5256 | 12.5394
"As Gina and Kate walked through the market, Gina offered the map to","As Ella and Kate walked through the market, Ella offered the map to",Kate,Gina,Ella,BAB,6,the market,map,16693,43002,corrupted,16.442366,7.759764,8.682601,0.45975521,7.793e-05,True,1,Kate,Kate | her | the | me | them,16.4424 | 15.0062 | 14.9237 | 13.8772 | 13.7733
"Once Kate and Wendy were at the school, Kate brought the phone to","Once Carol and Wendy were at the school, Carol brought the phone to",Wendy,Kate,Carol,BAB,4,the school,phone,28314,16693,corrupted,15.414666,8.272592,7.142075,0.14243902,0.00011268,True,2,her,her | Wendy | the | Carol | a,16.0346 | 15.4147 | 15.3814 | 13.8937 | 13.5703
"When Iris and Jack arrived at the museum, Iris passed the pen to","When Mia and Jack arrived at the museum, Mia passed the pen to",Jack,Iris,Mia,BAB,2,the museum,pen,3619,34230,corrupted,15.782281,8.952509,6.829772,0.29769987,0.00032184,True,1,Jack,Jack | her | the | Mia | a,15.7823 | 14.8852 | 14.3854 | 14.3551 | 13.9663
"After Tara and Sam left the theater, Sam sent the pen to","After Tara and Noah left the theater, Noah sent the pen to",Tara,Sam,Noah,ABB,3,the theater,pen,37723,3409,corrupted,14.85461,10.318588,4.536022,0.20096771,0.00215356,True,1,Tara,Tara | the | his | her | Noah,14.8546 | 13.9339 | 13.6122 | 13.3453 | 12.9701
"When Wendy and Jack went to the library, Jack gave the key to","When Wendy and Paul went to the library, Paul gave the key to",Wendy,Jack,Paul,ABB,0,the library,key,28314,3619,corrupted,16.211481,9.476081,6.7354,0.34217626,0.00040654,True,1,Wendy,Wendy | the | his | her | a,16.2115 | 15.8936 | 14.4156 | 14.2746 | 14.2366
"When Derek and Quinn went to the station, Quinn gave the bag to","When Derek and Liam went to the station, Liam gave the bag to",Derek,Quinn,Liam,ABB,0,the station,bag,20893,16109,corrupted,16.441439,7.280599,9.16084,0.46821132,4.92e-05,True,1,Derek,Derek | them | the | his | a,16.4414 | 14.9442 | 14.6522 | 13.4665 | 13.1510
"When Grace and Carol went to the park, Grace gave the trophy to","When Derek and Carol went to the park, Derek gave the trophy to",Carol,Grace,Derek,BAB,0,the park,trophy,5074,16156,corrupted,17.161957,7.615565,9.546391,0.66122478,4.725e-05,True,1,Carol,Carol | the | his | a | her,17.1620 | 14.7410 | 14.6453 | 13.5227 | 13.3056
"After Yara and Frank left the school, Yara sent the letter to","After Sam and Frank left the school, Sam sent the letter to",Frank,Yara,Sam,BAB,3,the school,letter,5278,575,corrupted,14.825637,8.850181,5.975456,0.17234872,0.00043782,True,2,his,his | Frank | the | Dean | Sam,14.8438 | 14.8256 | 14.6289 | 13.1551 | 12.7525
"When Fred and Tara went to the theater, Fred gave the jacket to","When Wendy and Tara went to the theater, Wendy gave the jacket to",Tara,Fred,Wendy,BAB,0,the theater,jacket,37723,8559,corrupted,15.737441,7.834568,7.902873,0.32966056,0.00012187,True,1,Tara,Tara | her | the | a | them,15.7374 | 15.0011 | 14.8155 | 13.9894 | 13.3247
"When Clara and Fred arrived at the hospital, Fred passed the note to","When Clara and Olivia arrived at the hospital, Olivia passed the note to",Clara,Fred,Olivia,ABB,2,the hospital,note,27443,8559,corrupted,15.107917,8.02177,7.086146,0.18271679,0.00015286,True,2,her,her | Clara | the | them | a,15.4635 | 15.1079 | 14.3072 | 13.4056 | 13.2058
"When Gina and Tara arrived at the museum, Tara passed the jacket to","When Gina and Amy arrived at the museum, Amy passed the jacket to",Gina,Tara,Amy,ABB,2,the museum,jacket,43002,37723,corrupted,17.274107,8.898757,8.37535,0.54650062,0.00012596,True,1,Gina,Gina | her | the | Amy | a,17.2741 | 15.3677 | 15.0184 | 14.9946 | 14.4649
"Once Fred and Bob were at the beach, Bob brought the bag to","Once Fred and Xander were at the beach, Xander brought the bag to",Fred,Bob,Xander,ABB,4,the beach,bag,8559,5811,corrupted,15.243456,10.007277,5.236179,0.10592503,0.00056358,True,4,the,the | him | them | Fred | his,15.6522 | 15.3129 | 15.2954 | 15.2435 | 15.1122
"While Sam and Olivia were at the office, Olivia delivered the key to","While Sam and Zach were at the office, Zach delivered the key to",Sam,Olivia,Zach,ABB,5,the office,key,3409,33911,corrupted,12.726606,6.500106,6.226501,0.0445441,8.804e-05,True,3,the,the | his | Sam | a | their,14.7952 | 13.1510 | 12.7266 | 12.6566 | 11.8755
"When Frank and Kate visited the hospital, Kate handed the gift to","When Frank and Paul visited the hospital, Paul handed the gift to",Frank,Kate,Paul,ABB,1,the hospital,gift,5278,16693,corrupted,16.111786,8.73521,7.376575,0.36990911,0.00023147,True,1,Frank,Frank | the | his | a | them,16.1118 | 14.9114 | 14.8167 | 13.8775 | 13.5166
"As Liam and Carol walked through the market, Carol offered the letter to","As Liam and Zach walked through the market, Zach offered the letter to",Liam,Carol,Zach,ABB,6,the market,letter,31684,5074,corrupted,14.844883,6.293166,8.551717,0.26941106,5.205e-05,True,1,Liam,Liam | the | his | Zach | a,14.8449 | 13.7918 | 13.0620 | 12.4230 | 12.3479
"Once Derek and Sam were at the hospital, Sam brought the note to","Once Derek and Yara were at the hospital, Yara brought the note to",Derek,Sam,Yara,ABB,4,the hospital,note,20893,3409,corrupted,15.48764,9.320831,6.166809,0.2784577,0.00058418,True,1,Derek,Derek | her | him | them | the,15.4876 | 14.3631 | 14.1546 | 14.0206 | 14.0131
"When Liam and Brian went to the gym, Brian gave the phone to","When Liam and Fred went to the gym, Fred gave the phone to",Liam,Brian,Fred,ABB,0,the gym,phone,31684,8403,corrupted,16.206923,10.49932,5.707603,0.46379113,0.00154008,True,1,Liam,Liam | the | his | a | them,16.2069 | 14.4387 | 13.9429 | 13.6226 | 13.1968
"When Alice and Isla visited the school, Alice handed the phone to","When Emma and Isla visited the school, Emma handed the phone to",Isla,Alice,Emma,BAB,1,the school,phone,1148,14862,corrupted,16.164143,10.013988,6.150155,0.33418977,0.00071288,True,1,Is,Is | her | the | Emma | a,16.1641 | 15.0870 | 15.0577 | 15.0455 | 13.2217
"After Paul and Ella left the museum, Ella sent the trophy to","After Paul and Emma left the museum, Emma sent the trophy to",Paul,Ella,Emma,ABB,3,the museum,trophy,3362,7122,corrupted,16.067356,8.099264,7.968092,0.40021473,0.00013861,True,1,Paul,Paul | her | the | Emma | a,16.0674 | 14.8486 | 14.2490 | 13.1919 | 13.0008
"As Olivia and Henry walked through the gym, Olivia offered the jacket to","As Amy and Henry walked through the gym, Amy offered the jacket to",Henry,Olivia,Amy,BAB,6,the gym,jacket,8616,33911,corrupted,17.257156,8.711938,8.545218,0.64806634,0.00012603,True,1,Henry,Henry | the | her | them | a,17.2572 | 14.8436 | 14.7736 | 13.5396 | 13.5055
"While Tara and Emma were at the cafe, Tara delivered the package to","While Brian and Emma were at the cafe, Brian delivered the package to",Emma,Tara,Brian,BAB,5,the cafe,package,18966,37723,corrupted,16.379461,7.48086,8.898601,0.4084827,5.579e-05,True,1,Emma,Emma | the | her | his | them,16.3795 | 14.8036 | 14.6997 | 14.6550 | 13.8991
"While Harry and Sam were at the park, Harry delivered the book to","While Xander and Sam were at the park, Xander delivered the book to",Sam,Harry,Xander,BAB,5,the park,book,3409,5850,corrupted,15.732389,10.464668,5.267721,0.25673187,0.00132354,True,1,Sam,Sam | the | his | a | Dean,15.7324 | 14.9682 | 14.5943 | 13.8569 | 13.3004
"As Derek and Grace walked through the cafe, Grace offered the bag to","As Derek and Ella walked through the cafe, Ella offered the bag to",Derek,Grace,Ella,ABB,6,the cafe,bag,20893,16156,corrupted,17.296354,5.926934,11.369421,0.65711606,7.59e-06,True,1,Derek,Derek | the | her | them | me,17.2964 | 14.6282 | 14.2527 | 14.0605 | 13.9501
"After Isla and Carol left the mall, Carol sent the map to","After Isla and Liam left the mall, Liam sent the map to",Isla,Carol,Liam,ABB,3,the mall,map,1148,5074,corrupted,14.470795,6.829315,7.64148,0.19527264,9.375e-05,True,1,Is,Is | Liam | the | his | him,14.4708 | 13.7564 | 13.6065 | 13.5684 | 12.1194
"After Rose and Uma left the mall, Rose sent the map to","After Harry and Uma left the mall, Harry sent the map to",Uma,Rose,Harry,BAB,3,the mall,map,471,8049,corrupted,14.975746,9.80975,5.165997,0.14351997,0.00081912,True,1,U,U | his | the | Harry | Hermione,14.9757 | 14.8751 | 14.5218 | 14.1859 | 13.9876
"As David and Gina walked through the library, Gina offered the gift to","As David and Frank walked through the library, Frank offered the gift to",David,Gina,Frank,ABB,6,the library,gift,3271,43002,corrupted,13.4028,7.112707,6.290092,0.03821654,7.088e-05,True,5,his,his | the | a | one | David,14.6801 | 14.6545 | 14.2253 | 13.4211 | 13.4028
"When Jack and Rose went to the library, Rose gave the wallet to","When Jack and Emma went to the library, Emma gave the wallet to",Jack,Rose,Emma,ABB,0,the library,wallet,3619,8049,corrupted,17.56382,8.974055,8.589765,0.73684895,0.00013705,True,1,Jack,Jack | the | her | them | him,17.5638 | 14.8719 | 14.1622 | 13.9402 | 13.5419
"As Isla and Mia walked through the restaurant, Isla offered the bag to","As Liam and Mia walked through the restaurant, Liam offered the bag to",Mia,Isla,Liam,BAB,6,the restaurant,bag,32189,1148,corrupted,16.614061,6.958099,9.655962,0.55215156,3.536e-05,True,1,Mia,Mia | the | his | her | them,16.6141 | 14.6929 | 14.1966 | 14.1282 | 13.7961
"Once Grace and Zach were at the school, Grace brought the map to","Once Alice and Zach were at the school, Alice brought the map to",Zach,Grace,Alice,BAB,4,the school,map,18825,16156,corrupted,14.583836,7.407423,7.176413,0.08399644,6.421e-05,True,3,her,her | the | Zach | them | school,15.5661 | 15.0337 | 14.5838 | 14.3330 | 13.8536
"When Victor and Zach went to the store, Victor gave the gift to","When Brian and Zach went to the store, Brian gave the gift to",Zach,Victor,Brian,BAB,0,the store,gift,18825,12622,corrupted,17.187584,8.974866,8.212718,0.65952253,0.00017885,True,1,Zach,Zach | his | the | a | them,17.1876 | 14.6376 | 14.6323 | 13.9864 | 13.6485
"Once Xander and Yara were at the library, Yara brought the phone to","Once Xander and Carol were at the library, Carol brought the phone to",Xander,Yara,Carol,ABB,4,the library,phone,46122,575,corrupted,14.378712,8.946406,5.432305,0.04271471,0.00018679,True,4,her,her | the | him | Xander | them,16.4573 | 15.4839 | 14.4977 | 14.3787 | 14.1652
"When Ella and Sam visited the restaurant, Sam handed the jacket to","When Ella and Carol visited the restaurant, Carol handed the jacket to",Ella,Sam,Carol,ABB,1,the restaurant,jacket,7122,3409,corrupted,14.90592,9.912548,4.993372,0.14188017,0.00096234,True,1,Ell,Ell | the | her | a | them,14.9059 | 14.7044 | 14.6087 | 14.1737 | 13.0151
"When Bob and Sam visited the hospital, Bob handed the pen to","When Tara and Sam visited the hospital, Tara handed the pen to",Sam,Bob,Tara,BAB,1,the hospital,pen,3409,5811,corrupted,16.846054,9.667631,7.178423,0.44970182,0.00034306,True,1,Sam,Sam | her | the | Tara | a,16.8461 | 15.5094 | 15.1721 | 14.1114 | 13.8718
"While Paul and Iris were at the gym, Paul delivered the map to","While Jack and Iris were at the gym, Jack delivered the map to",Iris,Paul,Jack,BAB,5,the gym,map,34230,3362,corrupted,16.338844,8.750814,7.58803,0.54924744,0.00027818,True,1,Iris,Iris | the | his | them | her,16.3388 | 14.2784 | 13.8717 | 13.0553 | 12.8759
"When Fred and Xander arrived at the theater, Xander passed the gift to","When Fred and Harry arrived at the theater, Harry passed the gift to",Fred,Xander,Harry,ABB,2,the theater,gift,8559,46122,corrupted,16.740679,8.095262,8.645417,0.43254396,7.61e-05,True,1,Fred,Fred | his | the | Harry | a,16.7407 | 15.4105 | 15.0066 | 14.5344 | 14.3120
"When Grace and Paul visited the hospital, Paul handed the ticket to","When Grace and Mia visited the hospital, Mia handed the ticket to",Grace,Paul,Mia,ABB,1,the hospital,ticket,16156,3362,corrupted,15.772669,10.404113,5.368556,0.39137131,0.00182413,True,1,Grace,Grace | the | her | Mia | a,15.7727 | 14.3654 | 14.2040 | 13.3793 | 13.1591
"While Henry and Noah were at the museum, Henry delivered the bag to","While Paul and Noah were at the museum, Paul delivered the bag to",Noah,Henry,Paul,BAB,5,the museum,bag,18394,8616,corrupted,16.126167,8.049243,8.076924,0.508744,0.00015803,True,1,Noah,Noah | the | his | a | Paul,16.1262 | 14.3625 | 13.9425 | 13.5744 | 12.3333
"While Paul and Amy were at the school, Amy delivered the gift to","While Paul and Liam were at the school, Liam delivered the gift to",Paul,Amy,Liam,ABB,5,the school,gift,3362,14235,corrupted,15.272685,8.982207,6.290478,0.27380735,0.0005076,True,1,Paul,Paul | the | his | a | them,15.2727 | 14.5285 | 14.2400 | 13.3207 | 12.8041
"After Uma and Paul left the library, Paul sent the phone to","After Uma and Quinn left the library, Quinn sent the phone to",Uma,Paul,Quinn,ABB,3,the library,phone,471,3362,corrupted,14.038517,8.492534,5.545983,0.11735394,0.00045804,True,1,U,U | her | the | Quinn | a,14.0385 | 13.9593 | 13.9126 | 13.1657 | 12.4460
"When Fred and Uma arrived at the hospital, Uma passed the trophy to","When Fred and Ella arrived at the hospital, Ella passed the trophy to",Fred,Uma,Ella,ABB,2,the hospital,trophy,8559,471,corrupted,16.911558,7.99542,8.916138,0.56190985,7.541e-05,True,1,Fred,Fred | her | the | his | a,16.9116 | 14.6526 | 14.3748 | 13.8798 | 13.3088
"When Carol and Fred went to the office, Carol gave the pen to","When Frank and Fred went to the office, Frank gave the pen to",Fred,Carol,Frank,BAB,0,the office,pen,8559,5074,corrupted,17.510757,7.019244,10.491513,0.7350027,2.041e-05,True,1,Fred,Fred | the | Frank | his | a,17.5108 | 14.5515 | 14.5284 | 14.1326 | 13.7528
"While Iris and Mia were at the library, Iris delivered the trophy to","While Victor and Mia were at the library, Victor delivered the trophy to",Mia,Iris,Victor,BAB,5,the library,trophy,32189,34230,corrupted,14.823143,9.113198,5.709945,0.22476424,0.00074461,True,1,Mia,Mia | the | his | her | Victor,14.8231 | 14.3519 | 14.2063 | 13.5381 | 13.1228
"When Rose and Derek visited the gym, Derek handed the bag to","When Rose and Xander visited the gym, Xander handed the bag to",Rose,Derek,Xander,ABB,1,the gym,bag,8049,20893,corrupted,17.224894,7.567879,9.657015,0.55020648,3.52e-05,True,1,Rose,Rose | the | them | her | Xander,17.2249 | 15.3317 | 14.8511 | 14.8334 | 14.4748
"When Iris and Brian arrived at the restaurant, Iris passed the map to","When Paul and Brian arrived at the restaurant, Paul passed the map to",Brian,Iris,Paul,BAB,2,the restaurant,map,8403,34230,corrupted,16.986301,6.337504,10.648797,0.55029076,1.306e-05,True,1,Brian,Brian | his | the | a | them,16.9863 | 15.2983 | 15.1088 | 14.0480 | 13.9073
"Once Frank and Emma were at the beach, Frank brought the trophy to","Once Victor and Emma were at the beach, Victor brought the trophy to",Emma,Frank,Victor,BAB,4,the beach,trophy,18966,5278,corrupted,16.696716,8.546425,8.150291,0.45956433,0.00013265,True,1,Emma,Emma | her | the | his | him,16.6967 | 15.1211 | 15.1011 | 14.9179 | 14.1337
"When Amy and Ella went to the library, Amy gave the jacket to","When Kate and Ella went to the library, Kate gave the jacket to",Ella,Amy,Kate,BAB,0,the library,jacket,7122,14235,corrupted,15.17692,9.216412,5.960508,0.19924448,0.00051377,True,1,Ell,Ell | her | the | a | them,15.1769 | 15.0377 | 14.3836 | 14.1072 | 12.8979
"While Ella and Zach were at the park, Zach delivered the ticket to","While Ella and Brian were at the park, Brian delivered the ticket to",Ella,Zach,Brian,ABB,5,the park,ticket,7122,18825,corrupted,14.16424,9.326894,4.837346,0.08615477,0.00068304,True,2,the,the | Ell | her | Brian | his,14.6712 | 14.1642 | 13.6110 | 13.5491 | 13.1754
"Once Henry and Carol were at the museum, Carol brought the phone to","Once Henry and Wendy were at the museum, Wendy brought the phone to",Henry,Carol,Wendy,ABB,4,the museum,phone,8616,5074,corrupted,14.848851,8.187259,6.661592,0.08591983,0.0001099,True,3,her,her | the | Henry | him | his,15.7858 | 15.5037 | 14.8489 | 14.3488 | 13.9819
"Once Quinn and Alice were at the park, Alice brought the book to","Once Quinn and Noah were at the park, Noah brought the book to",Quinn,Alice,Noah,ABB,4,the park,book,16109,14862,corrupted,14.96509,9.570945,5.394145,0.1446127,0.00065699,True,1,Quinn,Quinn | the | Noah | him | them,14.9651 | 14.7722 | 14.6255 | 14.3214 | 14.2543
"When Jack and Tara visited the theater, Tara handed the card to","When Jack and Yara visited the theater, Yara handed the card to",Jack,Tara,Yara,ABB,1,the theater,card,3619,37723,corrupted,17.001694,6.753652,10.248042,0.6806978,2.411e-05,True,1,Jack,Jack | the | Y | them | her,17.0017 | 14.4710 | 13.5401 | 13.4826 | 13.2216
"Once Quinn and Noah were at the school, Noah brought the book to","Once Quinn and Amy were at the school, Amy brought the book to",Quinn,Noah,Amy,ABB,4,the school,book,16109,18394,corrupted,14.505029,8.403315,6.101714,0.05792885,0.0001297,True,5,her,her | the | Amy | them | Quinn,16.1821 | 14.9016 | 14.7177 | 14.6469 | 14.5050
"As Tara and Kate walked through the gym, Kate offered the card to","As Tara and Liam walked through the gym, Liam offered the card to",Tara,Kate,Liam,ABB,6,the gym,card,37723,16693,corrupted,16.567604,9.736685,6.830919,0.53435153,0.00057703,True,1,Tara,Tara | the | them | her | his,16.5676 | 14.3804 | 14.2462 | 13.7073 | 13.1130
"When Alice and Derek went to the hospital, Derek gave the package to","When Alice and Grace went to the hospital, Grace gave the package to",Alice,Derek,Grace,ABB,0,the hospital,package,14862,20893,corrupted,16.115372,6.980487,9.134884,0.3963224,4.274e-05,True,1,Alice,Alice | her | the | them | a,16.1154 | 14.8506 | 14.4623 | 13.3515 | 13.2006
"When Yara and Mia went to the station, Mia gave the note to","When Yara and Quinn went to the station, Quinn gave the note to",Yara,Mia,Quinn,ABB,0,the station,note,575,32189,corrupted,15.535414,8.077915,7.457499,0.34999591,0.00020198,True,1,Y,Y | the | her | Quinn | a,15.5354 | 14.1777 | 13.8578 | 12.7409 | 12.6185
"While Tara and Olivia were at the office, Olivia delivered the jacket to","While Tara and Sam were at the office, Sam delivered the jacket to",Tara,Olivia,Sam,ABB,5,the office,jacket,37723,33911,corrupted,15.67332,8.550579,7.122741,0.31894827,0.00025725,True,1,Tara,Tara | the | her | Sam | his,15.6733 | 14.4015 | 14.0738 | 13.5810 | 13.3728
"Once Grace and Amy were at the office, Grace brought the package to","Once Quinn and Amy were at the office, Quinn brought the package to",Amy,Grace,Quinn,BAB,4,the office,package,14235,16156,corrupted,16.054245,7.395136,8.659109,0.31370655,5.444e-05,True,1,Amy,Amy | her | the | his | him,16.0542 | 15.5272 | 15.0984 | 13.3269 | 13.1974
"While Jack and Ella were at the school, Jack delivered the phone to","While Noah and Ella were at the school, Noah delivered the phone to",Ella,Jack,Noah,BAB,5,the school,phone,7122,3619,corrupted,14.976511,9.015392,5.961119,0.21073665,0.00054307,True,1,Ell,Ell | the | his | Noah | a,14.9765 | 14.2719 | 13.9862 | 13.6241 | 13.5621
"When Noah and Quinn visited the cafe, Noah handed the package to","When Olivia and Quinn visited the cafe, Olivia handed the package to",Quinn,Noah,Olivia,BAB,1,the cafe,package,16109,18394,corrupted,16.310528,8.746811,7.563717,0.37615514,0.0001952,True,1,Quinn,Quinn | her | the | them | a,16.3105 | 15.7749 | 14.8872 | 13.9566 | 13.6159
"When Bob and Grace visited the store, Bob handed the phone to","When Yara and Grace visited the store, Yara handed the phone to",Grace,Bob,Yara,BAB,1,the store,phone,16156,5811,corrupted,16.321741,7.32146,9.000281,0.5309428,6.551e-05,True,1,Grace,Grace | her | the | a | them,16.3217 | 14.7467 | 14.5350 | 13.4616 | 12.5311
"When Yara and Frank visited the office, Yara handed the jacket to","When Tara and Frank visited the office, Tara handed the jacket to",Frank,Yara,Tara,BAB,1,the office,jacket,5278,575,corrupted,17.164173,8.435232,8.728941,0.61219448,9.907e-05,True,1,Frank,Frank | the | her | them | a,17.1642 | 15.2780 | 14.9882 | 13.5320 | 13.5306
"Once Bob and Amy were at the gym, Bob brought the phone to","Once Olivia and Amy were at the gym, Olivia brought the phone to",Amy,Bob,Olivia,BAB,4,the gym,phone,14235,5811,corrupted,15.373217,9.374418,5.998798,0.08898746,0.00022084,True,3,her,her | the | Amy | their | them,17.0238 | 15.7992 | 15.3732 | 13.7208 | 13.6233
"Once Harry and Uma were at the cafe, Uma brought the jacket to","Once Harry and Clara were at the cafe, Clara brought the jacket to",Harry,Uma,Clara,ABB,4,the cafe,jacket,5850,471,corrupted,16.690672,8.251614,8.439058,0.34072685,7.368e-05,True,1,Harry,Harry | her | the | him | his,16.6907 | 15.8232 | 15.6635 | 14.4862 | 13.8671
"Once Ella and Frank were at the hospital, Ella brought the map to","Once Iris and Frank were at the hospital, Iris brought the map to",Frank,Ella,Iris,BAB,4,the hospital,map,5278,7122,corrupted,15.032626,7.628498,7.404129,0.17096516,0.00010407,True,1,Frank,Frank | her | the | them | Iris,15.0326 | 14.7236 | 14.6968 | 14.2385 | 13.5402
"When Derek and Victor visited the museum, Derek handed the note to","When Emma and Victor visited the museum, Emma handed the note to",Victor,Derek,Emma,BAB,1,the museum,note,12622,20893,corrupted,17.590021,6.66016,10.929861,0.70454401,1.262e-05,True,1,Victor,Victor | the | her | Victoria | them,17.5900 | 15.0851 | 15.0612 | 13.9267 | 13.8381
"While Paul and Clara were at the mall, Paul delivered the bag to","While Carol and Clara were at the mall, Carol delivered the bag to",Clara,Paul,Carol,BAB,5,the mall,bag,27443,3362,corrupted,15.240639,9.837777,5.402862,0.20717487,0.00093305,True,1,Clara,Clara | her | the | a | Carol,15.2406 | 15.0651 | 14.5950 | 13.9703 | 13.1510
"Once Quinn and Paul were at the beach, Paul brought the package to","Once Quinn and Fred were at the beach, Fred brought the package to",Quinn,Paul,Fred,ABB,4,the beach,package,16109,3362,corrupted,14.124744,9.331104,4.79364,0.07266198,0.0006018,True,4,the,the | her | him | Quinn | his,14.7275 | 14.4659 | 14.2664 | 14.1247 | 13.8725
"As Mia and Gina walked through the park, Gina offered the key to","As Mia and Iris walked through the park, Iris offered the key to",Mia,Gina,Iris,ABB,6,the park,key,32189,43002,corrupted,11.461491,5.90945,5.552041,0.00589224,2.286e-05,True,11,the,the | her | their | a | unlocking,15.6447 | 14.2472 | 13.8392 | 13.4440 | 12.7736
"When Frank and Uma went to the restaurant, Uma gave the note to","When Frank and Yara went to the restaurant, Yara gave the note to",Frank,Uma,Yara,ABB,0,the restaurant,note,5278,471,corrupted,16.719337,8.841547,7.87779,0.66285741,0.00025127,True,1,Frank,Frank | the | Y | his | her,16.7193 | 14.3658 | 13.4414 | 13.3839 | 13.1808
"When Olivia and Fred arrived at the gym, Olivia passed the package to","When Emma and Fred arrived at the gym, Emma passed the package to",Fred,Olivia,Emma,BAB,2,the gym,package,8559,33911,corrupted,17.878963,8.875012,9.003951,0.74898547,9.207e-05,True,1,Fred,Fred | her | the | them | a,17.8790 | 15.3452 | 14.8792 | 13.7709 | 13.6227
"After Tara and Carol left the station, Tara sent the card to","After Sam and Carol left the station, Sam sent the card to",Carol,Tara,Sam,BAB,3,the station,card,5074,37723,corrupted,15.865755,8.444881,7.420874,0.3615348,0.00021642,True,1,Carol,Carol | the | his | her | a,15.8658 | 14.0103 | 13.8339 | 13.0796 | 12.7647
"Once Rose and Wendy were at the office, Rose brought the ticket to","Once Olivia and Wendy were at the office, Olivia brought the ticket to",Wendy,Rose,Olivia,BAB,4,the office,ticket,28314,8049,corrupted,15.177256,8.553228,6.624027,0.1331379,0.00017682,True,3,the,the | her | Wendy | them | a,15.8955 | 15.2141 | 15.1773 | 13.6210 | 13.1470
"Once Clara and Quinn were at the market, Clara brought the wallet to","Once Yara and Quinn were at the market, Yara brought the wallet to",Quinn,Clara,Yara,BAB,4,the market,wallet,16109,27443,corrupted,15.253004,7.771338,7.481666,0.25528741,0.00014381,True,1,Quinn,Quinn | her | the | them | Y,15.2530 | 14.8771 | 14.6614 | 13.4966 | 13.0707
"When Mia and Henry went to the school, Henry gave the package to","When Mia and Derek went to the school, Derek gave the package to",Mia,Henry,Derek,ABB,0,the school,package,32189,8616,corrupted,16.480312,8.085177,8.395135,0.50878543,0.00011497,True,1,Mia,Mia | the | his | her | them,16.4803 | 14.5568 | 14.4704 | 14.3450 | 13.7450
"When Yara and Iris arrived at the hospital, Yara passed the phone to","When Amy and Iris arrived at the hospital, Amy passed the phone to",Iris,Yara,Amy,BAB,2,the hospital,phone,34230,575,corrupted,15.605053,7.949747,7.655306,0.25684431,0.00012162,True,2,her,her | Iris | the | a | them,15.8126 | 15.6051 | 14.2659 | 13.7581 | 12.6697
"Once Sam and Mia were at the cafe, Mia brought the phone to","Once Sam and Liam were at the cafe, Liam brought the phone to",Sam,Mia,Liam,ABB,4,the cafe,phone,3409,32189,corrupted,14.573337,6.709107,7.864229,0.09023839,3.467e-05,True,3,his,his | the | Sam | him | them,15.4131 | 15.0621 | 14.5733 | 14.4486 | 13.9007
"When Harry and Uma visited the hospital, Harry handed the gift to","When Olivia and Uma visited the hospital, Olivia handed the gift to",Uma,Harry,Olivia,BAB,1,the hospital,gift,471,5850,corrupted,16.27639,9.712542,6.563848,0.3315424,0.00046762,True,1,U,U | her | the | them | a,16.2764 | 16.1418 | 14.8607 | 13.5791 | 13.5667
"When Alice and Grace visited the library, Grace handed the wallet to","When Alice and Brian visited the library, Brian handed the wallet to",Alice,Grace,Brian,ABB,1,the library,wallet,14862,16156,corrupted,17.63382,8.557209,9.076611,0.61824095,7.067e-05,True,1,Alice,Alice | the | her | them | a,17.6338 | 15.1096 | 14.8417 | 14.6976 | 14.0198
"When Brian and Noah visited the hospital, Brian handed the map to","When Grace and Noah visited the hospital, Grace handed the map to",Noah,Brian,Grace,BAB,1,the hospital,map,18394,8403,corrupted,16.669979,8.864529,7.80545,0.55123925,0.00022463,True,1,Noah,Noah | the | her | them | him,16.6700 | 14.8692 | 14.7788 | 14.0367 | 12.9745
"While Victor and Kate were at the beach, Victor delivered the pen to","While Amy and Kate were at the beach, Amy delivered the pen to",Kate,Victor,Amy,BAB,5,the beach,pen,16693,12622,corrupted,15.229684,7.562365,7.667319,0.16401996,7.674e-05,True,2,her,her | Kate | the | Amy | a,15.3779 | 15.2297 | 14.4663 | 14.1994 | 13.9147
"While Derek and Zach were at the park, Zach delivered the bag to","While Derek and Amy were at the park, Amy delivered the bag to",Derek,Zach,Amy,ABB,5,the park,bag,20893,18825,corrupted,15.949478,9.007786,6.941692,0.29542682,0.00028557,True,1,Derek,Derek | her | the | them | Amy,15.9495 | 14.8756 | 14.7232 | 13.9423 | 13.7162
"After Gina and Henry left the park, Henry sent the key to","After Gina and Wendy left the park, Wendy sent the key to",Gina,Henry,Wendy,ABB,3,the park,key,43002,8616,corrupted,14.746847,7.853809,6.893038,0.17340542,0.00017598,True,2,the,the | Gina | her | Wendy | a,14.7519 | 14.7468 | 14.6422 | 13.1538 | 12.8369
"Once Fred and Emma were at the gym, Fred brought the book to","Once Derek and Emma were at the gym, Derek brought the book to",Emma,Fred,Derek,BAB,4,the gym,book,18966,8559,corrupted,16.866468,5.935673,10.930796,0.40244272,7.2e-06,True,1,Emma,Emma | the | his | her | him,16.8665 | 15.3756 | 15.1995 | 15.0773 | 15.0168
"As Gina and Uma walked through the station, Gina offered the ticket to","As Fred and Uma walked through the station, Fred offered the ticket to",Uma,Gina,Fred,BAB,6,the station,ticket,471,43002,corrupted,15.691689,6.650436,9.041252,0.30621639,3.626e-05,True,1,U,U | the | his | them | Fred,15.6917 | 14.8737 | 13.7820 | 13.7742 | 13.2983
"After Clara and Uma left the park, Uma sent the ticket to","After Clara and Jack left the park, Jack sent the ticket to",Clara,Uma,Jack,ABB,3,the park,ticket,27443,471,corrupted,16.28923,7.774039,8.515192,0.41539213,8.324e-05,True,1,Clara,Clara | the | her | his | Jack,16.2892 | 14.5107 | 14.1699 | 13.5825 | 13.4504
"When Sam and Olivia visited the restaurant, Olivia handed the book to","When Sam and Xander visited the restaurant, Xander handed the book to",Sam,Olivia,Xander,ABB,1,the restaurant,book,3409,33911,corrupted,16.795067,8.985954,7.809113,0.43347427,0.000176,True,1,Sam,Sam | the | them | Xander | his,16.7951 | 15.2104 | 14.8884 | 14.4902 | 14.3395
"After Clara and Frank left the station, Frank sent the bag to","After Clara and Carol left the station, Carol sent the bag to",Clara,Frank,Carol,ABB,3,the station,bag,27443,5278,corrupted,13.387905,9.664305,3.7236,0.05635877,0.00136089,True,3,the,the | her | Clara | a | Carol,14.1355 | 13.8923 | 13.3879 | 12.8800 | 12.7508
"When Sam and Yara visited the cafe, Yara handed the trophy to","When Sam and Amy visited the cafe, Amy handed the trophy to",Sam,Yara,Amy,ABB,1,the cafe,trophy,3409,575,corrupted,17.338799,8.851907,8.486892,0.62296265,0.00012843,True,1,Sam,Sam | her | the | a | him,17.3388 | 15.0283 | 15.0034 | 13.9372 | 13.8357
"When Brian and Liam went to the hospital, Liam gave the letter to","When Brian and Grace went to the hospital, Grace gave the letter to",Brian,Liam,Grace,ABB,0,the hospital,letter,8403,31684,corrupted,14.913624,7.419812,7.493812,0.20135015,0.00011205,True,1,Brian,Brian | the | her | his | a,14.9136 | 14.6334 | 14.0937 | 13.2296 | 13.0733
"When Fred and Noah visited the station, Noah handed the trophy to","When Fred and Isla visited the station, Isla handed the trophy to",Fred,Noah,Isla,ABB,1,the station,trophy,8559,18394,corrupted,16.534527,8.734027,7.8005,0.5303185,0.00021718,True,1,Fred,Fred | the | his | him | her,16.5345 | 14.6607 | 13.7011 | 13.5120 | 13.1601
"As Henry and Derek walked through the market, Derek offered the phone to","As Henry and Iris walked through the market, Iris offered the phone to",Henry,Derek,Iris,ABB,6,the market,phone,8616,20893,corrupted,15.644435,8.284952,7.359483,0.35067073,0.00022321,True,1,Henry,Henry | the | them | Iris | her,15.6444 | 14.0287 | 13.9690 | 13.8879 | 13.8576
"Once Tara and Zach were at the hospital, Zach brought the ticket to","Once Tara and Rose were at the hospital, Rose brought the ticket to",Tara,Zach,Rose,ABB,4,the hospital,ticket,37723,18825,corrupted,14.481208,8.239202,6.242005,0.09588193,0.00018658,True,3,the,the | her | Tara | them | their,15.3202 | 14.8639 | 14.4812 | 13.5905 | 12.7240
"While Gina and Zach were at the station, Gina delivered the card to","While Sam and Zach were at the station, Sam delivered the card to",Zach,Gina,Sam,BAB,5,the station,card,18825,43002,corrupted,15.828938,7.599573,8.229364,0.38462803,0.00010258,True,1,Zach,Zach | the | his | a | Sam,15.8289 | 14.3945 | 14.0608 | 13.4821 | 12.7238
"When Clara and Sam visited the hospital, Clara handed the map to","When Iris and Sam visited the hospital, Iris handed the map to",Sam,Clara,Iris,BAB,1,the hospital,map,3409,27443,corrupted,15.76933,8.413301,7.356029,0.30996701,0.00019799,True,1,Sam,Sam | her | the | them | him,15.7693 | 14.8495 | 14.8303 | 14.7435 | 13.0267
"After Brian and Henry left the park, Brian sent the package to","After Iris and Henry left the park, Iris sent the package to",Henry,Brian,Iris,BAB,3,the park,package,8616,8403,corrupted,14.332872,7.51637,6.816503,0.15247639,0.00016704,True,1,Henry,Henry | her | the | Iris | a,14.3329 | 14.0458 | 13.8782 | 13.8547 | 11.9749
"When Paul and Kate visited the hospital, Paul handed the letter to","When Harry and Kate visited the hospital, Harry handed the letter to",Kate,Paul,Harry,BAB,1,the hospital,letter,16693,3362,corrupted,17.113319,9.870255,7.243064,0.52723938,0.00037704,True,1,Kate,Kate | the | his | her | them,17.1133 | 15.2273 | 14.9605 | 14.2717 | 13.7474
"While Brian and Olivia were at the park, Brian delivered the book to","While Frank and Olivia were at the park, Frank delivered the book to",Olivia,Brian,Frank,BAB,5,the park,book,33911,8403,corrupted,16.086296,8.842367,7.243929,0.39688593,0.00028357,True,1,Olivia,Olivia | his | the | a | her,16.0863 | 14.4645 | 14.3533 | 13.6750 | 13.4701
"While Yara and Sam were at the cafe, Sam delivered the phone to","While Yara and Quinn were at the cafe, Quinn delivered the phone to",Yara,Sam,Quinn,ABB,5,the cafe,phone,575,3409,corrupted,14.829069,9.555366,5.273704,0.22804572,0.00116864,True,1,Y,Y | the | her | Quinn | a,14.8291 | 13.8184 | 13.8004 | 13.0146 | 12.7235
"When Fred and Xander visited the cafe, Fred handed the ticket to","When Clara and Xander visited the cafe, Clara handed the ticket to",Xander,Fred,Clara,BAB,1,the cafe,ticket,46122,8559,corrupted,17.521711,8.794672,8.727039,0.72657794,0.00011781,True,1,Xander,Xander | the | her | them | a,17.5217 | 15.2378 | 14.6416 | 14.1789 | 13.3450
"While Clara and Henry were at the beach, Clara delivered the card to","While Derek and Henry were at the beach, Derek delivered the card to",Henry,Clara,Derek,BAB,5,the beach,card,8616,27443,corrupted,16.04187,7.835308,8.206563,0.44490698,0.0001214,True,1,Henry,Henry | his | the | a | Derek,16.0419 | 14.6498 | 14.3964 | 13.1614 | 12.3313
"While Harry and Quinn were at the station, Quinn delivered the gift to","While Harry and Alice were at the station, Alice delivered the gift to",Harry,Quinn,Alice,ABB,5,the station,gift,5850,16109,corrupted,16.073772,6.662545,9.411227,0.28909624,2.365e-05,True,1,Harry,Harry | the | her | Ron | them,16.0738 | 15.0545 | 14.7908 | 13.7012 | 13.4581
"When Derek and Ella went to the school, Derek gave the bag to","When Carol and Ella went to the school, Carol gave the bag to",Ella,Derek,Carol,BAB,0,the school,bag,7122,20893,corrupted,14.762829,7.352621,7.410208,0.13835749,8.371e-05,True,2,her,her | Ell | the | them | a,14.9848 | 14.7628 | 14.6118 | 14.1597 | 13.7571
"While Victor and Clara were at the beach, Victor delivered the letter to","While Tara and Clara were at the beach, Tara delivered the letter to",Clara,Victor,Tara,BAB,5,the beach,letter,27443,12622,corrupted,14.403844,9.588505,4.815339,0.11326817,0.00091798,True,3,the,the | her | Clara | a | Tara,14.6173 | 14.5350 | 14.4038 | 12.6365 | 12.2160
"When Paul and Uma visited the restaurant, Uma handed the book to","When Paul and Bob visited the restaurant, Bob handed the book to",Paul,Uma,Bob,ABB,1,the restaurant,book,3362,471,corrupted,16.985329,8.231832,8.753497,0.52817953,8.34e-05,True,1,Paul,Paul | the | them | his | a,16.9853 | 15.1218 | 14.7258 | 14.1687 | 14.0995
"As Harry and Brian walked through the restaurant, Brian offered the package to","As Harry and Henry walked through the restaurant, Henry offered the package to",Harry,Brian,Henry,ABB,6,the restaurant,package,5850,8403,corrupted,17.338614,9.066569,8.272044,0.58739269,0.00015012,True,1,Harry,Harry | the | them | his | Hermione,17.3386 | 15.2561 | 14.8082 | 14.3147 | 13.5590
"When Frank and Yara arrived at the cafe, Yara passed the bag to","When Frank and Grace arrived at the cafe, Grace passed the bag to",Frank,Yara,Grace,ABB,2,the cafe,bag,5278,575,corrupted,16.98168,8.480639,8.501041,0.60592324,0.00012316,True,1,Frank,Frank | the | her | a | them,16.9817 | 14.6179 | 14.5037 | 13.7706 | 13.6599
"As Derek and Emma walked through the mall, Emma offered the ticket to","As Derek and Henry walked through the mall, Henry offered the ticket to",Derek,Emma,Henry,ABB,6,the mall,ticket,20893,18966,corrupted,14.541525,8.727753,5.813772,0.09993302,0.00029841,True,2,the,the | Derek | them | a | his,14.9439 | 14.5415 | 14.3899 | 13.7685 | 13.2449
"When Olivia and Henry arrived at the park, Henry passed the jacket to","When Olivia and Mia arrived at the park, Mia passed the jacket to",Olivia,Henry,Mia,ABB,2,the park,jacket,33911,8616,corrupted,15.502102,9.861349,5.640753,0.27526388,0.00097724,True,1,Olivia,Olivia | her | the | a | Mia,15.5021 | 14.7354 | 14.3013 | 13.9729 | 13.3639
"When Zach and Yara arrived at the gym, Zach passed the map to","When Henry and Yara arrived at the gym, Henry passed the map to",Yara,Zach,Henry,BAB,2,the gym,map,575,18825,corrupted,16.277891,7.223289,9.054603,0.48658824,5.686e-05,True,1,Y,Y | his | the | them | a,16.2779 | 14.6032 | 14.5434 | 13.9762 | 13.2057
"After Uma and Noah left the mall, Noah sent the trophy to","After Uma and Fred left the mall, Fred sent the trophy to",Uma,Noah,Fred,ABB,3,the mall,trophy,471,18394,corrupted,14.00166,8.330601,5.67106,0.10171048,0.00035031,True,1,U,U | his | the | her | Fred,14.0017 | 13.7385 | 13.6474 | 13.4146 | 13.2674
"As Victor and Alice walked through the station, Victor offered the jacket to","As Yara and Alice walked through the station, Yara offered the jacket to",Alice,Victor,Yara,BAB,6,the station,jacket,14862,12622,corrupted,16.661852,9.065245,7.596607,0.62636137,0.00031453,True,1,Alice,Alice | her | the | Y | them,16.6619 | 14.5140 | 14.4583 | 12.4413 | 12.4137
"When Iris and Yara visited the library, Yara handed the map to","When Iris and Jack visited the library, Jack handed the map to",Iris,Yara,Jack,ABB,1,the library,map,34230,575,corrupted,18.675316,8.685176,9.99014,0.86740279,3.977e-05,True,1,Iris,Iris | the | her | them | Jack,18.6753 | 14.9291 | 14.9145 | 14.7565 | 13.3780
"Once Victor and Bob were at the office, Bob brought the book to","Once Victor and Olivia were at the office, Olivia brought the book to",Victor,Bob,Olivia,ABB,4,the office,book,12622,5811,corrupted,15.696127,9.410785,6.285342,0.19140805,0.00035667,True,1,Victor,Victor | her | the | him | them,15.6961 | 15.5459 | 15.2972 | 14.6243 | 14.2502
"When Liam and Fred arrived at the museum, Liam passed the package to","When Gina and Fred arrived at the museum, Gina passed the package to",Fred,Liam,Gina,BAB,2,the museum,package,8559,31684,corrupted,17.09219,5.388528,11.703662,0.60736078,5.02e-06,True,1,Fred,Fred | her | the | them | their,17.0922 | 15.2595 | 14.7317 | 14.0487 | 13.8071
"When Henry and Bob visited the office, Bob handed the letter to","When Henry and Rose visited the office, Rose handed the letter to",Henry,Bob,Rose,ABB,1,the office,letter,8616,5811,corrupted,16.7421,8.102133,8.639967,0.70432454,0.00012459,True,1,Henry,Henry | the | her | a | him,16.7421 | 14.1220 | 12.9572 | 12.4989 | 12.4955
"As Harry and Fred walked through the hospital, Fred offered the ticket to","As Harry and Iris walked through the hospital, Iris offered the ticket to",Harry,Fred,Iris,ABB,6,the hospital,ticket,5850,8559,corrupted,16.443634,9.310358,7.133276,0.4168483,0.00033269,True,1,Harry,Harry | the | them | her | Iris,16.4436 | 15.0932 | 14.2338 | 13.7402 | 13.4299
"When Olivia and Jack arrived at the hospital, Jack passed the trophy to","When Olivia and Bob arrived at the hospital, Bob passed the trophy to",Olivia,Jack,Bob,ABB,2,the hospital,trophy,33911,3619,corrupted,16.865967,11.017536,5.848431,0.48426411,0.00139682,True,1,Olivia,Olivia | his | her | the | a,16.8660 | 14.9996 | 14.8161 | 14.5606 | 13.8652
"After Kate and Iris left the library, Iris sent the trophy to","After Kate and Isla left the library, Isla sent the trophy to",Kate,Iris,Isla,ABB,3,the library,trophy,16693,34230,corrupted,14.619809,8.507928,6.111881,0.14531204,0.00032207,True,2,her,her | Kate | the | Is | a,14.8384 | 14.6198 | 13.7041 | 12.9075 | 12.5242
"After Wendy and David left the beach, David sent the trophy to","After Wendy and Sam left the beach, Sam sent the trophy to",Wendy,David,Sam,ABB,3,the beach,trophy,28314,3271,corrupted,17.087141,10.074075,7.013066,0.57051456,0.00051349,True,1,Wendy,Wendy | Sam | her | his | the,17.0871 | 14.6194 | 14.4804 | 14.3642 | 14.2300
"When Olivia and Gina went to the museum, Gina gave the map to","When Olivia and Wendy went to the museum, Wendy gave the map to",Olivia,Gina,Wendy,ABB,0,the museum,map,33911,43002,corrupted,15.679188,7.217809,8.461379,0.26315489,5.565e-05,True,1,Olivia,Olivia | the | her | them | a,15.6792 | 14.9742 | 14.9576 | 14.4949 | 13.3197
"Once Wendy and Victor were at the restaurant, Wendy brought the trophy to","Once Clara and Victor were at the restaurant, Clara brought the trophy to",Victor,Wendy,Clara,BAB,4,the restaurant,trophy,12622,28314,corrupted,16.752918,9.690712,7.062206,0.45704511,0.00039164,True,1,Victor,Victor | her | the | Clara | them,16.7529 | 15.6543 | 15.1712 | 13.3804 | 13.3406
"As Noah and Carol walked through the gym, Noah offered the note to","As Harry and Carol walked through the gym, Harry offered the note to",Carol,Noah,Harry,BAB,6,the gym,note,5074,18394,corrupted,17.361269,6.7973,10.563969,0.6776914,1.75e-05,True,1,Carol,Carol | his | the | her | their,17.3613 | 14.7520 | 14.7015 | 13.3915 | 12.8462
"When Harry and Carol visited the theater, Harry handed the ticket to","When Brian and Carol visited the theater, Brian handed the ticket to",Carol,Harry,Brian,BAB,1,the theater,ticket,5074,5850,corrupted,17.015303,8.164271,8.851031,0.63355416,9.075e-05,True,1,Carol,Carol | the | a | his | their,17.0153 | 14.8573 | 14.1746 | 13.5604 | 13.3655
"After Henry and Mia left the gym, Mia sent the note to","After Henry and Bob left the gym, Bob sent the note to",Henry,Mia,Bob,ABB,3,the gym,note,8616,32189,corrupted,15.643705,6.734173,8.909533,0.29038316,3.923e-05,True,1,Henry,Henry | his | Bob | the | their,15.6437 | 14.6131 | 14.1104 | 14.0971 | 12.4964
"When Fred and Amy went to the station, Amy gave the bag to","When Fred and Rose went to the station, Rose gave the bag to",Fred,Amy,Rose,ABB,0,the station,bag,8559,14235,corrupted,17.680548,8.804075,8.876472,0.76964062,0.00010747,True,1,Fred,Fred | the | them | Rose | her,17.6805 | 14.7425 | 13.7383 | 13.2593 | 13.2579
"After Zach and Isla left the cafe, Zach sent the package to","After Noah and Isla left the cafe, Noah sent the package to",Isla,Zach,Noah,BAB,3,the cafe,package,1148,18825,corrupted,16.172377,8.845877,7.3265,0.46639928,0.00030683,True,1,Is,Is | his | the | Noah | a,16.1724 | 14.6792 | 14.3146 | 13.5130 | 12.6979
"As Brian and Wendy walked through the library, Brian offered the package to","As Uma and Wendy walked through the library, Uma offered the package to",Wendy,Brian,Uma,BAB,6,the library,package,28314,8403,corrupted,16.993946,8.223277,8.770669,0.5710752,8.864e-05,True,1,Wendy,Wendy | her | the | a | them,16.9939 | 15.9005 | 14.4967 | 13.2718 | 13.1585
"As Henry and Rose walked through the museum, Rose offered the map to","As Henry and Olivia walked through the museum, Olivia offered the map to",Henry,Rose,Olivia,ABB,6,the museum,map,8616,8049,corrupted,17.104195,6.686422,10.417772,0.6288932,1.88e-05,True,1,Henry,Henry | the | her | them | him,17.1042 | 14.7403 | 14.2184 | 14.1682 | 13.4642
"Once Wendy and Paul were at the store, Wendy brought the phone to","Once Zach and Paul were at the store, Zach brought the phone to",Paul,Wendy,Zach,BAB,4,the store,phone,3362,28314,corrupted,14.463233,8.503041,5.960192,0.08099854,0.00020893,True,3,the,the | his | Paul | him | me,15.3096 | 15.2064 | 14.4632 | 13.9450 | 13.7494
"When David and Emma arrived at the hospital, Emma passed the wallet to","When David and Zach arrived at the hospital, Zach passed the wallet to",David,Emma,Zach,ABB,2,the hospital,wallet,3271,18966,corrupted,15.719096,10.186287,5.532809,0.23820667,0.00094207,True,1,David,David | his | the | Zach | a,15.7191 | 15.3420 | 14.7693 | 14.2798 | 14.2372
"When Bob and Zach visited the station, Bob handed the letter to","When Olivia and Zach visited the station, Olivia handed the letter to",Zach,Bob,Olivia,BAB,1,the station,letter,18825,5811,corrupted,16.837912,8.923049,7.914863,0.55750442,0.00020364,True,1,Zach,Zach | the | her | them | a,16.8379 | 14.9410 | 14.7589 | 13.7037 | 13.4641
"While Grace and Quinn were at the beach, Grace delivered the ticket to","While Mia and Quinn were at the beach, Mia delivered the ticket to",Quinn,Grace,Mia,BAB,5,the beach,ticket,16109,16156,corrupted,14.211102,7.711209,6.499892,0.12092056,0.00018182,True,2,the,the | Quinn | her | a | Mia,14.6696 | 14.2111 | 14.2094 | 13.1305 | 12.6628
"When Uma and Paul visited the school, Paul handed the card to","When Uma and Tara visited the school, Tara handed the card to",Uma,Paul,Tara,ABB,1,the school,card,471,3362,corrupted,16.428925,8.795048,7.633877,0.45224318,0.00021879,True,1,U,U | the | her | Tara | them,16.4289 | 14.8436 | 14.8126 | 13.4556 | 13.4280
"After Bob and Olivia left the store, Bob sent the bag to","After Harry and Olivia left the store, Harry sent the bag to",Olivia,Bob,Harry,BAB,3,the store,bag,33911,5811,corrupted,14.996066,9.418327,5.577739,0.14573964,0.00055106,True,1,Olivia,Olivia | the | his | Hermione | a,14.9961 | 14.8484 | 14.7458 | 13.5121 | 13.1970
"Once Derek and Olivia were at the theater, Derek brought the pen to","Once Victor and Olivia were at the theater, Victor brought the pen to",Olivia,Derek,Victor,BAB,4,the theater,pen,33911,20893,corrupted,14.858404,6.737867,8.120537,0.10152069,3.019e-05,True,4,his,his | the | her | Olivia | him,15.7967 | 15.2561 | 14.9009 | 14.8584 | 14.2280
"While Harry and Clara were at the office, Clara delivered the jacket to","While Harry and Henry were at the office, Henry delivered the jacket to",Harry,Clara,Henry,ABB,5,the office,jacket,5850,27443,corrupted,15.490479,7.887351,7.603128,0.26227787,0.00013085,True,1,Harry,Harry | the | his | a | Hermione,15.4905 | 14.6755 | 14.0109 | 13.2463 | 12.9213
"After Xander and Victor left the beach, Victor sent the key to","After Xander and Henry left the beach, Henry sent the key to",Xander,Victor,Henry,ABB,3,the beach,key,46122,12622,corrupted,14.466399,9.305813,5.160586,0.15177993,0.00087096,True,2,the,the | Xander | his | Henry | a,14.5500 | 14.4664 | 13.9599 | 13.3265 | 12.5753
"As Kate and Bob walked through the beach, Bob offered the phone to","As Kate and Jack walked through the beach, Jack offered the phone to",Kate,Bob,Jack,ABB,6,the beach,phone,16693,5811,corrupted,17.759371,10.101652,7.657719,0.60400993,0.00028532,True,1,Kate,Kate | her | the | them | Jack,17.7594 | 15.7953 | 14.6783 | 14.6634 | 14.4687
"When Bob and Amy went to the library, Bob gave the pen to","When Paul and Amy went to the library, Paul gave the pen to",Amy,Bob,Paul,BAB,0,the library,pen,14235,5811,corrupted,18.495802,8.739627,9.756175,0.87428981,5.065e-05,True,1,Amy,Amy | the | his | her | a,18.4958 | 14.8983 | 14.5056 | 14.0534 | 14.0456
"When Isla and Ella went to the theater, Ella gave the phone to","When Isla and Quinn went to the theater, Quinn gave the phone to",Isla,Ella,Quinn,ABB,0,the theater,phone,1148,7122,corrupted,12.298384,8.486658,3.811726,0.02075576,0.00045891,True,5,the,the | her | a | Quinn | Is,14.2279 | 13.7985 | 13.4904 | 12.7567 | 12.2984
"When Noah and Victor arrived at the cafe, Victor passed the jacket to","When Noah and Jack arrived at the cafe, Jack passed the jacket to",Noah,Victor,Jack,ABB,2,the cafe,jacket,18394,12622,corrupted,16.868683,7.598144,9.270539,0.5938856,5.592e-05,True,1,Noah,Noah | the | a | his | them,16.8687 | 14.6225 | 14.1076 | 13.9890 | 13.0271
"When Paul and Noah visited the hospital, Noah handed the bag to","When Paul and Zach visited the hospital, Zach handed the bag to",Paul,Noah,Zach,ABB,1,the hospital,bag,3362,18394,corrupted,16.990667,9.381448,7.60922,0.66579592,0.00033014,True,1,Paul,Paul | the | his | them | him,16.9907 | 14.6187 | 13.6678 | 13.4897 | 13.0554
"Once Derek and Xander were at the park, Derek brought the card to","Once Frank and Xander were at the park, Frank brought the card to",Xander,Derek,Frank,BAB,4,the park,card,46122,20893,corrupted,16.068382,7.456318,8.612064,0.30086833,5.473e-05,True,1,Xander,Xander | the | his | them | him,16.0684 | 15.1943 | 14.5977 | 14.1579 | 13.5412
"As Clara and Frank walked through the theater, Clara offered the package to","As Henry and Frank walked through the theater, Henry offered the package to",Frank,Clara,Henry,BAB,6,the theater,package,5278,27443,corrupted,16.440884,7.87417,8.566714,0.48627514,9.256e-05,True,1,Frank,Frank | the | his | a | them,16.4409 | 14.8619 | 14.7860 | 13.5545 | 13.1634
"As Bob and Rose walked through the theater, Rose offered the letter to","As Bob and Carol walked through the theater, Carol offered the letter to",Bob,Rose,Carol,ABB,6,the theater,letter,5811,8049,corrupted,14.746327,8.097164,6.649163,0.17066205,0.00022103,True,1,Bob,Bob | the | her | a | his,14.7463 | 14.4033 | 13.8067 | 12.9883 | 12.6938
"After Noah and Frank left the park, Noah sent the gift to","After Kate and Frank left the park, Kate sent the gift to",Frank,Noah,Kate,BAB,3,the park,gift,5278,18394,corrupted,15.241483,9.180673,6.06081,0.18933512,0.00044163,True,2,her,her | Frank | the | a | their,15.6314 | 15.2415 | 14.3970 | 13.5292 | 13.4319
"When Derek and Iris went to the restaurant, Iris gave the note to","When Derek and Frank went to the restaurant, Frank gave the note to",Derek,Iris,Frank,ABB,0,the restaurant,note,20893,34230,corrupted,15.271147,5.205081,10.066066,0.23189268,9.85e-06,True,1,Derek,Derek | the | his | them | a,15.2711 | 14.8621 | 14.4511 | 14.0315 | 13.7338
"After Clara and Olivia left the market, Clara sent the wallet to","After Xander and Olivia left the market, Xander sent the wallet to",Olivia,Clara,Xander,BAB,3,the market,wallet,33911,27443,corrupted,14.307315,8.087856,6.219459,0.1367057,0.00027209,True,1,Olivia,Olivia | the | his | Xander | a,14.3073 | 14.0303 | 13.9442 | 12.8280 | 12.5846
"After Grace and Liam left the gym, Liam sent the trophy to","After Grace and Iris left the gym, Iris sent the trophy to",Grace,Liam,Iris,ABB,3,the gym,trophy,16156,31684,corrupted,12.825467,7.359327,5.46614,0.03768662,0.00015932,True,4,her,her | the | Iris | Grace | them,14.4986 | 13.4664 | 13.3483 | 12.8255 | 11.8545
"As Tara and Iris walked through the mall, Tara offered the trophy to","As Kate and Iris walked through the mall, Kate offered the trophy to",Iris,Tara,Kate,BAB,6,the mall,trophy,34230,37723,corrupted,16.539444,7.51765,9.021794,0.55407375,6.69e-05,True,1,Iris,Iris | her | the | a | one,16.5394 | 15.4106 | 14.4565 | 12.9156 | 12.1504
"When Yara and Jack went to the library, Jack gave the card to","When Yara and Fred went to the library, Fred gave the card to",Yara,Jack,Fred,ABB,0,the library,card,575,3619,corrupted,16.27319,8.917484,7.355705,0.43987089,0.00028105,True,1,Y,Y | the | her | Fred | a,16.2732 | 14.2712 | 13.8376 | 13.7936 | 13.4366
"When Sam and Mia visited the school, Sam handed the gift to","When Clara and Mia visited the school, Clara handed the gift to",Mia,Sam,Clara,BAB,1,the school,gift,32189,3409,corrupted,15.859884,8.537139,7.322745,0.32162762,0.00021239,True,1,Mia,Mia | her | the | a | them,15.8599 | 15.7157 | 14.9475 | 13.2538 | 12.7867
"After Rose and Iris left the mall, Iris sent the jacket to","After Rose and Sam left the mall, Sam sent the jacket to",Rose,Iris,Sam,ABB,3,the mall,jacket,8049,34230,corrupted,15.415275,7.916663,7.498611,0.2315378,0.00012824,True,1,Rose,Rose | Sam | the | his | her,15.4153 | 14.6490 | 14.4007 | 14.1069 | 13.6814
"When Yara and Ella arrived at the restaurant, Ella passed the wallet to","When Yara and Alice arrived at the restaurant, Alice passed the wallet to",Yara,Ella,Alice,ABB,2,the restaurant,wallet,575,7122,corrupted,16.058241,9.332029,6.726212,0.35286555,0.00042311,True,1,Y,Y | her | the | a | them,16.0582 | 14.8747 | 14.7247 | 13.5052 | 13.1960
"When Carol and Clara visited the station, Clara handed the book to","When Carol and David visited the station, David handed the book to",Carol,Clara,David,ABB,1,the station,book,5074,27443,corrupted,17.250763,8.343358,8.907405,0.5599044,7.58e-05,True,1,Carol,Carol | her | the | them | his,17.2508 | 14.8761 | 14.8286 | 14.5787 | 14.0265
"Once Amy and Isla were at the store, Amy brought the map to","Once Olivia and Isla were at the store, Olivia brought the map to",Isla,Amy,Olivia,BAB,4,the store,map,1148,14235,corrupted,12.135499,9.585297,2.550202,0.00834148,0.00065119,True,10,her,her | the | them | Olivia | me,15.5080 | 15.0353 | 14.2118 | 13.8716 | 13.6798
"When Bob and Iris arrived at the restaurant, Bob passed the trophy to","When Fred and Iris arrived at the restaurant, Fred passed the trophy to",Iris,Bob,Fred,BAB,2,the restaurant,trophy,34230,5811,corrupted,16.416271,7.749759,8.666512,0.53808481,9.269e-05,True,1,Iris,Iris | his | the | her | a,16.4163 | 14.6017 | 14.5732 | 13.8424 | 13.2402
"Once Amy and Alice were at the station, Alice brought the key to","Once Amy and Bob were at the station, Bob brought the key to",Amy,Alice,Bob,ABB,4,the station,key,14235,14862,corrupted,14.62641,10.903891,3.722519,0.10491639,0.00253614,True,2,the,the | Amy | her | his | their,15.9976 | 14.6264 | 14.0975 | 14.0520 | 13.6188
"When Harry and Alice went to the museum, Harry gave the letter to","When Amy and Alice went to the museum, Amy gave the letter to",Alice,Harry,Amy,BAB,0,the museum,letter,14862,5850,corrupted,16.275049,11.050237,5.224813,0.36997476,0.00199097,True,1,Alice,Alice | her | the | them | a,16.2750 | 15.2942 | 14.9131 | 13.8836 | 13.6854
"When Gina and Derek arrived at the market, Derek passed the book to","When Gina and Fred arrived at the market, Fred passed the book to",Gina,Derek,Fred,ABB,2,the market,book,43002,20893,corrupted,16.72246,5.443338,11.279122,0.47289938,5.97e-06,True,1,Gina,Gina | the | a | her | his,16.7225 | 14.8148 | 14.2349 | 14.1491 | 14.0593
"After Paul and David left the park, Paul sent the ticket to","After Frank and David left the park, Frank sent the ticket to",David,Paul,Frank,BAB,3,the park,ticket,3271,3362,corrupted,13.575109,10.67137,2.903739,0.05174019,0.00283629,True,3,the,the | his | David | Frank | a,14.5522 | 14.1882 | 13.5751 | 13.4934 | 13.1116
"As Kate and Iris walked through the school, Kate offered the ticket to","As Brian and Iris walked through the school, Brian offered the ticket to",Iris,Kate,Brian,BAB,6,the school,ticket,34230,16693,corrupted,15.347281,7.704962,7.642318,0.29075813,0.00013948,True,1,Iris,Iris | the | them | his | a,15.3473 | 14.6787 | 13.5083 | 13.1485 | 13.0462
"When Yara and Ella arrived at the library, Yara passed the phone to","When Tara and Ella arrived at the library, Tara passed the phone to",Ella,Yara,Tara,BAB,2,the library,phone,7122,575,corrupted,15.366416,8.834291,6.532125,0.25075617,0.00036508,True,1,Ell,Ell | her | the | a | an,15.3664 | 15.1029 | 14.2867 | 14.0815 | 12.7760
"After Olivia and Fred left the market, Fred sent the book to","After Olivia and Rose left the market, Rose sent the book to",Olivia,Fred,Rose,ABB,3,the market,book,33911,8559,corrupted,13.086099,9.554232,3.531867,0.04308851,0.00126035,True,3,her,her | the | Olivia | a | his,14.6203 | 13.8526 | 13.0861 | 13.0668 | 12.2604
"As Derek and Zach walked through the museum, Derek offered the jacket to","As Rose and Zach walked through the museum, Rose offered the jacket to",Zach,Derek,Rose,BAB,6,the museum,jacket,18825,20893,corrupted,17.306711,6.112338,11.194373,0.74348015,1.022e-05,True,1,Zach,Zach | the | her | a | them,17.3067 | 14.5050 | 13.6668 | 13.4369 | 12.7795
"Once Uma and Xander were at the cafe, Uma brought the key to","Once Fred and Xander were at the cafe, Fred brought the key to",Xander,Uma,Fred,BAB,4,the cafe,key,46122,471,corrupted,12.867183,8.130414,4.736769,0.01715704,0.00015041,True,5,the,the | his | their | a | Xander,16.2775 | 14.8579 | 13.4845 | 13.2440 | 12.8672
"After Quinn and Brian left the beach, Quinn sent the bag to","After Isla and Brian left the beach, Isla sent the bag to",Brian,Quinn,Isla,BAB,3,the beach,bag,8403,16109,corrupted,14.748426,7.202771,7.545656,0.23020186,0.00012164,True,1,Brian,Brian | the | his | her | Is,14.7484 | 14.0360 | 13.5456 | 13.1744 | 12.9762
"Once Clara and Ella were at the museum, Clara brought the wallet to","Once Liam and Ella were at the museum, Liam brought the wallet to",Ella,Clara,Liam,BAB,4,the museum,wallet,7122,27443,corrupted,15.543324,8.194815,7.348509,0.23231368,0.00014951,True,1,Ell,Ell | the | his | them | her,15.5433 | 14.8572 | 14.5754 | 14.2648 | 14.2611
"When Carol and Isla arrived at the museum, Carol passed the map to","When Gina and Isla arrived at the museum, Gina passed the map to",Isla,Carol,Gina,BAB,2,the museum,map,1148,5074,corrupted,16.576105,7.232575,9.34353,0.54811382,4.798e-05,True,1,Is,Is | her | the | them | a,16.5761 | 14.9769 | 14.5784 | 13.4407 | 12.8655
"While Carol and Uma were at the mall, Uma delivered the wallet to","While Carol and Ella were at the mall, Ella delivered the wallet to",Carol,Uma,Ella,ABB,5,the mall,wallet,5074,471,corrupted,15.794914,7.35584,8.439074,0.330145,7.139e-05,True,1,Carol,Carol | her | the | a | them,15.7949 | 14.4463 | 14.4045 | 13.3543 | 12.5563
"As Olivia and Uma walked through the theater, Olivia offered the key to","As Bob and Uma walked through the theater, Bob offered the key to",Uma,Olivia,Bob,BAB,6,the theater,key,471,33911,corrupted,11.848927,6.273427,5.575499,0.01031558,3.909e-05,True,9,the,the | their | his | unlocking | a,15.0214 | 14.0638 | 13.7685 | 13.4717 | 13.3238
"When Ella and Liam went to the beach, Ella gave the gift to","When Emma and Liam went to the beach, Emma gave the gift to",Liam,Ella,Emma,BAB,0,the beach,gift,31684,7122,corrupted,16.875458,7.476547,9.398911,0.53661996,4.444e-05,True,1,Liam,Liam | her | the | Emma | a,16.8755 | 15.0642 | 14.9569 | 14.2996 | 13.9226
"When Fred and Clara arrived at the office, Clara passed the wallet to","When Fred and Amy arrived at the office, Amy passed the wallet to",Fred,Clara,Amy,ABB,2,the office,wallet,8559,27443,corrupted,17.97398,7.264364,10.709616,0.73786676,1.648e-05,True,1,Fred,Fred | the | her | a | him,17.9740 | 14.8421 | 14.8245 | 14.1044 | 13.6938
"When Paul and Tara went to the museum, Paul gave the pen to","When Grace and Tara went to the museum, Grace gave the pen to",Tara,Paul,Grace,BAB,0,the museum,pen,37723,3362,corrupted,14.952242,8.880348,6.071894,0.21181372,0.00048861,True,1,Tara,Tara | her | the | a | one,14.9522 | 14.5369 | 14.4670 | 13.9876 | 12.7114
"When Amy and Clara visited the cafe, Amy handed the book to","When Kate and Clara visited the cafe, Kate handed the book to",Clara,Amy,Kate,BAB,1,the cafe,book,27443,14235,corrupted,16.170673,10.084976,6.085697,0.36402547,0.00082822,True,1,Clara,Clara | her | the | a | them,16.1707 | 15.5415 | 14.7454 | 13.9884 | 12.9041
"As Derek and Quinn walked through the market, Quinn offered the trophy to","As Derek and Alice walked through the market, Alice offered the trophy to",Derek,Quinn,Alice,ABB,6,the market,trophy,20893,16109,corrupted,15.625054,6.08393,9.541125,0.26547822,1.907e-05,True,1,Derek,Derek | her | the | Alice | them,15.6251 | 14.8691 | 14.7412 | 13.7937 | 13.2381
"Once Kate and Alice were at the park, Kate brought the note to","Once Rose and Alice were at the park, Rose brought the note to",Alice,Kate,Rose,BAB,4,the park,note,14862,16693,corrupted,17.549175,9.727621,7.821554,0.66546857,0.00026685,True,1,Alice,Alice | her | the | them | Rose,17.5492 | 15.8119 | 14.7390 | 13.3154 | 13.1779
"When Sam and Carol arrived at the mall, Carol passed the ticket to","When Sam and Frank arrived at the mall, Frank passed the ticket to",Sam,Carol,Frank,ABB,2,the mall,ticket,3409,5074,corrupted,14.953697,6.774143,8.179554,0.21502727,6.028e-05,True,1,Sam,Sam | the | a | them | his,14.9537 | 14.2639 | 14.0736 | 13.8714 | 13.4283
"When Noah and Isla went to the station, Noah gave the map to","When Brian and Isla went to the station, Brian gave the map to",Isla,Noah,Brian,BAB,0,the station,map,1148,18394,corrupted,15.507854,8.121516,7.386338,0.34069103,0.00021111,True,1,Is,Is | the | them | his | their,15.5079 | 14.5927 | 13.7626 | 13.4029 | 12.4353
"As Brian and Grace walked through the school, Grace offered the phone to","As Brian and Henry walked through the school, Henry offered the phone to",Brian,Grace,Henry,ABB,6,the school,phone,8403,16156,corrupted,16.048834,8.494972,7.553862,0.35412243,0.00018559,True,1,Brian,Brian | the | them | his | him,16.0488 | 14.3847 | 14.2169 | 13.6863 | 13.4626
"When Wendy and Fred visited the mall, Wendy handed the trophy to","When Mia and Fred visited the mall, Mia handed the trophy to",Fred,Wendy,Mia,BAB,1,the mall,trophy,8559,28314,corrupted,16.906994,10.573503,6.333491,0.55634505,0.00098797,True,1,Fred,Fred | her | the | Mia | a,16.9070 | 14.9386 | 14.8068 | 13.8381 | 13.6626
"When Yara and Jack went to the museum, Jack gave the note to","When Yara and Noah went to the museum, Noah gave the note to",Yara,Jack,Noah,ABB,0,the museum,note,575,3619,corrupted,15.597074,8.166182,7.430892,0.2333542,0.0001383,True,1,Y,Y | Noah | the | his | a,15.5971 | 15.4537 | 14.6559 | 14.4575 | 13.5925
"As Ella and Clara walked through the office, Clara offered the map to","As Ella and Quinn walked through the office, Quinn offered the map to",Ella,Clara,Quinn,ABB,6,the office,map,7122,27443,corrupted,15.342999,7.217795,8.125205,0.3246848,9.61e-05,True,1,Ell,Ell | the | her | Quinn | them,15.3430 | 14.1744 | 13.9062 | 13.0226 | 12.8003
"Once Liam and Derek were at the beach, Liam brought the gift to","Once Tara and Derek were at the beach, Tara brought the gift to",Derek,Liam,Tara,BAB,4,the beach,gift,20893,31684,corrupted,15.149826,8.110104,7.039722,0.14890368,0.00013049,True,2,her,her | Derek | the | them | him,15.8805 | 15.1498 | 14.7688 | 14.2613 | 13.3423
"When Xander and Isla went to the museum, Isla gave the key to","When Xander and Wendy went to the museum, Wendy gave the key to",Xander,Isla,Wendy,ABB,0,the museum,key,46122,1148,corrupted,15.533464,6.192597,9.340868,0.26931354,2.364e-05,True,2,the,the | Xander | her | their | a,15.7510 | 15.5335 | 14.0679 | 13.5109 | 13.5056
"Once Wendy and Uma were at the hospital, Uma brought the gift to","Once Wendy and Brian were at the hospital, Brian brought the gift to",Wendy,Uma,Brian,ABB,4,the hospital,gift,28314,471,corrupted,16.723806,8.524983,8.198823,0.31550658,8.676e-05,True,1,Wendy,Wendy | her | them | the | him,16.7238 | 15.9701 | 15.1981 | 15.1079 | 14.8744
"When Jack and Sam went to the beach, Sam gave the bag to","When Jack and Brian went to the beach, Brian gave the bag to",Jack,Sam,Brian,ABB,0,the beach,bag,3619,3409,corrupted,17.389103,12.430989,4.958114,0.60959387,0.00428311,True,1,Jack,Jack | the | them | his | a,17.3891 | 14.8548 | 14.7769 | 14.3786 | 13.8752
"While Bob and Emma were at the store, Bob delivered the map to","While Gina and Emma were at the store, Gina delivered the map to",Emma,Bob,Gina,BAB,5,the store,map,18966,5811,corrupted,16.015865,9.604472,6.411393,0.35618547,0.00058512,True,1,Emma,Emma | her | the | them | a,16.0159 | 15.2094 | 14.6515 | 13.4820 | 13.1142
"As Quinn and Noah walked through the school, Quinn offered the gift to","As Ella and Noah walked through the school, Ella offered the gift to",Noah,Quinn,Ella,BAB,6,the school,gift,18394,16109,corrupted,17.615713,5.84849,11.767223,0.78851008,6.11e-06,True,1,Noah,Noah | her | the | them | a,17.6157 | 14.8533 | 14.7824 | 13.0560 | 13.0375
"When Gina and Grace arrived at the park, Gina passed the wallet to","When Henry and Grace arrived at the park, Henry passed the wallet to",Grace,Gina,Henry,BAB,2,the park,wallet,16156,43002,corrupted,15.939372,8.355951,7.583421,0.4335587,0.0002206,True,1,Grace,Grace | the | his | a | her,15.9394 | 14.4338 | 14.2980 | 13.8933 | 13.6454
"While David and Grace were at the gym, Grace delivered the wallet to","While David and Zach were at the gym, Zach delivered the wallet to",David,Grace,Zach,ABB,5,the gym,wallet,3271,16156,corrupted,15.2085,8.404582,6.803918,0.225271,0.00024992,True,1,David,David | the | his | Zach | a,15.2085 | 14.4543 | 14.3682 | 13.9560 | 13.5212
"As Sam and Isla walked through the market, Sam offered the pen to","As Kate and Isla walked through the market, Kate offered the pen to",Isla,Sam,Kate,BAB,6,the market,pen,1148,3409,corrupted,16.030193,9.205988,6.824205,0.49888003,0.00054235,True,1,Is,Is | her | the | a | me,16.0302 | 14.1582 | 13.9770 | 12.9367 | 12.2240
"Once Clara and Tara were at the store, Tara brought the bag to","Once Clara and Rose were at the store, Rose brought the bag to",Clara,Tara,Rose,ABB,4,the store,bag,27443,37723,corrupted,14.774065,8.197005,6.57706,0.08868729,0.00012345,True,3,her,her | the | Clara | them | me,15.9703 | 15.5477 | 14.7741 | 13.6897 | 13.2353
"When Zach and Brian went to the museum, Zach gave the phone to","When Fred and Brian went to the museum, Fred gave the phone to",Brian,Zach,Fred,BAB,0,the museum,phone,8403,18825,corrupted,16.354,7.577815,8.776185,0.37372929,5.769e-05,True,1,Brian,Brian | the | his | a | their,16.3540 | 15.1359 | 14.8588 | 14.3164 | 13.7373
"When Mia and Quinn visited the school, Mia handed the wallet to","When Henry and Quinn visited the school, Henry handed the wallet to",Quinn,Mia,Henry,BAB,1,the school,wallet,16109,32189,corrupted,17.080193,8.214569,8.865623,0.68989599,9.739e-05,True,1,Quinn,Quinn | the | his | her | a,17.0802 | 14.9572 | 14.0571 | 13.4241 | 13.3798
"When Paul and Xander visited the market, Xander handed the map to","When Paul and Sam visited the market, Sam handed the map to",Paul,Xander,Sam,ABB,1,the market,map,3362,46122,corrupted,17.10055,5.869547,11.231003,0.71002817,9.41e-06,True,1,Paul,Paul | the | them | a | his,17.1005 | 14.5193 | 13.7734 | 13.0928 | 13.0651
"After Olivia and Wendy left the theater, Olivia sent the trophy to","After Tara and Wendy left the theater, Tara sent the trophy to",Wendy,Olivia,Tara,BAB,3,the theater,trophy,28314,33911,corrupted,15.669504,9.590522,6.078982,0.2916514,0.00066803,True,1,Wendy,Wendy | her | the | Tara | a,15.6695 | 15.3133 | 14.1827 | 13.2482 | 12.7393
"When Quinn and Rose visited the beach, Quinn handed the map to","When Iris and Rose visited the beach, Iris handed the map to",Rose,Quinn,Iris,BAB,1,the beach,map,8049,16109,corrupted,15.882895,6.801051,9.081843,0.33914247,3.856e-05,True,1,Rose,Rose | her | the | them | Iris,15.8829 | 15.3639 | 14.9829 | 14.0258 | 12.8955
"Once Gina and Iris were at the gym, Iris brought the letter to","Once Gina and Uma were at the gym, Uma brought the letter to",Gina,Iris,Uma,ABB,4,the gym,letter,43002,34230,corrupted,15.384079,6.468442,8.915637,0.25264069,3.392e-05,True,1,Gina,Gina | her | the | me | them,15.3841 | 15.0018 | 14.1855 | 13.5735 | 13.1994
"While Noah and Wendy were at the cafe, Noah delivered the card to","While Amy and Wendy were at the cafe, Amy delivered the card to",Wendy,Noah,Amy,BAB,5,the cafe,card,28314,18394,corrupted,16.646648,6.919795,9.726854,0.4438248,2.648e-05,True,1,Wendy,Wendy | her | the | a | Amy,16.6466 | 15.4627 | 15.0247 | 14.0795 | 13.9819
"While David and Derek were at the store, Derek delivered the note to","While David and Tara were at the store, Tara delivered the note to",David,Derek,Tara,ABB,5,the store,note,3271,20893,corrupted,15.257627,9.203716,6.053911,0.21882413,0.00051394,True,1,David,David | the | her | Tara | a,15.2576 | 14.6469 | 14.5716 | 13.3640 | 13.1992
"When Brian and Paul visited the library, Brian handed the wallet to","When Yara and Paul visited the library, Yara handed the wallet to",Paul,Brian,Yara,BAB,1,the library,wallet,3362,8403,corrupted,16.594019,8.716911,7.877108,0.58796442,0.00022303,True,1,Paul,Paul | the | her | them | a,16.5940 | 14.8310 | 14.3187 | 13.2823 | 13.1394
"While Alice and Carol were at the school, Alice delivered the letter to","While Iris and Carol were at the school, Iris delivered the letter to",Carol,Alice,Iris,BAB,5,the school,letter,5074,14862,corrupted,14.50125,9.24158,5.25967,0.17274426,0.00089776,True,1,Carol,Carol | the | her | a | Car,14.5013 | 14.2535 | 14.0844 | 12.3793 | 11.8130
"As Iris and Tara walked through the cafe, Iris offered the wallet to","As Yara and Tara walked through the cafe, Yara offered the wallet to",Tara,Iris,Yara,BAB,6,the cafe,wallet,37723,34230,corrupted,15.122437,7.105453,8.016984,0.26993009,8.903e-05,True,1,Tara,Tara | the | her | them | a,15.1224 | 14.8163 | 14.4083 | 13.0007 | 12.8894
"When Ella and Sam went to the cafe, Sam gave the gift to","When Ella and Isla went to the cafe, Isla gave the gift to",Ella,Sam,Isla,ABB,0,the cafe,gift,7122,3409,corrupted,15.366833,8.973195,6.393638,0.36421791,0.00060903,True,1,Ell,Ell | her | the | a | his,15.3668 | 14.2863 | 14.0883 | 13.0162 | 12.3470
"When Grace and Jack arrived at the beach, Jack passed the package to","When Grace and Rose arrived at the beach, Rose passed the package to",Grace,Jack,Rose,ABB,2,the beach,package,16156,3619,corrupted,16.111877,9.493665,6.618213,0.41387123,0.00055286,True,1,Grace,Grace | her | the | a | Rose,16.1119 | 15.0487 | 14.3028 | 13.4214 | 13.3100
"When Liam and Uma visited the school, Liam handed the pen to","When Wendy and Uma visited the school, Wendy handed the pen to",Uma,Liam,Wendy,BAB,1,the school,pen,471,31684,corrupted,15.97493,6.978256,8.996674,0.33882448,4.195e-05,True,1,U,U | her | the | a | them,15.9749 | 15.6564 | 14.7465 | 13.4186 | 13.3917
"When Xander and Victor visited the theater, Xander handed the pen to","When Sam and Victor visited the theater, Sam handed the pen to",Victor,Xander,Sam,BAB,1,the theater,pen,12622,46122,corrupted,17.876141,8.415597,9.460544,0.81100559,6.315e-05,True,1,Victor,Victor | the | his | a | him,17.8761 | 14.7102 | 14.2704 | 13.8426 | 13.1262
"When Ella and Rose went to the school, Rose gave the trophy to","When Ella and Carol went to the school, Carol gave the trophy to",Ella,Rose,Carol,ABB,0,the school,trophy,7122,8049,corrupted,14.489375,8.091516,6.39786,0.13055064,0.00021738,True,2,her,her | Ell | the | a | one,14.7913 | 14.4894 | 14.2385 | 13.8684 | 12.3321
"While Alice and Harry were at the station, Harry delivered the jacket to","While Alice and Isla were at the station, Isla delivered the jacket to",Alice,Harry,Isla,ABB,5,the station,jacket,14862,5850,corrupted,15.237514,9.462021,5.775493,0.28272346,0.0008772,True,1,Alice,Alice | her | the | a | Is,15.2375 | 14.1492 | 14.1073 | 12.6620 | 12.6191
"When Fred and Tara visited the school, Fred handed the pen to","When Grace and Tara visited the school, Grace handed the pen to",Tara,Fred,Grace,BAB,1,the school,pen,37723,8559,corrupted,15.243989,8.45863,6.785359,0.22839275,0.00025813,True,1,Tara,Tara | her | the | a | them,15.2440 | 15.0954 | 14.9196 | 13.6272 | 12.6488
"When Emma and Grace arrived at the gym, Emma passed the gift to","When Gina and Grace arrived at the gym, Gina passed the gift to",Grace,Emma,Gina,BAB,2,the gym,gift,16156,18966,corrupted,15.253092,8.863622,6.38947,0.15638345,0.00026259,True,2,her,her | Grace | the | a | their,16.1430 | 15.2531 | 14.6886 | 13.9798 | 13.6422
"After Uma and Ella left the gym, Uma sent the key to","After Liam and Ella left the gym, Liam sent the key to",Ella,Uma,Liam,BAB,3,the gym,key,7122,471,corrupted,13.919842,7.172979,6.746862,0.11427327,0.00013422,True,3,the,the | his | Ell | their | her,14.3195 | 14.1917 | 13.9198 | 12.8000 | 12.5308
"When Amy and Mia arrived at the school, Amy passed the key to","When Isla and Mia arrived at the school, Isla passed the key to",Mia,Amy,Isla,BAB,2,the school,key,32189,14235,corrupted,13.516044,7.545185,5.970859,0.0494342,0.00012616,True,4,the,the | her | their | Mia | a,15.8912 | 14.1263 | 13.9678 | 13.5160 | 13.3640
"When Quinn and Yara went to the school, Yara gave the package to","When Quinn and Xander went to the school, Xander gave the package to",Quinn,Yara,Xander,ABB,0,the school,package,16109,575,corrupted,15.125743,9.293274,5.832469,0.21465378,0.00062911,True,1,Quinn,Quinn | the | her | them | his,15.1257 | 14.4491 | 14.1235 | 14.0195 | 13.8228
"After Isla and Paul left the museum, Paul sent the key to","After Isla and Kate left the museum, Kate sent the key to",Isla,Paul,Kate,ABB,3,the museum,key,1148,3362,corrupted,14.62158,9.050267,5.571313,0.17271061,0.00065725,True,1,Is,Is | the | her | Kate | a,14.6216 | 14.6197 | 14.2091 | 13.2038 | 12.4778
"When Victor and Amy arrived at the library, Amy passed the wallet to","When Victor and Paul arrived at the library, Paul passed the wallet to",Victor,Amy,Paul,ABB,2,the library,wallet,12622,14235,corrupted,18.068996,7.477884,10.591112,0.81276244,2.043e-05,True,1,Victor,Victor | the | Paul | a | his,18.0690 | 14.6374 | 14.0866 | 14.0780 | 14.0654
"After Zach and Brian left the store, Zach sent the book to","After Ella and Brian left the store, Ella sent the book to",Brian,Zach,Ella,BAB,3,the store,book,8403,18825,corrupted,15.163113,8.313738,6.849375,0.21030663,0.00022295,True,1,Brian,Brian | her | the | a | Ell,15.1631 | 14.8331 | 14.0891 | 13.0832 | 12.9440
"When Noah and Wendy arrived at the market, Noah passed the key to","When Clara and Wendy arrived at the market, Clara passed the key to",Wendy,Noah,Clara,BAB,2,the market,key,28314,18394,corrupted,12.317208,4.511552,7.805656,0.01485602,6.05e-06,True,5,the,the | her | a | their | Wendy,15.9058 | 14.3817 | 13.8491 | 13.4775 | 12.3172
"When Liam and Henry visited the store, Henry handed the bag to","When Liam and Bob visited the store, Bob handed the bag to",Liam,Henry,Bob,ABB,1,the store,bag,31684,8616,corrupted,17.193602,8.611497,8.582105,0.57699543,0.00010815,True,1,Liam,Liam | them | the | a | him,17.1936 | 15.1523 | 15.0617 | 13.9635 | 13.5586
"When Zach and Gina went to the store, Gina gave the letter to","When Zach and Carol went to the store, Carol gave the letter to",Zach,Gina,Carol,ABB,0,the store,letter,18825,43002,corrupted,15.523956,7.161585,8.362371,0.35361627,8.257e-05,True,1,Zach,Zach | the | her | them | a,15.5240 | 14.2947 | 13.6338 | 13.3713 | 13.2437
"As David and Ella walked through the hospital, Ella offered the letter to","As David and Gina walked through the hospital, Gina offered the letter to",David,Ella,Gina,ABB,6,the hospital,letter,3271,7122,corrupted,14.136378,5.906085,8.230293,0.1030283,2.745e-05,True,3,the,the | her | David | a | Dr,14.4836 | 14.2003 | 14.1364 | 12.9815 | 12.4593
"While Uma and Brian were at the school, Brian delivered the note to","While Uma and Zach were at the school, Zach delivered the note to",Uma,Brian,Zach,ABB,5,the school,note,471,8403,corrupted,15.42801,8.099905,7.328105,0.21431176,0.00014076,True,1,U,U | his | the | Zach | her,15.4280 | 14.7822 | 14.6551 | 13.9929 | 13.9611
"After Zach and Carol left the cafe, Zach sent the key to","After Emma and Carol left the cafe, Emma sent the key to",Carol,Zach,Emma,BAB,3,the cafe,key,5074,18825,corrupted,14.628886,8.527054,6.101832,0.14510885,0.00032486,True,3,the,the | her | Carol | a | Emma,14.8584 | 14.6481 | 14.6289 | 12.9787 | 12.8580
"While David and Paul were at the gym, David delivered the phone to","While Zach and Paul were at the gym, Zach delivered the phone to",Paul,David,Zach,BAB,5,the gym,phone,3362,3271,corrupted,14.535999,10.099354,4.436646,0.17743737,0.00210007,True,1,Paul,Paul | his | the | a | Zach,14.5360 | 14.2113 | 14.0579 | 13.1895 | 11.9944
"When Isla and Ella arrived at the mall, Isla passed the pen to","When Fred and Ella arrived at the mall, Fred passed the pen to",Ella,Isla,Fred,BAB,2,the mall,pen,7122,1148,corrupted,15.735608,5.931946,9.803662,0.38333878,2.118e-05,True,1,Ell,Ell | his | the | a | her,15.7356 | 14.0558 | 13.9530 | 13.9400 | 13.7568
"After Gina and Yara left the school, Gina sent the ticket to","After Fred and Yara left the school, Fred sent the ticket to",Yara,Gina,Fred,BAB,3,the school,ticket,575,43002,corrupted,15.276053,6.749874,8.526179,0.28125164,5.575e-05,True,1,Y,Y | the | his | Fred | a,15.2761 | 14.0709 | 13.6842 | 13.4836 | 12.8128
"When Yara and Victor arrived at the museum, Yara passed the map to","When Clara and Victor arrived at the museum, Clara passed the map to",Victor,Yara,Clara,BAB,2,the museum,map,12622,575,corrupted,16.965164,8.923553,8.041612,0.67079431,0.00021585,True,1,Victor,Victor | her | the | them | a,16.9652 | 14.8575 | 14.5975 | 13.6097 | 13.1019
"When Jack and Fred arrived at the store, Jack passed the note to","When David and Fred arrived at the store, David passed the note to",Fred,Jack,David,BAB,2,the store,note,8559,3619,corrupted,16.391287,7.588995,8.802292,0.41570529,6.252e-05,True,1,Fred,Fred | his | the | a | them,16.3913 | 15.4759 | 14.7314 | 13.8662 | 13.8158
"When Paul and David visited the school, David handed the package to","When Paul and Harry visited the school, Harry handed the package to",Paul,David,Harry,ABB,1,the school,package,3362,3271,corrupted,15.959965,9.594646,6.365319,0.26895434,0.00046265,True,1,Paul,Paul | the | Harry | his | Ron,15.9600 | 15.2266 | 14.5723 | 14.3742 | 14.3343
"When Ella and Isla arrived at the museum, Ella passed the package to","When Jack and Isla arrived at the museum, Jack passed the package to",Isla,Ella,Jack,BAB,2,the museum,package,1148,7122,corrupted,17.179338,7.487855,9.691483,0.68511999,4.235e-05,True,1,Is,Is | his | the | a | their,17.1793 | 14.8175 | 14.4672 | 13.1658 | 12.5344
"As Liam and Carol walked through the beach, Liam offered the package to","As Uma and Carol walked through the beach, Uma offered the package to",Carol,Liam,Uma,BAB,6,the beach,package,5074,31684,corrupted,17.680267,6.49501,11.185257,0.7421003,1.03e-05,True,1,Carol,Carol | her | the | them | a,17.6803 | 15.5237 | 14.3013 | 13.1080 | 13.0787
"When Quinn and Alice went to the mall, Quinn gave the book to","When Noah and Alice went to the mall, Noah gave the book to",Alice,Quinn,Noah,BAB,0,the mall,book,14862,16109,corrupted,18.365685,6.41498,11.950704,0.85685319,5.53e-06,True,1,Alice,Alice | the | his | a | them,18.3657 | 14.9457 | 14.4718 | 13.7388 | 13.7058
"When Tara and Jack went to the hospital, Tara gave the map to","When Alice and Jack went to the hospital, Alice gave the map to",Jack,Tara,Alice,BAB,0,the hospital,map,3619,37723,corrupted,16.855421,6.137511,10.71791,0.49757057,1.102e-05,True,1,Jack,Jack | them | her | the | Alice,16.8554 | 15.1041 | 15.0954 | 14.8987 | 13.5401
"When Clara and Emma visited the restaurant, Emma handed the bag to","When Clara and Sam visited the restaurant, Sam handed the bag to",Clara,Emma,Sam,ABB,1,the restaurant,bag,27443,18966,corrupted,17.864536,10.87538,6.989157,0.73373026,0.00067637,True,1,Clara,Clara | the | her | Sam | a,17.8645 | 15.0680 | 14.8813 | 14.0293 | 13.7296
"Once Yara and Paul were at the library, Paul brought the package to","Once Yara and Fred were at the library, Fred brought the package to",Yara,Paul,Fred,ABB,4,the library,package,575,3362,corrupted,14.961674,9.218067,5.743607,0.1216164,0.00038956,True,3,the,the | her | Y | him | them,15.0581 | 15.0115 | 14.9617 | 14.4806 | 14.2706
"When Fred and Jack visited the museum, Jack handed the key to","When Fred and Emma visited the museum, Emma handed the key to",Fred,Jack,Emma,ABB,1,the museum,key,8559,3619,corrupted,14.831001,8.474998,6.356004,0.13434505,0.00023326,True,2,the,the | Fred | her | their | a,15.9571 | 14.8310 | 14.0731 | 13.6822 | 13.5858
"While Yara and Victor were at the library, Victor delivered the map to","While Yara and Zach were at the library, Zach delivered the map to",Yara,Victor,Zach,ABB,5,the library,map,575,12622,corrupted,15.123953,8.867228,6.256725,0.24257073,0.00046513,True,1,Y,Y | the | his | Zach | her,15.1240 | 14.1057 | 13.4227 | 13.3361 | 12.8542
"When Iris and Frank arrived at the station, Frank passed the note to","When Iris and Sam arrived at the station, Sam passed the note to",Iris,Frank,Sam,ABB,2,the station,note,34230,5278,corrupted,16.697264,8.274382,8.422882,0.62691426,0.00013778,True,1,Iris,Iris | her | the | Sam | his,16.6973 | 14.0637 | 13.9589 | 13.8421 | 13.1998
"As Brian and Noah walked through the station, Noah offered the jacket to","As Brian and Isla walked through the station, Isla offered the jacket to",Brian,Noah,Isla,ABB,6,the station,jacket,8403,18394,corrupted,16.777872,6.839742,9.93813,0.61745137,2.982e-05,True,1,Brian,Brian | the | her | me | them,16.7779 | 14.1983 | 13.2918 | 13.2738 | 13.0454
"Once Liam and Ella were at the hospital, Liam brought the ticket to","Once Xander and Ella were at the hospital, Xander brought the ticket to",Ella,Liam,Xander,BAB,4,the hospital,ticket,7122,31684,corrupted,14.193302,8.529985,5.663317,0.05411392,0.00018783,True,3,the,the | her | Ell | them | him,15.5282 | 14.4252 | 14.1933 | 14.1809 | 14.1337
"As Paul and Yara walked through the theater, Yara offered the note to","As Paul and Olivia walked through the theater, Olivia offered the note to",Paul,Yara,Olivia,ABB,6,the theater,note,3362,575,corrupted,17.666044,8.426516,9.239529,0.72274315,7.02e-05,True,1,Paul,Paul | the | her | a | them,17.6660 | 14.9601 | 14.7379 | 13.1986 | 13.1428
"Once Victor and Rose were at the office, Rose brought the gift to","Once Victor and Alice were at the office, Alice brought the gift to",Victor,Rose,Alice,ABB,4,the office,gift,12622,8049,corrupted,16.39329,11.075418,5.317871,0.3228246,0.00158287,True,1,Victor,Victor | her | the | them | him,16.3933 | 15.8141 | 15.0134 | 13.9920 | 13.9466
"While Brian and Derek were at the school, Brian delivered the card to","While Harry and Derek were at the school, Harry delivered the card to",Derek,Brian,Harry,BAB,5,the school,card,20893,8403,corrupted,13.849813,9.316489,4.533324,0.06209524,0.00066721,True,3,the,the | his | Derek | Harry | a,14.8407 | 14.7210 | 13.8498 | 13.6731 | 13.5792
"Once Noah and Zach were at the restaurant, Noah brought the card to","Once Carol and Zach were at the restaurant, Carol brought the card to",Zach,Noah,Carol,BAB,4,the restaurant,card,18825,18394,corrupted,15.580279,9.593727,5.986552,0.21740305,0.00054618,True,1,Zach,Zach | her | the | them | Carol,15.5803 | 15.1550 | 14.7939 | 14.0554 | 13.6551
"When Emma and Clara went to the school, Clara gave the card to","When Emma and Grace went to the school, Grace gave the card to",Emma,Clara,Grace,ABB,0,the school,card,18966,27443,corrupted,16.480425,8.19293,8.287495,0.48385277,0.00012176,True,1,Emma,Emma | her | the | a | them,16.4804 | 14.9822 | 14.5932 | 13.7011 | 13.1036
"When Jack and Brian went to the restaurant, Brian gave the bag to","When Jack and Iris went to the restaurant, Iris gave the bag to",Jack,Brian,Iris,ABB,0,the restaurant,bag,3619,8403,corrupted,17.763107,9.01183,8.751277,0.79405993,0.00012567,True,1,Jack,Jack | the | them | her | him,17.7631 | 14.4853 | 14.4774 | 13.7074 | 13.2940
"When Iris and Grace visited the gym, Iris handed the card to","When Fred and Grace visited the gym, Fred handed the card to",Grace,Iris,Fred,BAB,1,the gym,card,16156,34230,corrupted,15.484599,7.152716,8.331883,0.21499869,5.175e-05,True,1,Grace,Grace | the | his | her | a,15.4846 | 15.1244 | 14.7427 | 14.0814 | 14.0577
"After Liam and Isla left the restaurant, Liam sent the letter to","After Kate and Isla left the restaurant, Kate sent the letter to",Isla,Liam,Kate,BAB,3,the restaurant,letter,1148,31684,corrupted,13.514754,7.957999,5.556756,0.0640623,0.00024736,True,3,her,her | the | Is | Kate | their,14.7880 | 14.2509 | 13.5148 | 12.2108 | 12.0789
"When Gina and Brian visited the station, Brian handed the map to","When Gina and Clara visited the station, Clara handed the map to",Gina,Brian,Clara,ABB,1,the station,map,43002,8403,corrupted,15.080356,9.388123,5.692233,0.17286213,0.0005829,True,1,Gina,Gina | the | her | Clara | them,15.0804 | 14.8581 | 14.6355 | 14.2258 | 13.6002
"As Derek and Uma walked through the mall, Uma offered the note to","As Derek and Victor walked through the mall, Victor offered the note to",Derek,Uma,Victor,ABB,6,the mall,note,20893,471,corrupted,14.999928,7.512964,7.486963,0.18104583,0.00010145,True,1,Derek,Derek | the | his | Victor | them,14.9999 | 14.4244 | 14.1329 | 14.1171 | 13.4526
"While Clara and Brian were at the market, Brian delivered the bag to","While Clara and Kate were at the market, Kate delivered the bag to",Clara,Brian,Kate,ABB,5,the market,bag,27443,8403,corrupted,15.465821,9.313149,6.152672,0.25108972,0.00053427,True,1,Clara,Clara | her | the | a | Kate,15.4658 | 14.9799 | 14.2733 | 13.3795 | 12.9883
"While Liam and Iris were at the beach, Liam delivered the note to","While Alice and Iris were at the beach, Alice delivered the note to",Iris,Liam,Alice,BAB,5,the beach,note,34230,31684,corrupted,16.207836,6.410816,9.79702,0.42163175,2.345e-05,True,1,Iris,Iris | her | the | a | Alice,16.2078 | 15.4093 | 14.4665 | 12.6300 | 12.2085
"Once Noah and Paul were at the market, Paul brought the card to","Once Noah and Frank were at the market, Frank brought the card to",Noah,Paul,Frank,ABB,4,the market,card,18394,3362,corrupted,15.539324,9.636327,5.902997,0.31736928,0.00086681,True,1,Noah,Noah | the | his | them | him,15.5393 | 14.7674 | 13.5003 | 13.0841 | 13.0002
"Once Clara and Carol were at the museum, Carol brought the key to","Once Clara and Wendy were at the museum, Wendy brought the key to",Clara,Carol,Wendy,ABB,4,the museum,key,27443,5074,corrupted,12.894482,6.552816,6.341666,0.01740688,3.066e-05,True,5,the,the | her | a | their | Clara,16.2605 | 15.1199 | 13.4099 | 13.3361 | 12.8945
"As Jack and Emma walked through the theater, Emma offered the gift to","As Jack and Sam walked through the theater, Sam offered the gift to",Jack,Emma,Sam,ABB,6,the theater,gift,3619,18966,corrupted,17.630924,8.92231,8.708614,0.70618564,0.00011663,True,1,Jack,Jack | his | the | Sam | a,17.6309 | 14.6342 | 14.5905 | 14.5413 | 13.8658
"As Iris and Olivia walked through the museum, Iris offered the bag to","As Mia and Olivia walked through the museum, Mia offered the bag to",Olivia,Iris,Mia,BAB,6,the museum,bag,33911,34230,corrupted,15.749335,9.722812,6.026524,0.27412921,0.00066171,True,1,Olivia,Olivia | her | the | Mia | a,15.7493 | 15.4300 | 14.6605 | 14.0738 | 13.3614
"When Tara and Sam went to the market, Sam gave the jacket to","When Tara and Clara went to the market, Clara gave the jacket to",Tara,Sam,Clara,ABB,0,the market,jacket,37723,3409,corrupted,16.176933,11.000277,5.176657,0.45150208,0.00254957,True,1,Tara,Tara | her | the | a | them,16.1769 | 14.6215 | 14.4745 | 13.1415 | 13.0661
"When Frank and Rose arrived at the park, Frank passed the bag to","When Xander and Rose arrived at the park, Xander passed the bag to",Rose,Frank,Xander,BAB,2,the park,bag,8049,5278,corrupted,16.643915,9.013218,7.630697,0.45232418,0.00021952,True,1,Rose,Rose | the | his | her | a,16.6439 | 15.1991 | 15.1019 | 14.0264 | 13.8581
"When Alice and Olivia arrived at the cafe, Alice passed the phone to","When Victor and Olivia arrived at the cafe, Victor passed the phone to",Olivia,Alice,Victor,BAB,2,the cafe,phone,33911,14862,corrupted,16.439672,8.968197,7.471476,0.57960039,0.00032984,True,1,Olivia,Olivia | his | the | her | a,16.4397 | 14.4863 | 14.0888 | 14.0752 | 13.4013
"As Jack and Quinn walked through the museum, Jack offered the gift to","As Brian and Quinn walked through the museum, Brian offered the gift to",Quinn,Jack,Brian,BAB,6,the museum,gift,16109,3619,corrupted,16.723417,8.12866,8.594757,0.65015483,0.00012033,True,1,Quinn,Quinn | his | the | a | her,16.7234 | 14.2368 | 14.1957 | 13.6420 | 13.3183
"As Clara and Mia walked through the museum, Clara offered the jacket to","As Noah and Mia walked through the museum, Noah offered the jacket to",Mia,Clara,Noah,BAB,6,the museum,jacket,32189,27443,corrupted,16.709684,5.932691,10.776994,0.66547495,1.389e-05,True,1,Mia,Mia | the | his | a | her,16.7097 | 14.5137 | 14.0027 | 13.2719 | 13.2189
"Once Uma and Liam were at the store, Uma brought the map to","Once Clara and Liam were at the store, Clara brought the map to",Liam,Uma,Clara,BAB,4,the store,map,31684,471,corrupted,14.31568,7.9351,6.38058,0.06200137,0.00010504,True,4,her,her | the | them | Liam | him,15.5677 | 15.0985 | 14.8995 | 14.3157 | 13.7723
"When Wendy and Xander visited the office, Xander handed the card to","When Wendy and Brian visited the office, Brian handed the card to",Wendy,Xander,Brian,ABB,1,the office,card,28314,46122,corrupted,18.229403,8.340146,9.889256,0.78077739,3.96e-05,True,1,Wendy,Wendy | her | the | a | them,18.2294 | 15.1135 | 14.9145 | 14.0432 | 13.9693
"Once Rose and Iris were at the station, Iris brought the pen to","Once Rose and Grace were at the station, Grace brought the pen to",Rose,Iris,Grace,ABB,4,the station,pen,8049,34230,corrupted,14.833976,7.542762,7.291214,0.12288588,8.375e-05,True,3,her,her | the | Rose | their | a,15.6673 | 15.3047 | 14.8340 | 13.0477 | 12.8496
"When Sam and Isla arrived at the school, Sam passed the trophy to","When Jack and Isla arrived at the school, Jack passed the trophy to",Isla,Sam,Jack,BAB,2,the school,trophy,1148,3409,corrupted,16.412182,10.011274,6.400908,0.52049178,0.00086404,True,1,Is,Is | his | the | a | her,16.4122 | 14.8688 | 14.5072 | 12.9896 | 12.5285
"As David and Amy walked through the school, David offered the letter to","As Rose and Amy walked through the school, Rose offered the letter to",Amy,David,Rose,BAB,6,the school,letter,14235,3271,corrupted,17.302343,8.693579,8.608765,0.70218122,0.00012815,True,1,Amy,Amy | the | her | Rose | a,17.3023 | 14.8728 | 14.7730 | 13.0372 | 13.0133
"While Fred and Kate were at the beach, Fred delivered the bag to","While Frank and Kate were at the beach, Frank delivered the bag to",Kate,Fred,Frank,BAB,5,the beach,bag,16693,8559,corrupted,16.071133,9.386252,6.68488,0.37378141,0.0004671,True,1,Kate,Kate | the | his | her | a,16.0711 | 14.6613 | 14.5412 | 13.7476 | 13.7278
"When Sam and Frank visited the park, Sam handed the book to","When Ella and Frank visited the park, Ella handed the book to",Frank,Sam,Ella,BAB,1,the park,book,5278,3409,corrupted,16.686674,8.711229,7.975445,0.51365614,0.0001766,True,1,Frank,Frank | her | the | a | his,16.6867 | 15.1178 | 15.0181 | 13.5183 | 13.1350
"As David and Frank walked through the restaurant, Frank offered the book to","As David and Brian walked through the restaurant, Brian offered the book to",David,Frank,Brian,ABB,6,the restaurant,book,3271,5278,corrupted,15.614347,9.85468,5.759667,0.19197284,0.00060513,True,1,David,David | the | Brian | his | a,15.6143 | 14.8415 | 14.7271 | 14.6187 | 14.4153
"When Olivia and Paul arrived at the library, Olivia passed the gift to","When Wendy and Paul arrived at the library, Wendy passed the gift to",Paul,Olivia,Wendy,BAB,2,the library,gift,3362,33911,corrupted,15.341475,8.236873,7.104602,0.1789137,0.00014694,True,2,her,her | Paul | the | a | them,15.8663 | 15.3415 | 14.9381 | 14.2935 | 13.8471
"While Grace and Frank were at the restaurant, Frank delivered the key to","While Grace and Uma were at the restaurant, Uma delivered the key to",Grace,Frank,Uma,ABB,5,the restaurant,key,16156,5278,corrupted,12.986628,8.719788,4.26684,0.04229782,0.00059327,True,4,the,the | her | U | Grace | a,14.9530 | 13.9465 | 13.7681 | 12.9866 | 12.7264
"When Grace and Gina visited the school, Gina handed the ticket to","When Grace and Noah visited the school, Noah handed the ticket to",Grace,Gina,Noah,ABB,1,the school,ticket,16156,43002,corrupted,16.860083,9.305482,7.554601,0.53248173,0.00027886,True,1,Grace,Grace | the | Noah | them | a,16.8601 | 14.9548 | 14.5905 | 13.9615 | 13.7819
"When David and Ella arrived at the museum, David passed the letter to","When Frank and Ella arrived at the museum, Frank passed the letter to",Ella,David,Frank,BAB,2,the museum,letter,7122,3271,corrupted,14.81741,9.577413,5.239997,0.20933574,0.00110954,True,1,Ell,Ell | the | his | her | them,14.8174 | 14.1818 | 13.8535 | 13.6480 | 13.5474
"After Gina and Uma left the beach, Gina sent the trophy to","After Yara and Uma left the beach, Yara sent the trophy to",Uma,Gina,Yara,BAB,3,the beach,trophy,471,43002,corrupted,14.865309,5.188902,9.676406,0.21080865,1.323e-05,True,1,U,U | her | the | Y | his,14.8653 | 14.4203 | 13.6568 | 13.0967 | 12.9378
"When Mia and Xander went to the museum, Xander gave the card to","When Mia and Sam went to the museum, Sam gave the card to",Mia,Xander,Sam,ABB,0,the museum,card,32189,46122,corrupted,16.874182,7.585742,9.28844,0.61216205,5.662e-05,True,1,Mia,Mia | the | her | a | Sam,16.8742 | 14.3907 | 14.2156 | 13.8261 | 13.7748
